Any info found? No. of species in genus? See shorth& in notation guide,Genus,Species,Tested for alkaloids?,Ref.,Alkaloid Notes,"Main Alkaloid class(es) (MIA, Steroidal; pyridine; pyrrolizidine; bisindole; quinoline; beta-carboline?; spermidine; isoquinoline; quinolizidine;",Alkaloid class,Alkaloid class notes,History of medicinal use for malaria?,(Plant Part +) Mal Ref,History of medicinal use for fever (i.e. not malaria)?,(Plant Part +)  Fever Ref,Tested for antimalarial activity?,Activity Category,Authors categorisation,Compared to Positive Control?,Active? against plasmodium falciparum unless specified otherwise. ,Ref.,General notes,MPNS Sources?,Details
spp. listed (1/5),Acokanthera,schimperi (A. DC.) Schweinf.,,,,,,,Yes,[68],,,Yes,,Active,No,"34.8%, 600 mg/kg, 4 days, mice (MeOH L, P. berghei, ANKA)",67,in vivo,,
spp. listed (2/6),Adenium ,multiflorum Klotzsch,Yes,69,"Detected (Wagner's reagent), A",,,,,,,,,,,,,,,,
,Adenium ,obesum (Forssk.) Roem. & Schult.,,,,,,,,,,,Yes,Inactive,Inactive,Yes,"IC50 > 12.5 μg/mL (MeOH A, K1)",91,Quoted as inactive,,
spp. listed (1/9),Aganosma,heynei (Spreng.) I. M. Turner,Yes,292,"Detected (phytochemical screening), R",,,,,,Yes,[79],,,,,,,,,
spp. listed (3/26),Alafia,barteri Oliv.,Yes,71,"Detected (Dragendorff's reagent), R & L",,,,Yes,"L, R [71]",,,Yes,Active,Active,Yes,"IC50 = 1.5 ± 0.7 μg/mL (aq L, CQS)",71,,,
,Alafia,caudata Stapf,Yes,72,"Isolated, R",Pyrrolizidine,Pyrrolizidine,,,,,,,,,,,,,,
,Alafia,multiflora (Stapf) Stapf,Yes,72,"Isolated, U",Pyrrolizidine,Pyrrolizidine,,,,,,,,,,,,,,
spp. listed (2/15),Allamanda,cathartica L.,Yes,48/280,"Detected (various reagents), F & L & R & St",,,,Yes,[79],,,Yes,Active,Active,Yes,Ethanol Leaf extract shows similar concentration dependent in vivo antioxidant effects to tocopherol.,49,,,
,Allamanda,schottii Pohl,Yes,50,"Detected (Dragendorff's & Mayer's), Fl",,,,,,,,,,,,,,,,
NRIF (10 spp.),Allomarkgrafia,,,,,,,,,,,,,,,,,,,,
NRIF (1 sp.),Allowoodsonia,,,,,,,,,,,,,,,,,,,,
spp. listed (14/44),Alstonia ,angustifolia Wall. ex A. DC.,Yes,109,"Isolated, U",Bisindole; MIA,Bisindole; indole,,,,,,Yes,Active,Active,Yes,"ED50 = 2.92 μM (Villastonine, U) [IC50 = 1.92 μg/mL (MW:658.85)]",109,More compounds tested,,
,Alstonia ,angustiloba Miq.,Yes,90,"Detected (Dragendorff's precipitation assay), L",,,,,,,,Yes,Active,Active,Yes,"EC50 = 0.46 & > 10 μg/mL (DCM:MeOH L, K1 & 3D7) ",90,,,
,Alstonia ,boonei De Wild.,Yes,128,"Isolated, SB",MIA,Indole,,Yes,"SB, R, L [128]",,,Yes,Inactive,Active [110],Yes [110],"MIC = 0.2 mg/ml (EtOH SB, U) [110] IC50 > 50 μg/mL (EtOH SB, FcB1) [146] ",110/146,,,
,Alstonia ,congensis Engl.,Yes,111,"Isolated, SB",MIA,Indole,,,,,,Yes,Active,Active,Yes,"IC50 = 2.15 μg/mL (alkaloidal L, K1)",111,,,
,Alstonia ,longifolia (A. DC.) Pichon,Yes,38,"Detected (Paper chromatography), R",,,,,,,,,,,,,,,,
,Alstonia ,macrophylla Wall. ex G. Don,Yes,108,"Isolated, RB",bisindole; MIA,Bisindole,,,,,,Yes,Active,,,"IC50 = 5.7 μg/mL (MeOH RB, K1)",112,Compounds tested [258],,
,Alstonia ,mairei H. Lév.,Yes,247,"Isolated, L & T",,Indole,,,,,,,,,,,,,,
,Alstonia ,pneumatophora Backer ex Den berger,Yes,247,"Detected (2D NMR & MS), L",,,,,,,,,,,,,,,,
,Alstonia ,rostrata C. E. C. Fisch.,Yes,201,"Isolated, SB",,Indole,,,,,,,,,,,,,,
,Alstonia ,rupestris Kerr,Yes,108,"Isolated, A",,Indole,,,,,,,,,,,,,,
,Alstonia ,scholaris (L.) R. Br.,Yes,88,"Detected (GC-MS), SB",,,,Yes,[79],,,Yes,Weak,Weak,Yes,"IC50 = 15.46 μg/mL (EtOH RB, 3D7)",88,,,
,Alstonia ,spectabilis R. Br.,,,,,,,Yes,SB [88],,,Yes,Active,Active,Yes,"IC50 = 1.23 μg/mL (EtOH RB, 3D7).",88,,,
,Alstonia ,venenata R. Br.,Yes,79,"Unclear (Go with Detected?), R",,,,,,,,,,,,,,,,
,Alstonia ,yunnanensis Diels,Yes,247,"Isolated, U",,Indole,,,,,,,,,,,,,,
spp. listed (1/106),Alyxia,stellata (J. R. Forst. & G. Forst.) Roem. & Schult.,Yes,280,"Detected (various reagents), Br & F & L & S",,,,,,,,Yes,Weak,Weak,Yes,"IC50 = 20 & >20 μg/mL (MeOH Wp, HB3 & FCB1)",73,,,
NRIF (1 sp.),Amalocalyx,,,,,,,,,,,,,,,,,,,,
spp. listed (1/3),Ambelania,acida Aubl.,Yes,65,"Detected (Dragendorff's), S",,,,,,,,,,,,,,,,
NRIF (3 spp.),Ampelamus,,,,,,,,,,,,,,,,,,,,
All spp. listed (1/1),Amphineurion,marginatum (Roxb.) D. J. Middleton,Yes,72,"Isolated, R",Pyrrolizidine,Pyrrolizidine,,Yes,"SB, S [70]",Yes,[79],Yes,Weak,Inactive,Yes,"IC50 = 45.2 & 50 μg/mL (DCM B, W2 & THP1)",70,,,
spp. listed (3/16),Amsonia,elliptica (Thunb.) Roem. & Schult.,Yes,76,"Isolated, R",MIA,Indole,,,,,,,,,,,,,,
,Amsonia,tabernaemontana Walter,Yes,74,"Isolated, R",Bisindole,Bisindole,,,,,,,,,,,,,,
,Amsonia,tomentosa var. tomentosa,Yes,75,"Isolated, Wp",MIA,Indole; Piperidine,,,,,,,,,,,,,,
NRIF (8 spp.),Ancylobothrys,,,,,,,,,,,,,,,,,,,,
NRIF (1 sp.),Anechites,,,,,,,,,,,,,,,,,,,,
NRIF (3 spp.),Anemotrochus,,,,,,,,,,,,,,,,,,,,
NRIF (2 spp.),Angadenia,,,,,,,,,,,,,,,,,,,,
spp. listed (1/2),Anisopus,mannii N. E. Br.,Yes,77,"Isolated, B",quinoline,quinoline,,,,,,,,,,,,,,
NRIF (3 spp.),Anisotoma,,,,,,,,,,,,,,,,,,,,
spp. listed (1/17),Anodendron,affine (Hook. & Arn.) Druve,Yes,78,"Isolated, L & S",pyrrolizidine,pyrrolizidine,,,,,,,,,,,,,,
NRIF (4 spp.),Apocynum,,,,,,,,,,,,,,,,,,,,
spp. listed (2/7),Apteranthes,europaea (Guss.) Murb.,Yes,96,"Detected (unclear), A",,,,,,,,,,,,,,,,
,Apteranthes,tuberculata (N. E. Br.) Meve & Liede,,,,,,,,,,,Yes,Active,Weak,Yes,"IC50 = 7.94 μg/mL (MeOH ext. pet. ether frac. A, K1)",91,,,
NRIF (13 spp.),Araujia,,,,,,,,,,,,,,,,,,,,
NRIF (5 spp.),Artia,,,,,,,,,,,,,,,,,,,,
spp. listed (1/206),Asclepias,curassavica L.,Yes,51,"Detected (GC-MS), Wp",,"CCD: N-containing cardenolides, and pyridine",,Yes,[52],,,,,,,,,,,
NRIF (4 spp.),Asketanthera,,,,,,,,,,,,,,,,,,,,
NRIF (37 spp.),Aspidoglossum,,,,,,,,,,,,,,,,,,,,
NRIF (5 spp.),Aspidonepsis,,,,,,,,,,,,,,,,,,,,
spp. listed (32/78),Aspidosperma,album (Vahl) Benoist ex Pichon,Yes,2,"Isolated, SB",MIA,indole,,,,Yes,[309],,,,,,,,,
More info may be found from source 16,Aspidosperma,auriculatum Markgr.,Yes,5,"Unclear (isolated or detected?), U",,,,Yes,[310],,,,,,,,,,,
,Aspidosperma,carapanauba Pichon,Yes,16,"Isolated, U",MIA,indole; indolizidine,,,,,,,,,,,,,,
,Aspidosperma,cuspa (Kunth) S. F. Blake ex Pittier,Yes,7,"Isolated, B",MIA,indole,,,,Yes,[309],,,,,,,,,
,Aspidosperma,cylindrocarpon Müll. Arg.,Yes,8,"Isolated, B",,indole; indolizidine,,,,,,Yes,Weak,Weak,Yes,"IC50 = 44 & 39 μg/ml (EtOH TrW, W2 & 3D7)",295,,,
,Aspidosperma,desmanthum Benth. Ex Müll. Arg.,Yes,11,"Isolated, L & SB & RB",,Indole; indolizidine,,,,Yes, L [311],Yes,Active,Active,Yes,"IC50 = 0.007 μg/ml (aspidocarpine, K1)",300,Compound tested,,
,Aspidosperma,discolor A. DC.,Yes,4,"Isolated, SB",MIA,indole; indolizidine; quinolizidine; ,,Yes,B [315],,,,,,,,,,,
,Aspidosperma,excelsum Benth. ex Müll. Arg.,Yes,3,"Isolated, B",,indole; quinolizidine,,Yes,"B [19] U [23, 309,312] B & L [311]",Yes,[309],Yes,Active,Active [298],Yes [298],"IC50 = 42 μg/ml (EtOH TrB, 3D7) [23], IC50 = 3.60 & 3.34 & 2.32 μg/mL (EtOH & neutral frac. & alkaloid frac. B, W2) [298]",23/298,Source 309 cited A. excelsium as used for fever and A. nitidum (syn) as used for malaria,,
,Aspidosperma,illustre (Vell.) Kuhim. & Piraja,Yes,40,"Isolated, SB",,indole; quinolizidine,,,,,,,,,,,,,,
,Aspidosperma,macrocarpon Mart.,Yes,12,"Isolated, L",,indole; indolizidine,,,,,,Yes,Active,Active,Yes,"IC50 = 4.9 μg/ml (EtOH RB, FcB1)",66,,,
,Aspidosperma,megalocarpon Müll. Arg.,Yes,13,"Isolated, RB",,indole; indolizidine,,Yes,B [315],Yes,[294],Yes,Active,Active,Yes,"IC50 = 8 & 25 μg/mL (MeOH TrB, D2 & F32)",294,Compounds also tested,,
,Aspidosperma,megaphyllum Woodson,,,,,,,Yes,[41],,,,,,,,,,,
,Aspidosperma,nigricans Handro,Yes,5,"Isolated, TrB",,indole; isoquinoline,,,,,,Yes,Active,Active [47],Yes [47],"IC50 =  1.2 μM (olivacine, K1 strain). [IC50 = 0.3 μg/mL]",46/47,"Compound tested (sp. contains olivacine [46], which is antimalarial [47]) ",,
,Aspidosperma,oblongum A. DC.,Yes,5/16,"Isolated, U [5], Isolated, Se [16]",,indole; quinolizidine,,,,,,Yes,Active,Active,Yes,"IC50 = 4.7425 & 0.8474 μg/ml (EtOH L+TrW+TrB, W2 & D6)",296,,,
,Aspidosperma,obscurinervium Azambuja,Yes,9,"Isolated, B",,indole; quinolizidine,,,,,,,,,,,,,,
,Aspidosperma,olivaceum Müll. Arg.,Yes,5,"Isolated, TrB",MIA; indole,indole; isoquinoline;,unusual azabicyclononane structure,,,,,Yes,Active,Active,Yes,"IC50 = 5.0 - 7 & 5.0 - 25.5 μg/ml (DCM+EtOH L+TrW+TrB, W2 & 3D7)",295,,,
,Aspidosperma,pachypterum Müll. Arg.,Yes,65,"Detected (Dragendorff's), A",,,,,,,,,,,,,,,,
,Aspidosperma,parvifolium A. DC.,Yes,14,"Isolated, TrB",,indole,,Yes,B [313],Yes,"U [309, 311] B [313]",Yes,Active,Active [300],Yes [300],"IC50 = 32.8 & 20.5 μg/ml (EtOH TrB, W2 & 3D7) [1], IC50 = 0.018 μg/mL (ellipticine, K1) [300] ",1/300,"Compound also tested (uleine), see source notes. Ellipticine is compound tested [300]",,
,Aspidosperma,polyneuron Müll Arg.,Yes,16,"Isolated, U",,indole; quinolizidine,,Yes,[313],Yes,[313],Yes,Active,Active,,"   (Total alkaloids TrB, P. cathemerium)",1,"No activity given, but quoted as active",,
,Aspidosperma,pyrifolium Mart.,Yes,5,"Isolated, U",MIA,indole; indolizidine,,,,,,Yes,Active,,,"IC50 = 3.2-28.5 μM (8 alkaloids, FcM29) [IC50 = 1.0 μg/mL]",297/306,Compounds tested. Specific activity values for each compound given in source 306. In (1) they reference (309) to say that it's used for malaria/fever but (309) doesn't specifically mention that it's used for that,,
,Aspidosperma,quebracho-blanco Schltdl,Yes,10,"Isolated, B",,indole; indolizidine; quinolizidine ,unusual azabicyclononane structure,Yes,U [314] B [315],Yes,U [314] B [315],Yes,Active,Active,Yes,"IC50 = 3.9 & 1.22 μg/ml (EtOH:H2O 7:3 TrB, F32 & FBIT) ",33,Leaf extract inactive,,
,Aspidosperma,ramiflorum Müll. Arg.,Yes,15,"Detected (Dragendorff's), SB",,,,,,,,Yes,Active,Active,Yes,"IC50 = 19.7 - 36.5 & 1.0 - 48.0 μg/ml (DCM+EtOH L+TrW+TrB, W2 & 3D7)",295,In (1) they reference (309) to say that it's used for malaria/fever but (315) doesn't specifically mention that it's used for that,,
,Aspidosperma,rigidum Rusby,Yes,17,"Isolated, L & B & R",,indole; indolizidine,,Yes,B [19] U [23],Yes,B [317],Yes,Active,Active,Yes,"IC50 < 10 μg/ml (EtOH TrB, 3D7)",23,,,
,Aspidosperma,sandwithianum Markgr.,Yes,39,"Isolated, SB",,indole,unusual azabicyclononane structure,,,,,,,,,,,,,
,Aspidosperma,schultesii Woodson,Yes,17,"Isolated, B",,indole; indolizidine,,Yes,B [41],Yes,B [311],,,,,,,,,
,Aspidosperma,spruceanum Benth. Ex Müll. Arg.,Yes,5,"Isolated, TrB",,,,,,,,Yes,Active,Active,Yes,"IC50 =< 6.0 - 65.0 & <6.0 - >100 μg/ml (DCM+EtOH L+TrW+TrB, W2 & 3D7)",295,,,
,Aspidosperma,subincanum Mart,Yes,5,"Isolated, TrB & cork",,indole; isoquinoline; ,,Yes,B [204],,,Yes,Weak,,Yes,"IC50 = 25.28  ± 1.52 μg/mL (EtOH B, W2)",41,Compounds also tested,,
,Aspidosperma,tomentosum Mart,Yes,5/6,"Isolated, TrB [5] Isolated, B [6]",,indole,,Yes,[66],,,Yes,Active,Active,Yes,"IC50 = 6.7 μg/ml (DCM R, FcB1)",25,,,
,Aspidosperma,ulei Markg.,Yes,16/299,"Isolated, RW [16], Isolated, RW & SB & RB [299]",,indolizine; indole,,,,,,Yes,Active,Weak,Yes,"IC50 = 4.5 to > 50 μg/ml (5 alkaloids L+TrW+RW+RB, K1)",299,Compounds tested,,
,Aspidosperma ,eburneum allemão ex Saldanha,Yes,5,"Isolated, B",MIA; indole,indole; isoquinoline,,,,,,,,,,,,,,
,Aspidosperma ,multiflorum A. DC.,Yes,5,"Isolated, U",,indole; indolizidine,,,,,,,,,,,,,,
,Aspidosperma ,pichonianum Woodson,,,,,,,,,,,,,,,,,,,
NRIF (2 spp.),Astephanus,,,,,,,,,,,,,,,,,,,,
NRIF (1 sp.),Asterostemma,,,,,,,,,,,,,,,,,,,,
NRIF (1 sp.),Atherandra,,,,,,,,,,,,,,,,,,,,
NRIF (4 spp.),Atrostemma,,,,,,,,,,,,,,,,,,,,
NRIF (1 sp.),Australluma,,,,,,,,,,,,,,,,,,,,
NRIF (1 sp.),Baharuia,,,,,,,,,,,,,,,,,,,,
spp. listed (1/2),Bahiella,infundibuliflora J. F. Morales,Yes,144,"Detected (LC-MS), L",,,,,,,,,,,,,,,,
spp. listed (1/18),Baissea,axillaris (Benth.) Hua,Yes,82,"Not detected (phytochemical test), L",,,,,,,,,,,,,,,,
NRIF (2 spp.),Ballyanthus,,,,,,,,,,,,,,,,,,,,
NRIF (7 spp.),Barjonia ,,,,,,,,,,,,,,,,,,,,
NRIF (10 spp.),Baroniella,,,,,,,,,,,,,,,,,,,,
NRIF (1 sp.),Baseonema,,,,,,,,,,,,,,,,,,,,
NRIF (3 spp.),Batesanthus,,,,,,,,,,,,,,,,,,,,
NRIF (1 sp.),Baynesia,,,,,,,,,,,,,,,,,,,,
spp. listed (1/9),Beaumontia,grandiflora Wall.,Yes,83,"Isolated, S",Steroidal,Steroidal; simple amine,,,,,,,,,,,,,,
NRIF (26 spp.),Blepharodon,,,,,,,,,,,,,,,,,,,,
spp. listed (1/8),Boucerosia,diffusa (wight),Yes,94,"Detected (phytochemical screening), A",,,,,,,,,,,,,,,,
spp. listed (2/3),Bousigonia ,angustifolia Pierre ex Spire,Yes,84,"Isolated, T & L",MIA; pyridine,monoterpenoid; indole; pyridine,,,,,,,,,,,,,,
,Bousigonia ,mekongensis Pierre,Yes,84,"Isolated, T & L",MIA,monoterpenoid; indole,,,,,,,,,,,,,,
NRIF (1 sp.),Bruceholstia,,,,,,,,,,,,,,,,,,,,
spp. listed (1/2),Buckollia,volubilis (Schltr.) Venter & R. L. Verh.,,,,,,,Yes,B [103],,,,,,,,,,,
NRIF (2 spp.),Calciphila,,,,,,,,,,,,,,,,,,,,
spp. listed (2/6),Callichilia,barteri (Hook. f.) Stapf,Yes,85,"Isolated, U",MIA,indole;,,,,,,,,,,,,,,
,Callichilia,subsessilis (Benth.) Stapf,Yes,86,"Isolated, R",bisindole,indole; indolizidine,,,,,,,,,,,,,,
NRIF (1 sp.),Calocrater,,,,,,,,,,,,,,,,,,,,
spp. listed (2/3),Calotropis,gigantea (L.) W. T. Aiton,Yes,87/90,"Detected (phytochemical screening), L & S & Fl [90] Detected (dragendorff's precipitation assay), L",,,,Yes,R [88],,,Yes,Active,Active [90],Yes [90],"IC50= 12.17  ± 1.18 μg/mL (MeOH L, 3D7) [87]  IC50 = 66.39 (EtOH R, 3D7) [88] IC50 = 0.97 & 3.29 μg/mL (DCM:MeOH L, K1 & 3D7) [90]",87/88/90,,,
,Calotropis,procera (Aiton) W. T. Aiton,Yes,89,"Isolated, U","On CCD, alkaloids from this genus are N-containing cardenolides!",,"Article quotes other articles, which I do not have access to",Yes,"R, Fl [89]",Yes,La [89],Yes,Active,Active [36],Yes [36],"IC50 < 25 μg/mL  (MeOH F, W2) [34]  IC50 = 2.5 μg/mL (EtOH L, 3D7) [36] IC50 = 110 & 520 μg/mL (EtOH , MRC 20 & MRC 76) [89]",34/36/89,,,
NRIF (13 spp.),Calyptranthera,,,,,,,,,,,,,,,,,,,,
NRIF (7 spp.),Cameraria,,,,,,,,,,,,,,,,,,,,
NRIF (1 sp.),Campestigma,,,,,,,,,,,,,,,,,,,,
NRIF (9 spp.),Camptocarpus,,,,,,,,,,,,,,,,,,,,
spp. listed (3/31),Caralluma,adscendens var. adscendens,Yes,291,"Detected (phytochemical screening), U",,,,,,,,,,,,,,,,
,Caralluma,dalzielii N. E. Br.,Yes,274,"Detected (phytochemical screening), L [274] Isolated, Wp [307]",Nicotinic acid ester on steroid,Pyridine,Nicotinoyl group as substituent on pregnane glycoside with big saccharide chains,,,,,,,,,,,,274,PubMed
,Caralluma,fimbriata Wall.,Yes,93,"Detected (Phytochemical screening), Wp",,,,,,,,,,,,,,,,
spp. listed (3/9),Carissa,carandas L.,Yes,105,"Detected (literature review), U",,,,,,Yes,"L, R [79]",,,,,,,,,
,Carissa,macrocarpa (Eckl.) A. DC.,Yes,104,"Not detected (Dragendorff's), L & S & R",,,,,,,,,,,,,,,,
,Carissa,spinarum L.,Yes,99,"Detected (Phytochemical screening), L & S & SB & F",,,,Yes,R [97],Yes,"L, R [79]",Yes,Active,Active,Yes,"IC50 = 6.41 μg/mL (CHCl3 RB, D6)",97,,,
NRIF (4 spp.),Carruthersia,,,,,,,,,,,,,,,,,,,,
NRIF (2 spp.),Carvalhoa,,,,,,,,,,,,,,,,,,,,
spp. listed (1/6),Cascabela,thevetia (L.) Lippold,Yes,37,"Detected (phytochemical screening), L",,,,Yes,[261],Yes,B [316],Yes,Inactive,Weak [159],Yes [159],"IC50 > 100 μg/ml (EtOH L, 3D7) [36] IC50= 58.83 μg/ml (EtOH Se, U) [159]",36/159,,,
spp. listed (2/9),Catharanthus,pusillus (Murray) G. Don,Yes,266,"Isolated, R & L",MIA,indole; quinolizidine,,,,,,,,,,,,,,
,Catharanthus,roseus (L.) G. Don,Yes,35,"Isolated, L",MIA; ARB: indole; bisindole,indole; indolizidine,,Yes,A [313],Yes,A [313],Yes,Weak,Weak [36],Yes [36],"IC50 = 32.3 & 36.1 μg/ml (H2O L, D6 & W2) [34], IC50 = 16 μg/ml (EtOH Wp, 3D7) [36]",34/36,,,
spp. listed (2/4),Caudanthera,edulis (Edgew.) Meve & Liede,Yes,107,"Detected (Dragendorff's & Mayer's), U",,,,Yes,"Se, S [275]",,,,,,,,,,275,PubMed
,Caudanthera,sinaica (Decne.) Plowes,,,,,,,,,,,Yes,Inactive,Inactive,Yes," IC50 > 64.0 μg/mL (MeOH L, K1)",95,Inactive,,
spp. listed (2/6),Cerbera,manghas L.,Yes,114,"Detected (unclear), U",,,,Yes,[114],Yes,[114],,,,,,,,,
,Cerbera,odollam Gaertn.,Yes,115,"Detected (Mayer's), L",,,,,,,,,,,,,,,,
NRIF (3 spp.),Cerberiopsis,,,,,,,,,,,,,,,,,,,,
spp. listed (4/420),Ceropegia,bulbosa Roxb.,Yes,118,"Isolated, R",pyridine,Pyridine,,,,,,,,,,,,,,
,Ceropegia,juncea Roxb.,Yes,117,"Isolated, Wp",Pyridine,Pyridine,,,,,,,,,,,,,,
,Ceropegia,media (H. Huber) Ansari,Yes,121,"Detected (GC-MS), U",,,,,,,,,,,,,,,,
,Ceropegia,"sahyadrica var. karulensis (Punekar, Tamhankar, Lakshmin., Kumaran, Raut, S. K. Srivast. & Kavade) Kambale & S. R. Yadav",Yes,120,"Detected (GC-MS), L & Tuber",,,,,,,,,,,,,,,,
NRIF (1 sp.),Chamaeclitandra,,,,,,,,,,,,,,,,,,,,
spp. listed (1/14),Chilocarpus,costatus Miq.,,,,,,,,,,,Yes,Active,Active,Yes,"IC50 = 1.3 ± 1.5 μg/mL (CHCl3 S, K1)",122,,,
NRIF (2 spp.),Chlorocyathus,,,,,,,,,,,,,,,,,,,,
spp. listed (1/4),Chloropetalum,denticulatum (Vahl) Morillo,Yes,53,"Detected (Dragendorff's & Wagner's), La",,,,,,,,,,,,,,,,
spp. listed (1/10),Chonemorpha,fragrans (Moon) Alston,Yes,124,"Isolated, R",steroidal,Steroidal; simple amine,,,,Yes,"Wp, R [79]",,,,,,,,,
NRIF (3 spp.),Cibirhiza,,,,,,,,,,,,,,,,,,,,
NRIF (1 sp.),Cionura,,,,,,,,,,,,,,,,,,,,
NRIF (2 spp.),Cleghornia,,,,,,,,,,,,,,,,,,,,
NRIF (1 sp.),Clitandra,,,,,,,,,,,,,,,,,,,,
spp. listed (1/7),Condylocarpon,isthmicum (Vell.) A. DC.,,,,,,,,,,,Yes,Inactive,Inactive,Yes,Inactive/low activity,66,"Authors reported only high activities, but tested more. Could be anything above around 20 μg/mL",,
NRIF (1 sp.),Conomitra,,,,,,,,,,,,,,,,,,,,
NRIF (2 spp.),Cordylogyne,,,,,,,,,,,,,,,,,,,,
spp. listed (1/3),Cosmostigma,cordatum (Poir.) M. R. Almeida,Yes,119,"Detected (unclear), U",,,,,,,,,,,,,,,,
NRIF (5 spp.),Couma,,,,,,,,,,,,,,,,,,,,
All spp. listed (1/1),Craspidospermum,verticillatum Bojer ex Decne.,Yes,126,"Isolated, U",MIA,indole; quinolizidine,,,,,,,,,,,,,,
All spp. listed (1/1),Crioceras,dipladeniiflorus (Stapf) K. Schum.,Yes,126,"Isolated, L",MIA; bisindole,indole; quinolizidine,unusual azabicyclononane structure,,,,,,,,,,,,,
NRIF (2 spp.),Cristobalia,,,,,,,,,,,,,,,,,,,,
spp. listed (9/42),Cryptolepis,apiculata K. Schum.,Yes,284,"Not detected (Dragendorff's), L",ARB: GENUS: bisindole; indole,,,,,,,,,,,,,,,
,Cryptolepis,buchananii R. Br. ex Roem. & Schult.,Yes,119,"Detected (unclear), U",,,,,,,,,,,,,,,,
,Cryptolepis,capensis Schltr.,Yes,284,"Not detected (Dragendorff's), L",,,,,,,,,,,,,,,,
,Cryptolepis,cryptolepioides (SChltr.) Bullock,Yes,284,"Not detected (Dragendorff's), L",,,,,,,,,,,,,,,,
,Cryptolepis,decidua (Planch. ex Benth.) N. E. Br.,Yes,150,"Detected (MS), U",,,,,,,,,,,,,,,,
,Cryptolepis,hypoglauca K. Schum.,Yes,284,"Detected (Dragendorff's), L",,,,,,,,,,,,,,,,
,Cryptolepis,nigrescens (Wennberg) L. Joubert & Bruyns,Yes,290,"Detected (Dragendorff's & Mayer's & Wagner's), L",,,,Yes,L [193],,,Yes,Weak,Weak,Yes,"IC50 = 21.2 ± 3.0 μg/mL (EtOH L, FcB1) ",146,,,
,Cryptolepis,obtusa N. E. Br.,Yes,284,"Not detected (Dragendorff's), L",,,,,,,,,,,,,,,,
,Cryptolepis,sanguinolenta (Lindl.) Schltr.,Yes,127,"Isolated, R",indole,indole; quinoline; isoquinoline,,Yes,R [128],,,Yes,Active,Active,Yes,"IC50 = 0.19 & 0.56 & 1.48 μM (DMSO cryptolepine, F32 & FcB1 & FcR3)  [IC50 = 0.0 μg/mL]",127,Compound tested,,
NRIF (2 spp.),Cryptostegia,,,,,,,,,,,,,,,,,,,,
NRIF (1 sp.),Cycladenia,,,,,,,,,,,,,,,,,,,,
NRIF (1 sp.),Cyclocotyla,,,,,,,,,,,,,,,,,,,,
NRIF (1 sp.),Cylindropsis,,,,,,,,,,,,,,,,,,,,
spp. listed (2/256),Cynanchum,maximoviczii Pobed.,Yes,132,"Isolated, R",Nicotinic acid ester on steroid,Steroidal; pyridine,,,,,,,,,,,,,,
,Cynanchum,wilfordii (Maxim.) Hook. f.,Yes,131,"Isolated, R",Nicotinic acid ester on steroid,Steroidal; pyridine,,,,,,,,,,,,,,
spp. listed (3/5),Decalepis,arayalpathra (J. Joseph & V. Chandras.) Venter,Yes,139,"Detected (phytochemical screening), R",,,,,,,,,,,,,,,,
,Decalepis,hamiltonii Wight & Arn.,Yes,293,"Detected (Dragendorff's), R",,,,,,,,,,,,,,,,
,Decalepis,nervosa (Wight & Arn.) Venter,Yes,138,"Detected (phytochemical screening), L",,,,,,,,,,,,,,,,
NRIF (1 sp.),Decanema,,,,,,,,,,,,,,,,,,,,
spp. listed (2/14),Desmidorchis,penicillata (Deflers) Plowes,,,,,,,,,,,Yes,Active,,Yes,"IC50 = 6.7 ± 0.9 μg/mL (MeOH U, K1)",92,,,
,Desmidorchis,retrospiciens Ehrenb.,,,,,,,,,,,Yes,Inactive,Inactive,Yes,"IC50 > 12.5 μg/mL (MeOH A, K1)",91,Quoted as inactive,,
NRIF (1 sp.),Dewevrella,,,,,,,,,,,,,,,,,,,,
spp. listed (1/6),Dictyophleba,lucida (K. Schum) Pierre,Yes,140,"Detected (unclear), U",,,,,,,,,,,,,,,,
NRIF (14 spp.),Diplolepis,,,,,,,,,,,,,,,,,,,,
All spp. listed (1/1),Diplorhynchus,condylocarpon (Müll. Arg.) Pichon,,,,,,,Yes,SB [125],,,Yes,Inactive,Inactive,Yes," IC50 > 100 μg/mL (DCM R, D10)",100,Inactive,,
NRIF (1 sp.),Dischidanthus,,,,,,,,,,,,,,,,,,,,
spp. listed (1/126),Dischidia,formosana Maxim.,Yes,237,"Isolated, U",isoquinoline,isoquinoline,,,,,,,,,,,,,,
spp. listed (2/114),Ditassa,eximia Decne.,Yes,144,"Detected (tentative LC-MS), L",,,,,,,,,,,,,,,,
,Ditassa,lenheirensis Silveira,Yes,144,"Detected (tentative LC-MS), L",,,,,,,,,,,,,,,,
NRIF (1 sp.),Dolichopetalum,,,,,,,,,,,,,,,,,,,,
NRIF (7 spp.),Dregea,,,,,,,,,,,,,,,,,,,,
NRIF (18 spp.),Duvalia,,,,,,,,,,,,,,,,,,,,
NRIF (1 sp.),Duvaliandra,,,,,,,,,,,,,,,,,,,,
spp. listed (1/2),Dyera,costulata (Miq.) Hook. F.,Yes,90,"Detected (Dragendorff's precipitation assay), L",ARB: bisindole,,,,,,,Yes,Active,Active,Yes,"EC50 = 7.52 & 2.13 μg/mL (DCM:MeOH L, K1 & 3D7)",90,,,
NRIF (36 spp.),Echidnopsis,,,,,,,,,,,,,,,,,,,,
spp. listed (2/14),Echites,panduratus,Yes,282,"Isolated, R",Pyrrolizidine,Pyrrolizidine,,,,,,,,,,,,,,
,Echites,umbellatus Jacq.,Yes,143,"Detected (LC-MS/MS), L & Ne & Sa",,,,,,,,,,,,,,,,
NRIF (2 spp.),Ectadium,,,,,,,,,,,,,,,,,,,,
NRIF (1 sp.),Ecua,,,,,,,,,,,,,,,,,,,,
NRIF (1 sp.),Edithcolea,,,,,,,,,,,,,,,,,,,,
NRIF (1 sp.),Elytropus,,,,,,,,,,,,,,,,,,,,
NRIF (1 sp.),Emicocarpus,,,,,,,,,,,,,,,,,,,,
NRIF (3 spp.),Emplectanthus,,,,,,,,,,,,,,,,,,,,
NRIF (2 spp.),Ephippiocarpa,,,,,,,,,,,,,,,,,,,,
NRIF (5 spp.),Epigynum,,,,,,,,,,,,,,,,,,,,
NRIF (4 spp.),Epistemma,,,,,,,,,,,,,,,,,,,,
All spp. listed (1/1),Eucorymbia,alba Stapf,Yes,144,"Detected (LC-MS), L",,,,,,,,,,,,,,,,
NRIF (5 spp.),Eustegia,,,,,,,,,,,,,,,,,,,,
NRIF (1 sp.),Fanninia,,,,,,,,,,,,,,,,,,,,
NRIF (1 sp.),Farquharia,,,,,,,,,,,,,,,,,,,,
NRIF (6 spp.),Finlaysonia,,,,,,,,,,,,,,,,,,,,
spp. listed (1/8),Fischeria ,stellata (Vell.) E. Fourn.,Yes,53,"Detected (Dragendorff's & Wagner's), La",,,,Yes,L [316],,,,,,,,,,,
NRIF (6 spp.),Fockea,,,,,,,,,,,,,,,,,,,,
NRIF (45 spp.),Forsteronia,,,,,,,,,,,,,,,,,,,,
NRIF (21 spp.),Funastrum,,,,,,,,,,,,,,,,,,,,
All spp. listed (2/2),Funtumia,africana (Benth.) Stapf,,,,,,,Yes,R [148],,,Yes,,Active,Yes,"68.1 ± 9.0% inhibition at 10 μg/mL (EtOAc L, FcB1)",149,"In vitro, paper didn’t give IC50 values",,
,Funtumia,elastica (Preuss) Stapf,Yes,145,"Isolated, SB",steroidal,Steroidal; simple amine; pyrrole,,Yes,SB [147],,,Yes,Active,Active,Yes,"IC50 = 3.3 μg/mL (EtOH SB, FcB1)",145,Compounds tested [258],,
spp. listed (1/6),Galactophora,schomburgkiana,Yes,144,"Detected (LC-MS), L",,,,,,,,,,,,,,,,
All spp. listed (5/5),Geissospermum,argenteum Woodson,,,,,,,Yes,B [19/20/21] U [311],,,Yes,,,,"Active as a preventative, 83% inhibition in (intra)hepatic stage",20,,,
,Geissospermum,laeve (Vell.) Miers,Yes,18,"Isolated, SB",MIA,indole; quinolizidine,unusual azabicyclononane structure,Yes,SB [18] B [21] B [319],,,Yes,Active,Active,Yes,"IC50 = 2.22 μg/mL (MeOH SB, D10)",18,"used commonly as a prophylactic [20], like geissospermum argentum. Compounds tested [258]",,
,Geissospermum,sericeum Miers,Yes,21,"Isolated, B",MIA,indole; quinolizidine,unusual azabicyclononane structure,Yes,B [21/312],Yes,B [313],Yes,Active,[21],Yes [21],"IC50 = 1.78 μg/mL (90% v/v MeOH B, K1) [21], IC50 = 5.6 & 2.2 (EtoH U, W2 & D6) [296]",21/296,Compounds tested [258],,
,Geissospermum,urceolatum A. H. Gentry,Yes,45,"Detected? (refers to total alkaloidal fraction), B",,,,,,,,,,,,,,,,
,Geissospermum ,reticulatum A. H. Gentry,Yes,24,"Isolated, B",MIA,indole; indolizidine,,,,,,,,,,,,,,
NRIF (17 spp.),Genianthus,,,,,,,,,,,,,,,,,,,,
NRIF (12 spp.),Glossostelma,,,,,,,,,,,,,,,,,,,,
spp. listed (2/20),Gomphocarpus,fruticosus (l.) W. T. Aiton,,,,,,,,,,,Yes,Weak,Inactive [100],Yes [100],"IC50 > 64 μg/mL (MeOH U, K1) [92] IC50 = 26 μg/mL (DCM:MeOH 1:1 F, D10) [100]",92/100,,,
,Gomphocarpus,semilunatus A. Rich.,,,,,,,Yes,[34],,,Yes,Weak,Weak,Yes,"IC50 = 27.2 μg/mL (MeOH Wp, W2)",34,,,
spp. listed (1/10),Gongronema,napalense (Wall.) Decne.,,,,,,,,,,,Yes,Active,Active,Yes,"IC50 = 2.33 & 2.02 μg/mL (gongroneside A, D6 & W2)",153,Compound tested,,
All spp. listed (2/2),Gonioma,kamassi E. Mey.,Yes,156,"Isolated, B",MIA,indole,unusual azabicyclononane structure,,,,,,,,,,,,,
,Gonioma,malagasy Markgr. & Boiteau,Yes,155,"Isolated, SB",MIA,indole; indolizidine,unusual azabicyclononane structure,,,,,Yes,Active,Weak,,"IC50 = 2.8 μM (goniomedine B, FcB1) [IC50 = 1.8 μg/mL]",155,Compound tested,,
NRIF (2 spp.),Goniostemma,,,,,,,,,,,,,,,,,,,,
NRIF (119 spp.),Gonolobus,,,,,,,,,,,,,,,,,,,,
NRIF (1 sp.),Graciemoriana,,,,,,,,,,,,,,,,,,,,
NRIF (1 sp.),Gunnessia,,,,,,,,,,,,,,,,,,,,
NRIF (2 spp.),Gymnanthera,,,,,,,,,,,,,,,,,,,,
spp. listed (5/34),Gymnema,decaisneanum Wight,Yes,158,"Detected (Dragendorff's & Hager's), L & S & R",,,,,,,,,,,,,,,,
,Gymnema,elegans Wight & Arn.,Yes,158,"Detected (Dragendorff's & Hager's), L & S & R",,,,,,,,,,,,,,,,
,Gymnema,inodorum (Lour.) Decne.,,,,,,,,,,,Yes ,,Active,,"52.28%, 100 mg/kg, mice (aq L, P. berghei ANKA)",157,in vivo,,
,Gymnema,latifolium Wall. ex Wight,Yes,158,"Detected (Dragendorff's & Hager's), L & S & R",,,,,,,,,,,,,,,,
,Gymnema,sylvestre (Retz.) R. Br. ex Sm.,Yes,119/158,"Detected (unclear), U [119] Detected (Dragendorff's & Hager's), L & S & R [158]",,,,,,,,Yes ,Inactive,Inactive,Yes,"IC50 = 69.3 μg/mL (MeOH Climber, W2)",101,,,
NRIF (1 sp.),Gyrostelma,,,,,,,,,,,,,,,,,,,,
All spp. listed (1/1),Hancornia ,speciosa Gomes,Yes,160,"Detected (phytochemical screening), L",,,,,,,,Yes,Inactive,Inactive,Yes,Inactive/low activity,66,"Authors reported only high activities, but tested more. Could be anything above around 20 μg/mL",,
Al spp. listed (2/2),Haplophyton,cimicidum A. DC.,Yes,162,"Isolated, Wp",MIA,indole; indolizidine,,,,,,,,,,,,,,
,Haplophyton,crooksi (L. D. Benson) L. D. Benson,Yes,161,"Isolated, Wp",indole,indole; piperidine,,,,,,,,,,,,,,
All spp. listed (1/1),Hemidesmus,indicus (L.) R. Br.,Yes,119,"Detected (unclear), U",,,,,,,,Yes,Inactive,Inactive,Yes,"IC50 > 100 μg/mL (EtOAc R, 3D7)",163,,,
NRIF (9 spp.),Hemipogon,,,,,,,,,,,,,,,,,,,,
NRIF (47 spp.),Heterostemma,,,,,,,,,,,,,,,,,,,,
NRIF (1 sp.),Heynella,,,,,,,,,,,,,,,,,,,,
,Himatanthus,articulatus (Vahl) Woodson,Yes,30,"Detected (phytochemical screening), La ",,,,Yes,La [19] U [23/28/54],Yes,[311],Yes,Weak,Active [29],Yes [29],"IC50 > 10 μg/ml (EtOH B, F32 & D2) [22]  IC50 = 22.9 μg/ml (DCM B, W2 strain) [29]",22/29,"Authors reported only high activities, but tested more, hence this could be anything above 10 μg/mL [22]",,
spp. listed (7/9),Himatanthus,attenuatus (Benth.) Woodson,Yes,43,"Detected (GC-MS), R",,,,,,,,,,,,,,,,
,Himatanthus,bracteatus (A. DC.) Woodson,Yes,27,"Detected (HPLC), SB",,,,Yes,B [313],Yes,B [313],,,,,,,,,
,Himatanthus,obovatus (Müll. Arg.) Woodson,,,,,,,,,,,Yes,Inactive,Inactive,Yes,Inactive/low activity,66,"Authors reported only high activities, but tested more. Could be anything above around 20 μg/mL",,
,Himatanthus,revolutus (Huber) Spina & Kin.-Gouv.,,,,,,,Yes,B [54],,,,,,,,,,,
,Himatanthus,tarapotensis (K. Schum. Ex Markgr.) Plumel,Yes,44,"Detected (Bertrand's & Dragendorff's & Mayer's & Wagner's), U",,,,,,,,,,,,,,,,
,Himatanthus ,drasticus (Mart.) Plumel,Yes,31,"Detected (phytochemical screening), B",,,,,,,,,,,,,,,,
All spp. listed (5/5),Holarrhena,congolensis Stapf,Yes,167,"Isolated, U",steroidal; ARB: genus: N-containing cardenolides,Steroidal; simple amine; pyrrolidine,,,,,,,,,,,,,,
,Holarrhena,curtisii King & Gamble,Yes,168,"Isolated, L",steroidal,Steroidal; simple amine,aminoglycosteroids and aminosteroids,,,,,,,,,,,,,
,Holarrhena,floribunda (G. Don) T. Durand & Schinz,Yes,166,"Detected (MS, GC & TLC), Callus",,,,Yes,[200],,,,,,,,,,,
,Holarrhena,mitis (Vahl) R. Br. Ex Roem. & Schult.,,,,,,,,,,,,,,,,,"3 studies on the alkaloids of this species were found, but they were all in french & full texts could not be located online.",,
,Holarrhena,pubescens Wal. ex G. Don,Yes,36,"Detected (chemical analysis), U",,,,Yes,R [125],Yes,[79],Yes,Active,Active,No,"IC50 = 4.5 μg/mL (EtOH B, 3D7)",36,,,
spp. listed (1/13),Hoodia,gordonii (Masson) Sweet ex Decne.,Yes,169,"Detected (Wagner's reagent), Wp",,,,,,,,,,,,,,,,
spp. listed (1/541),Hoya,verticillata var. verticillata,Yes,170,"Detected (Dragendorff's & Hager's & Mayer's & Wagner's), S",,,,,,,,,,,,,,,,
NRIF (77 spp.),Huernia,,,,,,,,,,,,,,,,,,,,
spp. listed (2/12),Hunteria,umbellata (K. Schum.) Hallier f.,Yes,286,"Detected (phytochemical screening), F",,,,Yes,SB [147],,,Yes,Active,Active,Yes,"IC50 = 2.2 ± 0.9 μg/mL (EtOH U, FcB1)",147,,,
,Hunteria,zeylanica (Retz.) Gardner ex Thwaites,Yes,171,"Isolated, B","MIA, bisindole",indole; quinolizidine,,,,,,Yes,Active,Active,Yes,"IC50 = 0.05 μM (bisnicalaterine C, 3D7)  [IC50 = 0.0 μg/mL]",171,specific isolated chemicals were tested,,
NRIF (2 spp.),Hylaea,,,,,,,,,,,,,,,,,,,,
NRIF (1 sp.),Hypolobus,,,,,,,,,,,,,,,,,,,,
NRIF (28 spp.),Ibatia,,,,,,,,,,,,,,,,,,,,
spp. listed (1/3),Ichnocarpus,frutescens,Yes,172,"Detected (phytochemical studies), U",,,,,,Yes,[79],,,,,,,,,
spp. listed (1/2),Ischnolepis,natalensis (Schltr.) Venter,Yes,144,"Detected (tentative LC-MS), L",,,,,,,,,,,,,,,,
NRIF (3 spp.),Isonema,,,,,,,,,,,,,,,,,,,,
NRIF (1 sp.),Ixodonerium,,,,,,,,,,,,,,,,,,,,
NRIF (13 spp.),Jasminanthes,,,,,,,,,,,,,,,,,,,,
NRIF (25 spp.),Jobinia,,,,,,,,,,,,,,,,,,,,
NRIF (2 spp.),Kamettia,,,,,,,,,,,,,,,,,,,,
spp. listed (1/2),Kanahia,laniflora (Forssk.) R. Br.,,,,,,,,,,,Yes,Weak,,Yes,"IC50 = 27.9 ± 4.9 μg/mL (MeOH U, K1)",173,,,
NRIF (1 sp.),Kerbera,,,,,,,,,,,,,,,,,,,,
spp. listed (2/15),Kibatalia,laurifolia (Ridl.) Woodson,Yes,174,"Isolated, L",steroidal,Steroidal; simple amine,,,,,,,,,,,,,,
,Kibatalia,macrophylla (Pierre ex Hua) Woodson,Yes,277,"Isolated, L",steroidal,Steroidal; simple amine,,,,,,,,,,,,,277,PubMed
spp. listed (16/24),Kopsia,arborea Blume,Yes,177,"Isolated, U",MIA,indole; indolizidine; pyrrolidine,An N atom located within a 10-membered ring,,,,,,,,,,,,,
,Kopsia,dasyrachis Ridl.,Yes,176,"Isolated, L",MIA,indole; indolizidine; quinoline,,,,,,Yes,Active,Active,Yes,"IC50 = 4.62 & > 50 μg/mL (DCM:MeOH L, Gombak A & D10)",113,,,
,Kopsia,deverrei L. Allorge,Yes,187,"Isolated, SB",MIA,monoterpene; indole; quinolizidine; ,,,,,,,,,,,,,,
,Kopsia,flavida Blume,Yes,183,"Isolated, L",MIA,indole; indolizidine,,,,,,,,,,,,,,
,Kopsia,fruticosa (Roxb.) A. DC.,Yes,79/90,"Source claims all species in genus contain alkaloids [79] Detected (dragendorff's precipitation assay), L [90]",,,,Yes,[79],,,Yes,Active,Active,Yes,"EC50 = 1.01 μg/mL (MeOH L, K1) Inactive against 3D7",90,,,
,Kopsia,grandifolia D. J. Middleton,Yes,186,"Isolated, L & S",MIA,indole,N on ring junction of 5- & 8- membered rings,,,,,,,,,,,,,
,Kopsia,griffithii King & Gamble,Yes,179,"Isolated, L",MIA,indole; pyridine; quinolizidine; indolizidine,,,,,,,,,,,,,,
,Kopsia,hainanensis Tsiang,Yes,178,"Isolated, S",MIA,indole; indolizidine,,,,,,,,,,,,,,
,Kopsia,lapidilecta Sleesen,Yes,189,"Isolated, B & L",MIA,indole; indolizidine,N on ring junction of 5- & 8- membered rings & 10 membered heterocycle,,,,,,,,,,,,,
,Kopsia,larutensis King & Gamble,Yes,182,"Isolated, L",MIA,indole; quinolizidine,,,,,,,,,,,,,,
,Kopsia,macrophylla Hook. f.,Yes,188,"Isolated, U",piperidine,piperidine,,,,,,,,,,,,,,
,Kopsia,pauciflora Hook. f.,Yes,180,"Isolated, L",MIA,indole; indolizidine,,,,,,,,,,,,,,
,Kopsia,profunda Markgr.,Yes,185,"Isolated, S",MIA,indole; indolizidine,,,,,,,,,,,,,,
,Kopsia,singapurensis Ridl.,Yes,184,"Isolated, U",quinoline; ,quinoline; piperidine; indolizidine; pyrrolidine,,,,,,,,,,,,,,
,Kopsia,tenuis Leenh. & Steems,Yes,181,"Isolated, L",bisindole; ,bisindole,N on ring junction of 5- & 8- membered rings,,,,,,,,,,,,,
,Kopsia,teoi L. Allorge,Yes,175,"Isolated, S",MIA,peptide; indolizidine,peptide essentially has carbonyl instead of connecting bond to complete an indole ring,,,,,,,,,,,,,
NRIF (11 spp.),Lachnostoma,,,,,,,,,,,,,,,,,,,,
spp. listed (1/24),Lacmellea,panamensis (Woodson) Markgr.,,,,,,,,,,,Yes,,Inactive,Yes,"IC50 > 10 μg/mL (80% EtOH L, W2)",303,,,
spp. listed (6/63),Landolphia,buchananii (Hallier f.) Stapf,,,,,,,Yes,L [102],,,,,,,,,,,
,Landolphia,dulcis (Sabine ex G. Don) Pichon,,,,,,,,,,,Yes,Weak,Weak,Yes,"IC50 = 31  μg/mL (EtOH W, K1)",192,,,
,Landolphia,heudelotii A. DC.,,,,,,,,,,,Yes,Active,Active,Yes,"IC50 = 0.5 μg/mL (DCM L, K1)",194,,,
,Landolphia,owariensis P. Beauv.,Yes,190,"Detected (phytochemical screening), L",,,,Yes,L [190],,,Yes,,Active,Yes,"51.71%, 200 mg/kg, 5 days, mice (MeOH L, P. berghei NK65)",190,A potent propylactic effect was observed,,
,Landolphia,uniflora (Stapf) Pichon,Yes,195,"Detected (Dragendorff's & Mayer's & Wagner's), L & SB ",,,,,,,,,,,,,,,,
,Landolphia ,lanceolata (K. Schum.) Pichon,,,,,,,Yes,[191],,,Yes,Weak,Weak,Yes,"IC50 = 11 ± 4 μg/mL (DCM R, FcM29)",191,,,
NRIF (6 spp.),Larryleachia,,,,,,,,,,,,,,,,,,,,
spp. listed (1/4),Laubertia,boissieri A. DC.,Yes,144,"Detected (LC-MS), L",,,,,,,,,,,,,,,,
NRIF (1 sp.),Lavrania,,,,,,,,,,,,,,,,,,,,
NRIF (5 spp.),Laxoplumeria,,,,,,,,,,,,,,,,,,,,
NRIF (4 spp.),Lepinia,,,,,,,,,,,,,,,,,,,,
NRIF (2 spp.),Lepiniopsis,,,,,,,,,,,,,,,,,,,,
spp. listed (4/6),Leptadenia,lanceolata (Poir.) Goyder,Yes,198,"Detected (Dragendorff's), R",,,,Yes,"R, RB [106]",,,,,,,,,,,
,Leptadenia,lanceolata var. lanceolata,,,,,,,,,,,,,,,,,,,
,Leptadenia,madagascariensis Decne.,,,,,,,Yes,A [196],,,Yes,Active,Weak,Yes,"IC50 = 9 μg/mL (DCM A, W2)",196,,,
,Leptadenia,pyrotechnica (Forssk.) Decne.,Yes,197,"Detected (GC-MS), A",,,,,,,,,,,,,,,,
,Leptadenia,reticulata (Retz.) Wight & Arn.,Yes,199,"Detected (""st&ard biochemical procedure""), Callus & Cell culture",,,,,,,,,,,,,,,,
spp. listed (2/4),Leuconotis,eugeniifolia (Wall. ex G. Don) A. DC.,Yes,308,"Isolated, L",MIA,indole; indolizidine; quinolizidine; peptide,peptide essentially has carbonyl instead of connecting bond to complete an indole ring,,,,,Yes,Active,Active,Yes,"IC50 = 3.0 ± 1.3 μg/mL (CHCl3 L, K1) ",122,,,
,Leuconotis,griffithii Hook. f.,Yes,123,"Isolated, L",MIA,indole; indolizidine,,,,,,Yes,Active,Active,Yes,"IC50 = 0.007 μM (bisleucocurine, 3D7)  [IC50 = 0.0 μg/mL]",123,bisleucocurine (alkaloid) & 5 other isolated compounds were tested for antimalarial properties,,
NRIF (5 spp.),Lygisma,,,,,,,,,,,,,,,,,,,,
NRIF (1 sp.),Maclaudia,,,,,,,,,,,,,,,,,,,,
spp. listed (1/3),Macoubea,guianensis Aubl.,Yes,202,"Isolated, Se",MIA,indole; indolizidine; ,,,,,,,,,,,,,,
spp. listed (2/15),Macropharynx,"isthmica (Woodson) J. F. Morales, M. E. Endress & Liede",Yes,144,"Detected (LC-MS), L",,,,,,,,,,,,,,,,
,Macropharynx,"peltata (Vell.) J. F. Morales, M. E. Endress & Liede",Yes,144,"Detected (LC-MS), L",,,,,,,,,,,,,,,,
NRIF (16 spp.),Macroscepis,,,,,,,,,,,,,,,,,,,,
NRIF (1 sp.),Mahawoa,,,,,,,,,,,,,,,,,,,,
spp. listed (4/31),Malouetia,arborea (Vell.) Miers,Yes,203,"Isolated, U",steroidal,steroidal; pyrrolidine,,,,,,,,,,,,,,
,Malouetia,bequaertiana Woodson,Yes,203,"Isolated, U",steroidal,steroidal; quarternary amine; pyrrolidine; ,,,,,,,,,,,,,,
,Malouetia,glandulifera Miers,Yes,203,"Detected (unclear), U",steroidal,Steroidal; simple amine,,,,,,,,,,,,,,
,Malouetia,tamaquarina (Aubl.) A. DC.,Yes,203,"Isolated, U",steroidal,steroidal; pyrrolidine,,,,,,,,,,,,,,
spp. listed (1/179),Mandevilla,boliviensis (J. J. Veitch),Yes,144,"Detected (tentative LC-MS), L",,,,,,,,,,,,,,,,
NRIF (2 spp.),Manothrix,,,,,,,,,,,,,,,,,,,,
NRIF (1 sp.),Margaretta,,,,,,,,,,,,,,,,,,,,
spp. listed (7/296),Marsdenia,cundurango Rchb. f.,Yes,205,"Isolated, B",Nicotinic acid ester on steroid,Pyridine,,,,,,,,,,,,,,
,Marsdenia,edulis S. Watson,Yes,154,"Detected (GC-MS & total alkaloid count), L",,,,,,,,,,,,,,,,
,Marsdenia,glabra Constantin,Yes,144,"Detected (LC-MS), L",,,,,,,,,,,,,,,,
,Marsdenia,latifolia (Benth.) K. Schum,Yes,154,"Detected (GC-MS & total alkaloid count), L",,,,Yes,"S, R [151]",,,Yes,Active,Active,Yes,"IC50 = 36.27, 9.45 & 7.05 μg/mL (MeOH several frac. S & R, W2)",151,,,
,Marsdenia,rostrata R. Br.,Yes,81,"Isolated, U",Nicotinic acid ester on steroid,Steroidal; pyridine,,,,,,,,,,,,,,
,Marsdenia,tenacissima (Roxb.) Moon,Yes,206,"Detected (phytochemical screening), R",,,,,,,,,,,,,,,,
,Marsdenia,tinctoria R. Br.,Yes,144,"Detected (tentative LC-MS), L",,,,,,,,,,,,,,,,
NRIF (8 spp.),Mascarenhasia,,,,,,,,,,,,,,,,,,,,
NRIF (268 spp.),Matelea,,,,,,,,,,,,,,,,,,,,
spp. listed (11/24),Melodinus,acutiflorus F. Muell.,Yes,211,"Isolated, L",,,,,,,,,,,,,,,,
,Melodinus,aeneus Baill.,Yes,210,"Isolated, U",MIA; pyridine; oxazole?,indole; indolizidine; pyridine; oxazole,,,,,,,,,,,,,,
,Melodinus,australis (F. Muell.) Pierre,Yes,210,"Isolated, U",MIA; indolizidine,indole; quarternary amine; quinolizidine; indolizidine,"unusual azabicyclononane structure, also 9-membered heterocycle",,,,,,,,,,,,,
,Melodinus,axillaris W. T. Wang,Yes,210,"Isolated, U",MIA; pyridine; oxazole?,indole; indolizidine; quinolizidine; piperidine; pyridine; oxazole,,,,,,,,,,,,,,
,Melodinus,balansae Baill.,Yes,212,"Isolated, SB & A",,indole; indolizidine; quinolizidine; ,,,,,,,,,,,,,,
,Melodinus,cochinchinensis (Lour.) Merr.,Yes,150,"Isolated, U",,monoterpene; indole; indolizidine; peptide,"peptide essentially has carbonyl instead of connecting bond to complete an indole ring, unusual N atom in ring junction between 6 membered and 7 membered rings",,,,,,,,,,,,,
,Melodinus,fusiformis Champ. ex Benth.,Yes,201,"Isolated, U",,indole; indolizidine; quinolizidine,,,,,,,,,,,,,,
,Melodinus,philliraeoides Labill.,Yes,210,"Isolated, L",MIA; pyridine; oxazole?,indole; indolizidine; quinolizidine; pyridine; isoxazole; quinoline; tertiary amine,,,,,,,,,,,,,,
,Melodinus,reticulatus Boiteau,Yes,210,"Isolated, U",,indole; indolizidine,,,,,,,,,,,,,,
,Melodinus,scandens J.R.Forst & G.Forst,Yes,209,"Isolated, S & L",,indole; indolizidine; quinolizidine,,,,,,,,,,,,,,
,Melodinus,tenuicaudatus Tsiang & P. T. Li,Yes,208,"Isolated, U",,indole; quinolizidine; indolizidine,,,,,,,,,,,,,,
NRIF (8 spp.),Mesechites,,,,,,,,,,,,,,,,,,,,
spp. listed (1/100),Metastelma,harleyi Fontella,Yes,144,"Detected (tentative LC-MS), L",,,,,,,,,,,,,,,,
NRIF (13 spp.),Micrechites,,,,,,,,,,,,,,,,,,,,
NRIF (11 spp.),Microloma,,,,,,,,,,,,,,,,,,,,
All spp. listed (1/1),Microplumeria,anomala (Müll. Arg.) Markgr.,Yes,213,"Isolated, B",MIA,indole; indolizidine,,,,,,,,,,,,,,
spp. listed (1/22),Minaria,magisteriana (Rapini) T. U. P. Konno & Rapini,Yes,144,"Detected (tentative LC-MS), L",,,,,,,,,,,,,,,,
NRIF (7 spp.),Miraglossum,,,,,,,,,,,,,,,,,,,,
NRIF (3 spp.),Molongum,,,,,,,,,,,,,,,,,,,,
spp. listed (1/2),Mondia,whitei (Hook. f.) Skeels,,,,,,,Yes,R [103],,,Yes,Inactive,Inactive,Yes,"IC50 > 1000 μg/mL (50% EtOH R, 3D7)",214,,,
spp. listed (1/5),Monolluma,quadrangula (Forssk.) Plowes,,,,,,,,,,,Yes,Weak,,Yes,"IC50 = 27.5  ± 4.3 μg/mL (MeOH U, K1)",173,,,
NRIF (2 spp.),Monsanima,,,,,,,,,,,,,,,,,,,,
NRIF (4 spp.),Morilloa,,,,,,,,,,,,,,,,,,,,
NRIF (1 sp.),Mortoniella,,,,,,,,,,,,,,,,,,,,
spp. listed (1/3),Motandra,paniculata (Poir.) I. M. Turner,,,,,,,Yes,L [147],,,Yes,Weak,Weak,Yes,"IC50 = 16.3 ± 1.8 μg/mL (EtOH U, FcB1)",147,,,
NRIF (2 spp.),Mucoa,,,,,,,,,,,,,,,,,,,,
NRIF (1 sp.),Myriopteron,,,,,,,,,,,,,,,,,,,,
NRIF (1 sp.),Nautonia,,,,,,,,,,,,,,,,,,,,
NRIF (8 spp.),Neobracea,,,,,,,,,,,,,,,,,,,,
NRIF (2 spp.),Neocouma,,,,,,,,,,,,,,,,,,,,
NRIF (3 spp.),Neoschumannia,,,,,,,,,,,,,,,,,,,,
NRIF (5 spp.),Nephradenia,,,,,,,,,,,,,,,,,,,,
All spp. listed (1/1),Nerium,oleander L.,Yes,116,"Detected (Dragendorff's precipitation assay), L",,,,Yes,[79],Yes,[79],,,,,,,,,
NRIF (1 sp.),Notechidnopsis,,,,,,,,,,,,,,,,,,,,
,Ochrosia,alyxioides Guillaumin,Yes,225,"Isolated, L",,,,,,,,,,,,,,,,
,Ochrosia,compta K. Schum.,Yes,222,"Isolated, TrB & RB",MIA,indole; indolizidine; quarternary amine; ,,,,,,,,,,,,,,
,Ochrosia,miana Baill. ex Guillaumin,Yes,220,"Isolated, B",MIA,indole; quinolizidine,,,,,,,,,,,,,,
,Ochrosia,moorei (F. Muell.) Benth.,Yes,226,"Isolated, S & L",MIA; indole; beta-carboline?,indole; pyridine; isoquinoline,,,,,,Yes,Active,,,"IC50 = 0.007 μM (aspidocarpine, MDR K1) [IC50 = 0.0 μg/mL]",258,Compound only tested,,
,Ochrosia,nakaiana (Koidz.) Koidz. ex H. Hara,Yes,224,"Isolated, B",MIA; ,indole; piperidine; quinolizidine; monoterpenoid; quarternary amine,,,,,,,,,,,,,,
,Ochrosia,poweri F. M. Bailey,Yes,223,"Isolated, L",MIA,indole; quinolizidine,,,,,,,,,,,,,,
spp. listed (13/44),Ochrosia ,acuminata Trimen ex Valeton,Yes,219,"Isolated, R",MIA; indole; ARB: bisindole (genus),indole; quinolizidine; isoquinoline,,,,,,,,,,,,,,
,Ochrosia ,borbonica J. F. Gmel.,Yes,217,"Isolated, S & L",MIA,indole; quinolizidine,,,,,,,,,,,,,,
,Ochrosia ,elliptica Labill.,Yes,216,"Isolated, cell suspension culture",MIA; indole,indole; quinolizidine,8-membered ring w/ N atom (with 2 atom bridge - N atom as rin-junction),,,,,,,,,,,,,
,Ochrosia ,glomerata (Blume) F. Muell,,,,,,,,,,,Yes,Active,Active,Yes,"IC50 = 2.7 & 7.1 μg/mL (MeOH R, D6 & W2)",215,,,
,Ochrosia ,mulsantii Montrouz.,Yes,218,"Isolated, L",indole; MIA,indole; quinolizidine; isoquinoline,,,,,,,,,,,,,,
,Ochrosia ,oppositifolia (Lam.) K. Schum.,Yes,201,"Isolated, B",beta carboline?,indole; pyridine,,,,,,,,,,,,,,
,Ochrosia ,silvatica Däniker,Yes,221,"Isolated, TrB",indole; MIA,indole; isoquinoline; quinolizidine,8-membered ring w/ N atom (with 2 atom bridge - N atom as rin-junction),,,,,,,,,,,,,
NRIF (21 spp.),Odontadenia,,,,,,,,,,,,,,,,,,,,
NRIF (1 sp.),Oistonema,,,,,,,,,,,,,,,,,,,,
NRIF (1 sp.),Oncinema,,,,,,,,,,,,,,,,,,,,
spp. listed (2/7),Oncinotis,nitida Benth.,Yes,228,"Isolated, SB & RB",spermidine,spermidine,seventeen membered lactam ring; ,,,,,,,,,,,,,
,Oncinotis,tenuiloba Stapf,Yes,227,"Isolated, L",spermidine,spermidine,,,,,,,,,,,,,,
NRIF (2 spp.),Ophionella,,,,,,,,,,,,,,,,,,,,
NRIF (60 spp.),Orbea,,,,,,,,,,,,,,,,,,,,
NRIF (3 spp.),Oreosparte,,,,,,,,,,,,,,,,,,,,
NRIF (1 sp.),Orinoquia,,,,,,,,,,,,,,,,,,,,
NRIF (6 spp.),Orthanthera,,,,,,,,,,,,,,,,,,,,
NRIF (6 spp.),Orthopichonia,,,,,,,,,,,,,,,,,,,,
NRIF (38 spp.),Orthosia,,,,,,,,,,,,,,,,,,,,
spp. listed (1/135),Oxypetalum,banksii R. Br. ex Schult.,Yes,53,"Detected (Dragendorff's & Wagner's), La",,,,,,,,,,,,,,,,
NRIF (2 spp.),Oxystelma,,,,,,,,,,,,,,,,,,,,
NRIF (39 spp.),Pachycarpus,,,,,,,,,,,,,,,,,,,,
spp. listed (1/22),Pachypodium,lamerei Drake,Yes,229,"Detected (tentative LC-MS), L",,,,,,,,,,,,,,,,
NRIF (3 spp.),Pacouria,,,,,,,,,,,,,,,,,,,,
NRIF (3 spp.),Papuahoya,,,,,,,,,,,,,,,,,,,,
NRIF (1 sp.),Papuechites,,,,,,,,,,,,,,,,,,,,
spp. listed (1/7),Parahancornia,fasciculata (Poir.) Benoist,Yes,230,"Isolated, B",MIA,indole; quinolizidine,,Yes,[42],,,Yes,Inactive,Weak,Yes,"IC50 > 62.0 ± 1.92 μM (lupeol,W2)",42,lupeol (& its synthesised derivatives) are NOT alkaloids,,
NRIF (3 spp.),Parapodium,,,,,,,,,,,,,,,,,,,,
NRIF (1 sp.),Parepigynum,,,,,,,,,,,,,,,,,,,,
spp. listed (5/85),Parsonsia,alboflavescens (Denst.) Mabb.,Yes,143,"Detected (LC-MS), L & Ne & Sa & Se",,,,,,,,,,,,,,,,
,Parsonsia,eucalyptophylla F. Muell.,Yes,143,"Detected (LC-MS), U",,,,,,,,,,,,,,,,
,Parsonsia,heterophylla A. Cunn.,Yes,143,"Detected (LC-MS), U",,,,,,,,,,,,,,,,
,Parsonsia,oligantha (K. Schum.) D. J. Middleton,Yes,143,"Detected (LC-MS), L",,,,,,,,,,,,,,,,
,Parsonsia,straminea (R. Br.) F. Muell,Yes,143,"Detected (LC-MS), L & Fl",,,,,,,,,,,,,,,,
spp. listed (1/2),Pattalias,palustris (Pursh) Fishbein,Yes,144,"Detected (tentative LC-MS), L",,,,,,,,,,,,,,,,
NRIF (5 spp.),Pectinaria,,,,,,,,,,,,,,,,,,,,
NRIF (3 spp.),Pentacyphus,,,,,,,,,,,,,,,,,,,,
spp. listed (1/2),Pentalinon,andrieuxii (Müll. Arg.) B. F. Hansen & Wunderlin,,,,,,,,,,,Yes,Weak,Active,Yes,"IC50 = 22.5 μM (betulinic acid, F32) [IC50 = 10.3 μg/mL]",231,Compound tested,,
NRIF (4 spp.),Pentasacme,,,,,,,,,,,,,,,,,,,,
spp. listed (1/4),Pentatropis,capensis (L. f.) Bullock,Yes,119,"Detected (unclear), U",,,,,,,,,,,,,,,,
spp. listed (1/23),Pentopetia,albicans (Jum. & H. Perrier) Klack.,Yes,284,"Not detected (Dragendorff's), L",,,,,,,,,,,,,,,,
spp. listed (2/9),Peplonia,adnata (E. Fourn.) U. C. S. Silva & Rapini,Yes,144,"Detected (tentative LC-MS), L",,,,,,,,,,,,,,,,
,Peplonia,axillaris (Vell.) Fontella & Rapini,Yes,53,"Detected (Dragendorff's & Wagner's), La",,,,,,,,,,,,,,,,
All spp. listed (2/2),Pergularia,daemia (Forssk.) Chiov.,Yes,119,"Detected (unclear), U",,,,Yes,"R, L [148]",,,Yes,Inactive,Inactive,Yes,"IC50 = 203.8 & 244.1 μg/mL (MeOH B, 3D7 & K1)",165,,,
,Pergularia,daemia subsp. daemia,Yes,234,"Detected (TLC - unspecified reagent), Wp",,,,,,,,,,,,,,,,
,Pergularia,tomentosa L.,Yes,235,"Detected (standard procedure, L & S",,,,,,,,,,,,,,,,
NRIF (3 spp.),Periglossum,,,,,,,,,,,,,,,,,,,,
spp. listed (3/17),Periploca,hydaspidis Falc.,Yes,236,"Detected (Mayer's), S & R",,,,,,,,,,,,,,,,
,Periploca,linearifolia Quart.-Dill. & A. Rich,,,,,,,Yes,B [103],,,Yes,Inactive,Inactive,Yes,"IC50 > 100 μg/mL (aq RB, D6 & W2)",34,,,
,Periploca,somaliensis Browicz,,,,,,,,,,,Yes,Inactive,Inactive,Yes,"IC50 > 12.5 μg/mL (MeOH A, K1)",91,Quoted as inactive,,
NRIF (1 sp.),Peruviasclepias,,,,,,,,,,,,,,,,,,,,
NRIF (5 spp.),Pervillaea,,,,,,,,,,,,,,,,,,,,
NRIF (10 spp.),Petalostelma,,,,,,,,,,,,,,,,,,,,
spp. listed (3/8),Petchia,ceylanica (Wight) Livera,Yes,238,"Isolated, L",MIA,indole; indolizidine,,,,,,,,,,,,,,
,Petchia,cryptophlebia (Baker) Leeuwenb.,Yes,279,"Isolated, U",MIA,indole; indolizidine,,Yes,[279],,,,,,,,,,279,PubMed
,Petchia,erythrocarpa (Vatke) Leeuwenb.,,,,,,,Yes,B [278],,,,,,,,,,278,PubMed Central
NRIF (7 spp.),Phaeostemma,,,,,,,,,,,,,,,,,,,,
NRIF (4 spp.),Pherotrichis,,,,,,,,,,,,,,,,,,,,
NRIF (42 spp.),Philibertia,,,,,,,,,,,,,,,,,,,,
NRIF (10 spp.),Phyllanthera,,,,,,,,,,,,,,,,,,,,
NRIF (9 spp.),Piaranthus,,,,,,,,,,,,,,,,,,,,
All spp. listed (1/1),Picralima,nitida (Stapf) T. Durand & H. Durand,Yes,128,"Isolated, U",MIA,indole; quinolizidine,,Yes,"R, SB, Se [128]",,,Yes,Weak,Weak,,"IC50 = 10.9 μg/ml (MeOH Se, W2)",239,Compound tested [258],,
NRIF (4 spp.),Pinochia,,,,,,,,,,,,,,,,,,,,
NRIF (3 spp.),Plectaneia,,,,,,,,,,,,,,,,,,,,
spp. listed (3/6),Pleiocarpa,mutica Benth.,Yes,240/241,"Isolated, R [240], Isolated, SB [241]",MIA; ARB: bisindole,indole; indolizidine; quinolizidine,,Yes,R [241],Yes,R [241],Yes,Weak,Weak,Yes,"IC50 = 16.7 μg/ml (MeOH R, K1)",240,,,
,Pleiocarpa,pycnantha (K. Schum.) Stapf,Yes,241,"Isolated, R & B & L & RB",MIA,indole; indolizidine; quinolizidine,,,,,,,,,,,,,,
,Pleiocarpa,rostrata Benth.,Yes,241,"Isolated, L & SB & B & RB",MIA; ,pyridine; quinoline; indole; indolizidine; quinolizidine; ,,,,,,,,,,,,,,
spp. listed (1/5),Pleioceras,barteri Baill.,Yes,207,"Detected (phytochemical screening), U",,,,,,,,,,,,,,,,
spp. listed (5/19),Plumeria,alba L.,,,,,,,Yes ,[79],,,Yes,Active,Weak,Yes,"IC50 = 36.39 μg/ml (EtOH SB, 3D7)",88,,,
,Plumeria,obtusa L.,Yes,116,"Detected (Dragendorff's precipitation assay), L",,,,,,,,,,,,,,,,
,Plumeria,pudica Jacq.,Yes,244,"Detected (phytochemical screening), U",,,,,,,,,,,,,,,,
,Plumeria,rubra L.,Yes,140,"Isolated, U",quinolizidine; pyridine; isoquinoline; quinoline; MIA; ,unclear,,Yes,B [261],Yes ,"B, R [79]",Yes,Active,Active,,"EC50 = 2.678 & 2.389 μg/ml (hydro-alcoholic Sh, 3D7 & RKL - 9)",242,,,
,Plumeria,sericifolia C. Wright ex Griseb.,Yes,243,"Isolated, U",piperidine,piperidine,,,,,,,,,,,,,,
NRIF (5 spp.),Polystemma,,,,,,,,,,,,,,,,,,,,
NRIF (3 spp.),Pottsia,,,,,,,,,,,,,,,,,,,,
spp. listed (5/65),Prestonia,amabilis J. F. Morales,Yes,143,"Detected (unclear), R & L & Fl",,,,,,,,,,,,,,,,
,Prestonia,amazonica (Benth. ex Müll. Arg.) J. F. Macbr.,Yes,245,"Detected (unclear), L",,,,,,,,,,,,,,,,
,Prestonia,erecta J. F. Morales,Yes,144,"Detected (LC-MS), L",,,,,,,,,,,,,,,,
,Prestonia,portobellensis (Beurl.) Woodson,Yes,143,"Detected (unclear), S & L & Fl",,,,,,,,,,,,,,,,
,Prestonia,quinquangularis (Jacq.) Spreng.,Yes,143,"Detected (unclear), L",,,,,,,,,,,,,,,,
,Prestonia,spp. Megagros (Vell.) Woodson,Yes,65,"Detected (Dragendorff's), A",,,,,,,,,,,,,,,,
NRIF (2 spp.),Pruskortizia,,,,,,,,,,,,,,,,,,,,
NRIF (8 spp.),Pseudolachnostoma,,,,,,,,,,,,,,,,,,,,
NRIF (8 spp.),Pseudolithos,,,,,,,,,,,,,,,,,,,,
spp. listed (1/2),Pteralyxia,laurifolia (G. Don) Leeuwenb.,Yes,281,"Detected (various reagents), L",,,,,,,,,,,,,,,,
NRIF (2 spp.),Ptycanthera,,,,,,,,,,,,,,,,,,,,
NRIF (1 sp.),Pycnobotrya,,,,,,,,,,,,,,,,,,,,
NRIF (1 sp.),Pycnorhachis,,,,,,,,,,,,,,,,,,,,
NRIF (20 spp.),Quaqua,,,,,,,,,,,,,,,,,,,,
NRIF (36 spp.),Raphionacme,,,,,,,,,,,,,,,,,,,,
spp. listed (9/74),Rauvolfia,caffra Sond.,,,,GENUS: ARB: quinoline;  bisindole; ,,,,,,,Yes,Weak,Weak,Yes,"IC50 = 26.5 μg/mL (DCM F, D10)",100,,,
,Rauvolfia,mombasiana Stapf,Yes,283,"Isolated, SB",MIA,indole; quinolizidine,,Yes,R [98],,,Yes,Weak,,,"100 < IC50 < 499 & 10 < IC50 < 49 & 10 < IC50 < 49 μg/mL (petrol ether & DCM & MeOH SB, K1) [305]",98/305,Article cited is DOI: 10.1055/s-2006-960984,,
,Rauvolfia,pentaphylla Huber ex Ducke,Yes,64,"Unclear (detected or isolated?), RB. This source has more info but is illegible",,,,,,,,,,,,,,contains reserpine (alkaloid),,
,Rauvolfia,sandwicensis A. DC.,Yes,280,"Detected (various reagents), B",,,,,,,,,,,,,,,,
,Rauvolfia,serpentina (L.) Benth. ex Kurz,,,,,,,,,Yes,R [79],,,,,,,,,
,Rauvolfia,sprucei Müll. Arg.,Yes,65,"Detected (Dragendorff's), A",,,,,,,,,,,,,,,,
,Rauvolfia,sumatrana Jack,Yes,142,"Isolated, B",MIA,indole; quinolizidine,,,,,,,,,,,,,,
,Rauvolfia,tetraphylla L.,Yes,63,"Isolated, A",MIA,indole; quinolizidine; pyridine; quarternary amine,tropane-like structure but 8 membered ring instead of 7,Yes,"L, R [79]",Yes,"L, R [79]",,,,,,,,,
,Rauvolfia,verticillata (Lour.) Baill.,Yes,201,"Isolated, R & Rh",,,Unsure whether to put piperidine or quinoline,Yes,[79],,,,,,,,,,,
,Rauvolfia,vomitoria Wennberg,Yes,128,"Detected (phytochemical screening), U",,,,Yes,"[128,147]",,,Yes,Active,Active,Yes,"IC50 = 2.5  ± 1.0 μg/mL (EtOH RB, FcB1)",146,,,
NRIF (3 spp.),Rhabdadenia,,,,,,,,,,,,,,,,,,,,
spp. listed (1/2),Rhazya,stricta Decne.,Yes,246,"Isolated, L",MIA,indolizidine; quinolizidine; indole,unusual azabicyclononane structure,,,,,,,,,,,,,
NRIF (1 sp.),Rhigospira,,,,,,,,,,,,,,,,,,,,
NRIF (1 sp.),Rhyssolobium,,,,,,,,,,,,,,,,,,,,
NRIF (17 spp.),Rhytidocaulon,,,,,,,,,,,,,,,,,,,,
NRIF (8 spp.),Rhytidostemma,,,,,,,,,,,,,,,,,,,,
NRIF (1 sp.),Richtersveldia,,,,,,,,,,,,,,,,,,,,
NRIF (10 spp.),Riocreuxia,,,,,,,,,,,,,,,,,,,,
NRIF (1 sp.),Riparoampelos,,,,,,,,,,,,,,,,,,,,
NRIF (2 spp.),Rojasia,,,,,,,,,,,,,,,,,,,,
NRIF (1 sp.),Rotundanthus,,,,,,,,,,,,,,,,,,,,
NRIF (56 spp.),Ruehssia,,,,,,,,,,,,,,,,,,,,
spp. listed (1/3),Saba,comorensis (Bojer ex A. DC.) Pichon,,,,,,,Yes,[103],,,,,,,,,,,
NRIF (2 spp.),Sacleuxia,,,,,,,,,,,,,,,,,,,,
NRIF (20 spp.),Sarcolobus,,,,,,,,,,,,,,,,,,,,
NRIF (1 sp.),Sarcorrhiza,,,,,,,,,,,,,,,,,,,,
NRIF (1 sp.),Schistonema,,,,,,,,,,,,,,,,,,,,
NRIF (26 spp.),Schizoglossum,,,,,,,,,,,,,,,,,,,,
NRIF (2 spp.),Schizostephanus,,,,,,,,,,,,,,,,,,,,
All spp. listed (1/1),Schizozygia,coffeoides Baill.,Yes,201,"Isolated, U",MIA; quinoline,indolizidine; quinolizidine; indole; quinoline,,,,,,Yes,Weak,Weak,Yes,"IC50 = 10.5 μg/mL (MeOH L, W2)",101,,,
NRIF (2 spp.),Schlechterella,,,,,,,,,,,,,,,,,,,,
NRIF (6 spp.),Schubertia,,,,,,,,,,,,,,,,,,,,
NRIF (28 spp.),Scyphostelma,,,,,,,,,,,,,,,,,,,,
spp. listed (2/139),Secamone,afzelii (Reom. & Schult.) K. Schum.,Yes,251,"Detected (phytochemical screening), L",,,,Yes,[200],,,Yes,Active,Active,Yes,"IC50  = 6.48 ± 1.25 & > 20 μg/mL (DCM A, 3D7 & K1)",250,,,
,Secamone,alpini Schult.,Yes,119,"Detected (unclear), U",,,,,,,,,,,,,,,,
spp. listed (1/2),Secamonopsis,,,,,,,,,,,,,,,,,,,,
NRIF (5 spp.),Secondatia,,,,,,,,,,,,,,,,,,,,
NRIF (1 sp.),Sindechites,,,,,,,,,,,,,,,,,,,,
NRIF (15 spp.),Sisyranthus,,,,,,,,,,,,,,,,,,,,
spp. listed (1/3),Skytanthus,acutus Meyen,Yes,252,"Isolated, L",piperidine,piperidine,skytanthus,,,,,,,,,,,,,
NRIF (1 sp.),Socotrella,,,,,,,,,,,,,,,,,,,,
All spp. listed (1/1),Solenostemma,oleifolium (Nectoux) Bullock & E. A. Bruce ex Maire,Yes,253,"Detected (Mayer's), L & Se",,,,,,,,,,,,,,,,
NRIF (1 sp.),Spirolobium,,,,,,,,,,,,,,,,,,,,
NRIF (6 spp.),Spongiosperma,,,,,,,,,,,,,,,,,,,,
spp. listed (1/31),Stapelia,hirsuta L.,Yes,254,"Isolated, A",simple amine,simple amine; quaternary amine,,,,,,,,,,,,,,
NRIF (7 spp.),Stapelianthus,,,,,,,,,,,,,,,,,,,,
NRIF (8 spp.),Stapeliopsis,,,,,,,,,,,,,,,,,,,,
NRIF (14 spp.),Stathmostelma,,,,,,,,,,,,,,,,,,,,
NRIF (1 sp.),Stelmagonum,,,,,,,,,,,,,,,,,,,,
NRIF (6 spp.),Stenostelma,,,,,,,,,,,,,,,,,,,,
NRIF (2 spp.),Stephanostegia,,,,,,,,,,,,,,,,,,,,
NRIF (1 sp.),Stephanostema,,,,,,,,,,,,,,,,,,,,
NRIF (4 spp.),Stephanotis,,,,,,,,,,,,,,,,,,,,
NRIF (2 spp.),Stigmatorhynchus,,,,,,,,,,,,,,,,,,,,
NRIF (1 sp.),Stipecoma,,,,,,,,,,,,,,,,,,,,
NRIF (2 spp.),Stomatostemma,,,,,,,,,,,,,,,,,,,,
spp. listed (1/2),Strempeliopsis,strempelioides Benth.,Yes,255,"Isolated, R",MIA; bisindole,indole; quinolizidine; indolizidine; ,,,,,,,,,,,,,,
spp. listed (1/5),Streptocaulon,juventas (Lour.) Merr.,,,,,,,Yes,R [256],,,Yes,Active,Active,,"EC50 = 4.2 μg/mL (MeOH R, FCR-3)",256,,,
NRIF (1 sp.),Streptoechites,,,,,,,,,,,,,,,,,,,,
spp. listed (3/39),Strophanthus,eminii Asch. ex Pax,,,,,,,Yes,R [257],,,Yes,,Weak,Yes,"ID50 = 1560 mg/kg, mice (80% EtOH U, CQS) ",257,"Had to change up the format here unfortunately. Only gives ID50, no other info given.",276,PubMed Central
,Strophanthus,hispidus DC.,Yes,276,"Detected (unclear), U",,,,Yes,SB [152],,,,,,,,,,,
,Strophanthus,wallichii A. DC.,Yes,259,"Detected (GC-MS), R",,,,,,,,,,,,,,,,
NRIF (1 sp.),Suberogerens,,,,,,,,,,,,,,,,,,,,
Revisit 201 source for more info on alkaloids,Tabernaemontana,alternifolia L.,Yes,201,"Isolated, U",quinoline,quinoline; indolizidine,,,,,,,,,,,,,,
,Tabernaemontana,arborea Rose,Yes,55,"Detected (GC-MS), R & TrB",,,,,,,,,,,,,,,,
,Tabernaemontana,bovina Lour.,Yes,201,"Isolated, Wp",bisindole,indole,fused 6 & 7 membered rings with N on ring junction; 11 membered ring?,,,,,,,,,,,,,
,Tabernaemontana,bufalina Lour.,Yes,208,"Isolated, S",MIA,indole; monoterpenoid,7 membered ring w/ N on ring junction,,,,,,,,,,,compounds coronaridine & voacangine exhibit same AChE inhibition activities as galantamine,,
,Tabernaemontana,catharinensis A. DC.,Yes,59,"Isolated, U",MIA; bisindole; indole; ,indole; peptide; piperidine; quinolizidine; isoquinoline; indolizidine; ,fused 6 & 8 membered rings with N on ring junction; 10 membered ring?,,,,,Yes,Inactive,Inactive,Yes,Inactive/low activity,66,"Authors reported only high activities, but tested more. Could be anything above around 20 μg/mL",,
,Tabernaemontana,coriacea Link ex Reom. & Schult.,Yes,59,"Isolated, U",MIA,indole; indolizidine; ,10 membered N ring; fused 6 & 7 membered rings with N on ring junction,,,,,,,,,,,,,
,Tabernaemontana,corymbosa Roxb. ex Wall.,Yes,247,"Isolated, Sb",MIA,monoterpenoid; indole,,,,,,,,,,,,,,
,Tabernaemontana,cymosa (Jacquin) Dug&,Yes,60,"Isolated, Se",MIA,indole; indolizidine; quinolizidine,fused 6 & 7 membered rings with N on ring junction,,,,,Yes,Inactive,Inactive,Yes,"IC50 > 10 μg/mL (EtOH B, D2 & F32)",22,Quoted as inactive,,
,Tabernaemontana,divaricata (L.) R. Br. ex Roem. & Schult.,Yes,56,"Isolated, SB",MIA,indole; indolizidine,7 membered heterocycle; fused 6 & 7 membered rings with N on ring junction,,,,,,,,,,,,,
,Tabernaemontana,donnell-smithii Rose,Yes,55,"Detected (GC-MS), R & TrB",,,,,,,,,,,,,,contains vocamine,,
,Tabernaemontana,elegans Stapf,Yes,56,"Isolated, U",MIA; bisindole; beta-carboline?,indole; piperidine; pyridine; simple amine,nitrile; 10 membered N ring with 1 atom bridge; fused 6 & 7 membered rings with N on ring junction,Yes,R [125],,,Yes,Weak,Weak,No,"IC50 = 59.0 & 26.9 μg/mL (hex & DCM L, 3D7) [301] IC50 = 0.331 & 0.834 μg/mL (DCM & 50% MeOH SB, NF54)",301/304,,,
,Tabernaemontana,heterophylla Vahl,Yes,58/59,"Isolated, RW [58] Isolated, U [59]",MIA,indole; piperidine; quinolizidine; isoquinoline; monoterpenoid,7 membered ring w/ N on ring junction,,,,,,,,,,,,,
,Tabernaemontana,hystrix Steud.,Yes,59/302,"Isolated, U [59] Isolated, SB & RB & Se [302]",MIA; indolizidine; indole; ,indole; quinolizidine; piperidine; isoquinoline,fused 6 & 8 membered rings with N on ring junction; 8 membered ring with 1 atom bridge (N on bridge junction); 10 membered N ring;,Yes,[318],,,Yes,Active,Active [302],,"IC50 = 411 nM (voacamine, CQR) [26], IC50 = 495 & 671 ng/mL (crude alkaloid SB, D6 & W2 strains) [302]",26/302,Compound tested [26] & [302],,
,Tabernaemontana,laeta Mart.,Yes,59,"Isolated, U",,indole; piperidine; quinolizidine; isoquinoline,10 membered N ring; fused 6 & 7 membered rings with N on ring junction,,,,,,,,,,,,,
,Tabernaemontana,linkii A. DC.,,,,,,,,,,,,,,,,,,,
,Tabernaemontana,litoralis Kunth.,,,,,,,,,,,,,,,,,,,
,Tabernaemontana,markgrafiana J. F. Macbr.,Yes,62,"Isolated, B",,monoterpenoid; indole; quinolizidine,7 membered ring w/ N on ring junction,,,,,,,,,,,,,
,Tabernaemontana,pachysiphon Stapf,Yes,56,"Isolated, L & R & SB",,indole; indolizidine; monoterpenoid;,,,,,,Yes,Active,Active,Yes,"IC50 = 4.8 & 3.9 μg/mL (aq & MeOH F, D6) & IC50 = 4.4 μg/mL (aq F, W2)",101,,,
,Tabernaemontana,"panamensis (Markgr., Boiteua & L. Allorge) Leeuwenb.",,,,,,,,,,,Yes,,Inactive,Yes,"IC50 > 10 & > 10  μg/mL (80% EtOH L & S, W2)",303,,,
,Tabernaemontana,pandacaqui Poir.,Yes,56,"Detected (source refers to alkaloid fraction), S",,,,Yes,SB [88],,,,,,,,,,,
,Tabernaemontana,peduncularis Wall.,,,,,,,,,,,Yes,Active,Active,Yes,"IC50 = 1.1 ± 1.0 μg/mL (CHCl3 S, K1)",122,,,
,Tabernaemontana,sananho Ruiz & Pav.,Yes,61,"Isolated, L",,indole; monoterpenoid; piperidine,7 membered ring w/ N on ring junction; 8 membered N ring,,,,,,,,,,,,,
,Tabernaemontana,sessilifolia Baker,Yes,201,"Isolated, Sb",,indole; monoterpenoid,7 membered heterocycle w/ N atom on ring junction (3 membered ring),,,,,Yes,Active,Active,Yes,"IC50 = 1.2 μM (tabernaelegantine D, FcB1) [IC50 = 0.8 μg/mL]",201,Compounds tested,,
,Tabernaemontana,siphilitica (L.f.) Leeuwenb.,Yes,59,"Isolated, U",,indole; quinoline,fused 6 & 7 membered rings with N on ring junction,,,,,,,,,,,,,
,Tabernaemontana,solanifolia A. DC.,Yes,59,"Isolated, U ",,indole; quinolizidine,fused 6 & 8 membered rings with N on ring junction,,,,,,,,,,,,,
,Tabernaemontana,stapfiana Britten,Yes,288,"Detected (phytochemical screening), U",,,,,,,,,,,,,,,,
spp. listed (33/123),Tabernaemontana ,alba Mill.,Yes,55,"Detected (GC-MS), R & TrB",,,,,,,,,,,,,,,,
,Tabernaemontana ,amygdalifolia Jacq.,Yes,56,"Isolated, B",,indole; quinolizidine; ,bridgehead N atom across 7 membered ring,,,,,,,,,,,,,
,Tabernaemontana ,angulata Mart. ex Müll. Arg.,Yes,59,"Isolated, U",MIA,indole; ,7 membered ring w/ N on ring junction,,,,,,,,,,,,,
,Tabernaemontana ,citrifolia L.,Yes,56,"Isolated, U",,indole; ,7 membered ring w/ N on ring junction,,,,,,,,,,,,,
,Tabernaemontana ,rupicola Benth.,Yes,59,"Isolated, U",,indole; quinoline; ,"7 membered ring w/ N on ring junction; Contains montanine, interesting, different structure to other T. sp.",,,,,Yes,Active,,,"IC50 = 1.6 & 6.5 μg/mL (Alkaloidal & EtOAC SB, FcB1)",56,,,
,Tabernaemontana ,salzmannii A. DC.,Yes,56/59,"Isolated, RB [56] Isolated, U [59]",MIA; indole,indole; quinolizidine; isoquinoline,7 membered ring w/ N on ring junction,,,,,,,,,,,,,
,Tabernaemontana ,undulata Vahl,,,,,,,,,,,Yes,Weak,,Yes,"IC50 = 25 & 40 μg/mL (MeOH L, F32 & D2) ",298,,,
spp. listed (1/2),Tabernanthe,iboga Baill.,Yes,260,"Isolated, R",MIA,indole; ,7 membered ring w/ N on ring junction connected to ,,,,,,,,,,,,,
NRIF (5 spp.),Tacazzea,,,,,,,,,,,,,,,,,,,,
NRIF (31 spp.),Tassadia,,,,,,,,,,,,,,,,,,,,
NRIF (3 spp.),Tavaresia,,,,,,,,,,,,,,,,,,,,
NRIF (3 spp.),Telectadium,,,,,,,,,,,,,,,,,,,,
spp. listed (1/9),Telosma,pallida (Roxb.) Craib,Yes,233,"Isolated, R",indolizidine,indolizidine,,,,,,,,,,,,,,
spp. listed (2/3),Temnadenia,odorifera (vell.) J. F. Morales,Yes,144,"Detected (LC-MS), L",,,,,,,,,,,,,,,,
,Temnadenia,violacea (Vell.) Miers,Yes,144,"Detected (LC-MS), L",,,,,,,,,,,,,,,,
NRIF (3 spp.),Thenardia,,,,,,,,,,,,,,,,,,,,
NRIF (3 spp.),Thevetia,,,,,,,,,,,,,,,,,,,,
NRIF (3 spp.),Thoreauea,,,,,,,,,,,,,,,,,,,,
NRIF (1 sp.),Thyrsanthella,,,,,,,,,,,,,,,,,,,,
NRIF (3 spp.),Tintinnabularia,,,,,,,,,,,,,,,,,,,,
NRIF (2 spp.),Topea,,,,,,,,,,,,,,,,,,,,
NRIF (33 spp.),Toxocarpus,,,,,,,,,,,,,,,,,,,,
spp. listed (1/9),Trachelospermum,asiaticum (Siebold & Zucc.) Nakai,,,,,,,,,Yes,"L, S, R [320]",,,,,,,,,
,Trachelospermum,jasminoides (Lindl.) Lem.,Yes,262,"Isolated, L & S",MIA,indole; monoterpenoid; ,7 membered ring w/ N on ring junction - like in tabernaemontana; 8-membered ring w/ N atom connected to bridging C atoms; weird piperidine in conoflorine,,,,,,,,,,,,,
NRIF (1 sp.),Tressensia,,,,,,,,,,,,,,,,,,,,
NRIF (1 sp.),Treutlera,,,,,,,,,,,,,,,,,,,,
NRIF (1 sp.),Trichosandra,,,,,,,,,,,,,,,,,,,,
NRIF (8 spp.),Tridentea,,,,,,,,,,,,,,,,,,,,
NRIF (11 spp.),Tromotriche,,,,,,,,,,,,,,,,,,,,
NRIF (6 spp.),Tweedia,,,,,,,,,,,,,,,,,,,,
NRIF (4 spp.),Tylodontia,,,,,,,,,,,,,,,,,,,,
spp. listed (1/21),Urceola,polymorpha (Pierre ex Spire) D. J. Middleton & Livsh.,Yes,141,"Detected (Dragendorff's), L",,,,,,,,,,,,,,,,
NRIF (2 spp.),Vahadenia,,,,,,,,,,,,,,,,,,,,
NRIF (1 sp.),Vailia,,,,,,,,,,,,,,,,,,,,
spp. listed (2/3),Vallaris,glabra (L.) Kuntze,Yes,90,"Detected (Dragendorff's precipitation assay), L",,,,,,,,Yes,Active,Active,Yes,"IC50 = 0.85 μg/mL (DCM L, K1)",90,,,
,Vallaris,solanacea (Roth) Kuntze,Yes,263,"Detected (phytochemical screening), L & S",,,,,,,,,,,,,,,,
spp. listed (1/11),Vallesia,glabra (Cav.) Link,Yes,32,"Detected (Dragendorff's & Mayer's), U",,,,,,,,Yes,Active,Active,Yes,"IC50 = 3.75 ± 1.06 μg/mL (70% EtOH B, F32)",33,"[33] reference Bourdy, Geneviève, LR Chāvez de Michel, and A. Roca-Coulthard. ""Pharmacopoeia in a shamanistic society: the Izoceno-Guaranı (Bolivian Chaco)."" Journal of Ethnopharmacology 91.2-3 (2004): 189-208. to evidence ethnobotanical use, but it's not known to be used for malaria or fever",,
spp. listed (4/7),Vinca,erecta Regel & Schmalh.,Yes,267,"Isolated, U",MIA; ARB: quinoline,indole; indolizidine; quinolizidine; monoterpenoid,,,,,,,,,,,,,,
,Vinca,herbacea Waldst. & Kit.,Yes,268,"Detected (spectrophotomeric determination), R",,,,,,,,,,,,,,,,
,Vinca,major L.,Yes,265,"Isolated, A",MIA,indole; quinolizidine; monoterpenoid,,Yes,[79],Yes,[79],,,,,,,,,
,Vinca,minor L.,Yes,264,"Isolated, A",MIA,indole; monoterpenoid; quinolizidine; indolizidine; ,,,,,,,,,,,,,,
spp. listed (12/250),Vincetoxicum,atratum (Bung) C. Morren,,,,,,,Yes,[135],,,,,,,,,,,
,Vincetoxicum,auriculatum (Royle ex Wight) Kuntze,Yes,137,"Isolated, U",Nicotinic acid ester on steroid,steroidal (w/ nicotinic acid ester); ,,,,,,,,,,,,,,
,Vincetoxicum,dalzellii (Hook. f.) Kuntze,Yes,289,"Detected (phytochemical screening), U",,,,,,,,,,,,,,,,
,Vincetoxicum,forrestii (Schltr.) C. Y. Wu & D. Z. Li,Yes,133,"Isolated, R",indolizidine; ,indolizidine; ,phenanthroindolizidine,,,,,,,,,,,,,
,Vincetoxicum,hirundinaria Medik.,Yes,80,"Isolated, R & A",indolizidine;,indolizidine;,phenanthroindolizidine,,,,,,,,,,,Antofine is the alkaloid discussed,,
,Vincetoxicum,mongolicum Maxim.,Yes,129,"Isolated, U",indolizidine;,indolizidine;,phenanthroindolizidine,,,,,,,,,,,,,
,Vincetoxicum,mukdenense Kitag.,Yes,130,"Isolated, R",indolizidine;,indolizidine;,phenanthroindolizidine,Yes,[136],,,,,,,,,,,
,Vincetoxicum,nigrum (L.) Moench,Yes,80,"Isolated, Sh / Detected (HPLC & LRESIMS), Se",,,,,,,,,,,,,,,,
,Vincetoxicum,pumilum Decne.,Yes,80,"Unclear (detected or isolated?), R",,,,,,,,,,,,,,,,
,Vincetoxicum,rossicum (Kleopow) Barbar.,Yes,80,"Isolated, Sh / Detected (HPLC & LRESIMS), Se",,,,,,,,,,,,,,,,
,Vincetoxicum,spirale (Forssk.) D. Z. Li,Yes,232,"Detected (phytochemical screening), U",,,,,,,,,,,,,,,,
,Vincetoxicum,stocksii Ali & Khatoon,,,,,,,,,,,Yes,,Weak,Yes,"40% inhibition at 10 μg/mL (EtOH Wp, D6)",269,,,
,Vincetoxicum,tanakae (Maxim.) Franch. & Sav.,Yes,134,"Isolated, U",indolizidine; ,indolizidine; ,phenanthroindolizidine,,,,,,,,,,,,,
spp. listed (8/13),Voacanga,africana Stapf,Yes,271,"Isolated, U",MIA; bisindole,indole; indolizidine; quinolizidine; monoterpenoid,most (not all) bisindole; 8 membered ring w N atom,Yes,"Se, La, B, R [272]",,,,,,,,,,,
,Voacanga,bracteata Stapf,Yes,271,"Isolated, U",MIA; bisindole,monoterpenoid; indole,bisindole,,,,,,,,,,,,,
,Voacanga,chalotiana Pierre ex Stapf,Yes,271,"Isolated, U",MIA; bisindole,indole; quinolizidine; indolizidine; monoterpenoid,bisindole; ,,,,,,,,,,,,,
,Voacanga,foetida (Blume) Rolfe,Yes,142,"Isolated, L",MIA; bisindole,indole; monoterpenoid; indolizidine,bisindole,,,,,,,,,,,,,
,Voacanga,globosa (Blaco) Merr.,Yes,271,"Isolated, U",MIA; bisindole,indole; piperidine; monoterpenoid; indolizidine; ,bisindole; ,,,,,,,,,,,,,
,Voacanga,grandifolia (Miq.) Rolfe,Yes,270,"Isolated, L",MIA; bisindole,indole; indolizidine; ,bisindole,,,,,Yes,Active,Active,Yes,"IC50 = 3.3 μM (isovobtusine-N-oxide, 3D7) [IC50 = 2.4 μg/mL]",270,,,
,Voacanga,megacarpa Merr.,Yes,271,"Isolated, U",MIA; bisindole,indole; indolizidine; ,bisindole,,,,,,,,,,,,,
,Voacanga,thouarsii Roem. ex Schult.,Yes,271,"Isolated, U",MIA; bisindole,indole; indolizidine; piperidine; monoterpenoid; quinoline; isoquinoline; ,bisindole,,,,,,,,,,,,,
NRIF (1 sp.),Vulcanoa,,,,,,,,,,,,,,,,,,,,
spp. listed (1/2),Wattakaka,volubilis (L.f.) Stapf,Yes,119,"Detected (unclear), U",,,,,,,,,,,,,,,,
NRIF (1 sp.),White-sloanea,,,,,,,,,,,,,,,,,,,,
NRIF (16 spp.),Willughbeia,,,,,,,,,,,,,,,,,,,,
NRIF (3 spp.),Woodia,,,,,,,,,,,,,,,,,,,,
spp. listed (6/33),Wrightia,antidysenterica (L.) R.Br.,Yes,144,"Detected (tentative LC-MS), L",GENUS: ARB: indole,,,,,,,,,,,,,,,
,Wrightia,arborea (Dennst.) Mabb.,Yes,285,"Detected (phytochemical screening), L & B",,,,,,,,Yes,Weak,Active,Yes,"IC50 = 25 μg/mL (EtOH L, 3D7)",164,,,
,Wrightia,dubia (Sims) Spreng.,Yes,144,"Detected (tentative LC-MS), L",,,,Yes,L [261],,,Yes,Weak,Weak,Yes,"IC50 = 17.3 ± 1.1 μg/ml (DCM L, FcB1)",261,,,
,Wrightia,karaketii D. J. Middleton,Yes,144,"Detected (tentative LC-MS), L",,,,,,,,,,,,,,,,
,Wrightia,pubescens R. Br.,,,,,,,Yes,"L,R,SB [88] L, R, B [273]",,,,,,,,,,,
,Wrightia,pubescens subsp. laniti (Blanco) Ngan,Yes,201,"Isolated, U",steroidal; ,steroidal; simple amine; pyrrole,pregnane alkaloids ,,,,,,,,,,,,,
,Wrightia,pubescens subsp. penicillata (F. M. Bailey) Ngan,Yes,144,"Detected (LC-MS), L",,,,,,,,,,,,,,,,
,Wrightia,pubescens subsp. pubescens,,,,,,,Yes,"L, R [273]",,,,,,,,,,,
,Wrightia,tinctoria (Roxb.) R. Br.,Yes,144,"Detected (LC-MS), L [144], Detected (phytochemical screening), L [287]",,,,,,Yes,[79],Yes,Inactive,Inactive,Yes,"IC50 = 160 μg/mL (EtOH F, 3D7)",164,,,
spp. listed (1/42),Xysmalobium,undulatum (L.) W. T. Aiton.,,,,,,,,,,,Yes,Active,Active,Yes,"IC50 = 6 μg/mL (DCM:MeOH 1:1 Wp, D10)",100,,,
NRIF (1 sp.),Zygostelma,,,,,,,,,,,,,,,,,,,,
