Information ,Genus,Species,Cardenolides/Steroids?,Description,Ref.,Notes,,,,,,,,,,,,,,,,,,,,Native range:,,,,,,History of antimalarial use?
spp. listed (2/5),Acokanthera,oppositifolia (Lam.) Codd,Yes,"Cardenolide glycosides (seeds, stems & twigs)","2, 3","Species listed as Acokanthera longiflora (synonym), 3",,,,,,,,,,,,,,,,,,,,Kenya to S. Africa,,,,,,
,Acokanthera,schimperi (A. DC.) Schweinf.,Yes,Cardenolide glycosides (seeds),1,,,,,,,,,,,,,,,,,,,,,"NE. & E. Tropical Africa to E. DR Congo, Arabian Peninsula",,,,,,Yes
spp. listed (3/6),Adenium ,boehmianum Schinz,Yes,Cardenolide glycosides (whole plant),6,,,,,,,,,,,,,,,,,,,,,S. Angola to NW. & Central Namibia,,,,,,
,Adenium ,multiflorum Klotzsch,Yes,Cardenolide glycosides (aerial parts?),4,,,,,,,,,,,,,,,,,,,,,S. Tropical & S. Africa,,,,,,
,Adenium ,obesum (Forssk.) Roem. & Schult.,Yes,cardenolide glycosides (aerial parts?),4,"Species listed as Adenium honghel (synonym), 4",,,,,,,,,,,,,,,,,,,,W. Tropical Africa to Arabian Peninsula and Tanzania,,,,,,
NRIF (9 spp.),Aganosma,,,,,,,,,,,,,,,,,,,,,,,,,,,,,,,
spp. listed (1?/26),Alafia,spp.,Yes,"One cardenolide glycoside, one steroid glycoside (leaves)",7,Unidentified species,,,,,,,,,,,,,,,,,,,,,,,,,,
NRIF (15 spp.),Allamanda,,,,,,,,,,,,,,,,,,,,,,,,,,,,,,,
NRIF (10 spp.),Allomarkgrafia,,,,,,,,,,,,,,,,,,,,,,,,,,,,,,,
NRIF (1 sp.),Allowoodsonia,,,,,,,,,,,,,,,,,,,,,,,,,,,,,,,
NRIF (44 spp.),Alstonia ,,,,,,,,,,,,,,,,,,,,,,,,,,,,,,,
NRIF (106 spp.),Alyxia,,,,,,,,,,,,,,,,,,,,,,,,,,,,,,,
NRIF (1 sp.),Amalocalyx,microlobus Pierre ex Spire,Yes,"Steroid derivatives, steroid glycosides (whole plant)","8, 9",Species listed as Amalocalyx yunnanensis (synonym),,,,,,,,,,,,,,,,,,,,China (S. Yunnan) to Indo-China,,,,,,
NRIF (3 spp.),Ambelania,,,,,,,,,,,,,,,,,,,,,,,,,,,,,,,
NRIF (3 spp.),Ampelamus,,,,,,,,,,,,,,,,,,,,,,,,,,,,,,,
NRIF (1 sp.),Amphineurion,,,,,,,,,,,,,,,,,,,,,,,,,,,,,,,
NRIF (16 spp.),Amsonia,,,,,,,,,,,,,,,,,,,,,,,,,,,,,,,
NRIF (8 spp.),Ancylobothrys,,,,,,,,,,,,,,,,,,,,,,,,,,,,,,,
NRIF (1 sp.),Anechites,,,,,,,,,,,,,,,,,,,,,,,,,,,,,,,
NRIF (3 spp.),Anemotrochus,,,,,,,,,,,,,,,,,,,,,,,,,,,,,,,
NRIF (2 spp.),Angadenia,,,,,,,,,,,,,,,,,,,,,,,,,,,,,,,
NRIF (2 spp.),Anisopus,,,,,,,,,,,,,,,,,,,,,,,,,,,,,,,
NRIF (3 spp.),Anisotoma,,,,,,,,,,,,,,,,,,,,,,,,,,,,,,,
spp. listed (1/17),Anodendron,affine (Hook. & Arn.) Druce,Yes,"Cardenolides, cardenolide glycosides (bark, leaves, seeds, stems)","10, 11, 12, 13, 14, 15","Alkaloids (leaves, stems) co-occur in this species, 235",,,,,,,,,,,,,,,,,,,,Bangladesh to Central & S. Japan and Philippines,,,,,,
spp. listed (2+/4),Apocynum,cannabinum L.,Yes,"Cardenolide glycosides, cardenolide glycoside derivatives (rhizome, roots)","16, 17","Alkaloids co-occur in this species, 233, 234",,,,,,,,,,,,,,,,,,,,Canada to U.S.A.,,,,,,
,Apocynum,venetum subsp. basikurumon (H.Hara) ined.,Yes,Cardenolide glycosides (roots),18,"Accepted subspecies, listed as Apocynum venetum var. basikurumon (synonym?)",,,,,,,,,,,,,,,,,,,,N. & N. Central Japan,,,,,,
spp. listed (2/7),Apteranthes,europaea var. judaica (Zohary) Plowes,Yes,Steroid glycosides (whole plant),44,"Accepted variety, listed as Caralluma negevensis (synonym)",,,,,,,,,,,,,,,,,,,,W. Jordan to Sinai,,,,,,
,Apteranthes ,tuberculata (N.E.Br.) Meve & Liede,Yes,Steroid glycosides (aerial parts),41,Species listed as Caralluma tuberculata (synonym),,,,,,,,,,,,,,,,,,,,"Jordan, Afghanistan to NW. India",,,,,,
NRIF (13 spp.),Araujia,sericifera Brot.,Yes,Steroid glycosides (roots),19,,,,,,,,,,,,,,,,,,,,,SE. & S. Brazil to NE. Argentina,,,,,,
NRIF (5 spp.),Artia,,,,,,,,,,,,,,,,,,,,,,,,,,,,,,,
spp. listed (7/206),Asclepias,curassavica L.,Yes,"Cardenolides, cardenolide glycosides, steroids, steroid glycosides (aerial parts, roots)","20, 21",,,,,,,,,,,,,,,,,,,,,Mexico to Tropical America,,,,,,Yes
,Asclepias,eriocarpa Benth.,Yes,Cardenolides (aerial parts),23,,,,,,,,,,,,,,,,,,,,,California to Mexico (N. Baja California),,,,,,
,Asclepias,humistrata Walter,Yes,"Cardenolides, cardenolide glycosides (leaves, stems)",22,,,,,,,,,,,,,,,,,,,,,SE. U.S.A.,,,,,,
,Asclepias,incarnata L.,Yes,Steroid glycosides (aerial parts),24,,,,,,,,,,,,,,,,,,,,,Central & E. Canada to W. Central & E. U.S.A.,,,,,,
,Asclepias,sullivantii Engelm. ex A.Gray,Yes,Steroid glycosides (aerial parts),228,,,,,,,,,,,,,,,,,,,,,SE. Canada to Arkansas,,,,,,
,Asclepias,syriaca L.,Yes,Steroid glycosides (roots),227,"One alkaloid (roots) co-occurs in this species, 232",,,,,,,,,,,,,,,,,,,,Central & E. Canada to Central & E. U.S.A.,,,,,,
,Asclepias,tuberosa L.,Yes,"Cardenolides, cardenolide thiazoles, cardenolide glycoside derivatives (aerial parts, roots)","26, 27","Cardenolide thiazole alkaloids (roots) occur in this species, 27",,,,,,,,,,,,,,,,,,,,"SE. Canada, U.S.A. to N. Mexico",,,,,,
NRIF (4 spp.),Asketanthera,,,,,,,,,,,,,,,,,,,,,,,,,,,,,,,
NRIF (37 spp.),Aspidoglossum,,,,,,,,,,,,,,,,,,,,,,,,,,,,,,,
NRIF (5 spp.),Aspidonepsis,,,,,,,,,,,,,,,,,,,,,,,,,,,,,,,
NRIF (78 spp.),Aspidosperma,,,,,,,,,,,,,,,,,,,,,,,,,,,,,,,
NRIF (2 spp.),Astephanus,,,,,,,,,,,,,,,,,,,,,,,,,,,,,,,
NRIF (1 sp.),Asterostemma,,,,,,,,,,,,,,,,,,,,,,,,,,,,,,,
NRIF (1 sp.),Atherandra,,,,,,,,,,,,,,,,,,,,,,,,,,,,,,,
NRIF (4 spp.),Atrostemma,,,,,,,,,,,,,,,,,,,,,,,,,,,,,,,
NRIF (1 sp.),Australluma,,,,,,,,,,,,,,,,,,,,,,,,,,,,,,,
NRIF (1 sp.),Baharuia,,,,,,,,,,,,,,,,,,,,,,,,,,,,,,,
NRIF (2 spp.),Bahiella,,,,,,,,,,,,,,,,,,,,,,,,,,,,,,,
NRIF (18 spp.),Baissea,,,,,,,,,,,,,,,,,,,,,,,,,,,,,,,
NRIF (2 spp.),Ballyanthus,,,,,,,,,,,,,,,,,,,,,,,,,,,,,,,
NRIF (7 spp.),Barjonia ,,,,,,,,,,,,,,,,,,,,,,,,,,,,,,,
spp. listed (1/10),Baroniella,acuminata (Choux) Bullock,Yes,Steroid glycosides (aerial parts),28,Species listed as Baseonema acuminatum (synonym),,,,,,,,,,,,,,,,,,,,Madagascar,,,,,,
NRIF (1 sp.),Baseonema,,,,,,,,,,,,,,,,,,,,,,,,,,,,,,,
NRIF (3 spp.),Batesanthus,,,,,,,,,,,,,,,,,,,,,,,,,,,,,,,
NRIF (1 sp.),Baynesia,,,,,,,,,,,,,,,,,,,,,,,,,,,,,,,
spp. listed (3/9),Beaumontia,brevituba Oliv.,Yes,"Cardenolide glycosides (leaves, seeds, unripe fruit)","29, 30",,,,,,,,,,,,,,,,,,,,,China (Guangxi) to Hainan,,,,,,
,Beaumontia,grandiflora Wall.,Yes,Cardenolide glycosides (seeds),31,"One steroidal alkaloid (stems) co-occurs in this species, 231",,,,,,,,,,,,,,,,,,,,"Nepal to China (S. Yunnan, SW. Guangxi) and Indo-China",,,,,,
,Beaumontia,murtonii Craib,Yes,Cardenolide glycosides (leaves),29,,,,,,,,,,,,,,,,,,,,,China (S. Yunnan) to Peninsula Malaysia,,,,,,
NRIF (26 spp.),Blepharodon,,,,,,,,,,,,,,,,,,,,,,,,,,,,,,,
species listed (3/8),Boucerosia,indica (Wight & Arn.) Plowes,Yes,Steroid glycosides (whole plant),237,Species listed as Caralluma indica (synonym),,,,,,,,,,,,,,,,,,,,Indian Subcontinent to Myanmar,,,,,,
,Boucerosia,pauciflora Wight,Yes,Steroids (whole plant),239,Species listed as Caralluma pauciflora (synonym),,,,,,,,,,,,,,,,,,,,SE. India (Tamil Nadu),,,,,,
,Boucerosia ,umbellata (Haw.) Wight & Arn.,Yes,Steroid glycosides (whole plant),42,Species listed as Caralluma lasiantha N. E. Br (synonym),,,,,,,,,,,,,,,,,,,,"India, Sri Lanka, Bangladesh to Myanmar",,,,,,
NRIF (3 spp.),Bousigonia ,,,,,,,,,,,,,,,,,,,,,,,,,,,,,,,
NRIF (1 sp.),Bruceholstia,,,,,,,,,,,,,,,,,,,,,,,,,,,,,,,
NRIF (2 spp.),Buckollia,,,,,,,,,,,,,,,,,,,,,,,,,,,,,,,
NRIF (2 spp.),Calciphila,,,,,,,,,,,,,,,,,,,,,,,,,,,,,,,
NRIF (6 spp.),Callichilia,,,,,,,,,,,,,,,,,,,,,,,,,,,,,,,
NRIF (1 sp.),Calocrater,,,,,,,,,,,,,,,,,,,,,,,,,,,,,,,
spp. listed (2/3),Calotropis,gigantea (L.) Dryand.,Yes,Cardenolide glycosides (leaves),"34, 35","One alkaloid (root bark) co-occurs in this species, 229, but the assigned structure is wrong, 230",,,,,,,,,,,,,,,,,,,,S. China to Tropical Asia,,,,,,Yes
,Calotropis,procera (Aiton) W. T. Aiton,Yes,"Cardenolides, cardenolide thiazoles, cardenolide glycosides (aerial parts, latex, stems)","36, 37, 38","Cardenolide thiazole alkaloids (latex) co-occur in this species, 37",,,,,,,,,,,,,,,,,,,,"Macaronesia, N. & Tropical Africa to Indo-China",,,,,,Yes
NRIF (13 spp.),Calyptranthera,,,,,,,,,,,,,,,,,,,,,,,,,,,,,,,
NRIF (7 spp.),Cameraria,,,,,,,,,,,,,,,,,,,,,,,,,,,,,,,
NRIF (1 sp.),Campestigma,,,,,,,,,,,,,,,,,,,,,,,,,,,,,,,
NRIF (9 spp.),Camptocarpus,,,,,,,,,,,,,,,,,,,,,,,,,,,,,,,
spp. listed (4/31),Caralluma,adscendens var. fimbriata (Wall.) Gravely & Mayur.,Yes,Steroid glycosides (whole plant),45,Accepted variety (Tropicos),,,,,,,,,,,,,,,,,,,,India,,,,,,
,Caralluma ,adscendens var. gracilis Gravely & Mayur.,Yes,Steroid glycosides (whole plant),239,Accepted variety,,,,,,,,,,,,,,,,,,,,India,,,,,,
,Caralluma,dalzielii N. E. Br.,Yes,Steroid glycosides (whole plant),40,,,,,,,,,,,,,,,,,,,,,W. Tropical Africa to Sudan,,,,,,
,Caralluma,fimbriata Wall.,Yes,Steroid glycosides (aerial parts),46,,,,,,,,,,,,,,,,,,,,,"India, Sri Lanka, Myanmar",,,,,,
,Caralluma,stalagmifera C.E.C.Fisch.,Yes,Steroid glycosides (whole plant),237,,,,,,,,,,,,,,,,,,,,,SW. India,,,,,,
NRIF (9 spp.),Carissa,,,,,,,,,,,,,,,,,,,,,,,,,,,,,,,
NRIF (4 spp.),Carruthersia,,,,,,,,,,,,,,,,,,,,,,,,,,,,,,,
NRIF (2 spp.),Carvalhoa,,,,,,,,,,,,,,,,,,,,,,,,,,,,,,,
spp. listed (1/6),Cascabela,thevetia (L.) Lippold,Yes,"Cardenolide glycosides, homocardenolides, derivatives (leaves, seeds)","205, 206, 208, 209, 210, 211","Species listed as Thevetia peruviana (synonym), 208, 209, and Thevetia neriifolia (synonym), 205, 206, 210, 211",,,,,,,,,,,,,,,,,,,,Mexico to S. Tropical America,,,,,,Yes
spp. listed (1/9),Catharanthus,roseus (L.) G. Don,Yes,Steroids (cultured plant cells?),"243, 244","Many alkaloids co-occur in this species, see MPNS - Apocynaceae, alkaloids",,,,,,,,,,,,,,,,,,,,Madagascar,,,,,,Yes
spp. listed (1/4),Caudanthera,sinaica (Decne.) Plowes,Yes,Steroid glycosides (whole plant),43,Species listed as Caralluma sinaica (synonym),,,,,,,,,,,,,,,,,,,,"NE. Sudan, Israel to Sinai and NW. Saudi Arabia",,,,,,
spp. listed (2/6),Cerbera,manghas L.,Yes,"Cardenolide glycosides (bark, leaves, seeds)","47, 48, 49",,,,,,,,,,,,,,,,,,,,,"Tanzania (Pemba), W. Indian Ocean to Pacific",,,,,,Yes
,Cerbera,odollam Gaertn.,Yes,"Cardenolide glycosides (leaves, seeds)","48, 50",,,,,,,,,,,,,,,,,,,,,S. India to Pacific,,,,,,
NRIF (3 spp.),Cerberiopsis,candelabra Vieill. ex Pancher & Sebert,Yes,One cardenolide glycoside,51,,,,,,,,,,,,,,,,,,,,,New Caledonia,,,,,,
spp. listed (1/420),Ceropegia,fusca Bolle,Yes,Steroid glycosides (aerial parts),52,One steroidal ester alkaloid (aerial parts) co-occurs in this species,,,,,,,,,,,,,,,,,,,,"Canary Islands (Gran Canaria, Tenerife)",,,,,,
NRIF (1 sp.),Chamaeclitandra,,,,,,,,,,,,,,,,,,,,,,,,,,,,,,,
NRIF (14 spp.),Chilocarpus,,,,,,,,,,,,,,,,,,,,,,,,,,,,,,,
NRIF (2 spp.),Chlorocyathus,,,,,,,,,,,,,,,,,,,,,,,,,,,,,,,
NRIF (4 spp.),Chloropetalum,,,,,,,,,,,,,,,,,,,,,,,,,,,,,,,
NRIF (10 spp.),Chonemorpha,,,,,,,,,,,,,,,,,,,,,,,,,,,,,,,
NRIF (3 spp.),Cibirhiza,,,,,,,,,,,,,,,,,,,,,,,,,,,,,,,
All spp. listed (1/1),Cionura ,erecta (L.) Griseb.,Yes,Steroids (leaves),133,Species listed as Marsdenia erecta (synonym),,,,,,,,,,,,,,,,,,,,SE. Europe to SW. Afghanistan,,,,,,
NRIF (2 spp.),Cleghornia,,,,,,,,,,,,,,,,,,,,,,,,,,,,,,,
NRIF (1 sp.),Clitandra,,,,,,,,,,,,,,,,,,,,,,,,,,,,,,,
NRIF (7 spp.),Condylocarpon,,,,,,,,,,,,,,,,,,,,,,,,,,,,,,,
NRIF (1 sp.),Conomitra,,,,,,,,,,,,,,,,,,,,,,,,,,,,,,,
NRIF (2 spp.),Cordylogyne,,,,,,,,,,,,,,,,,,,,,,,,,,,,,,,
NRIF (3 spp.),Cosmostigma,,,,,,,,,,,,,,,,,,,,,,,,,,,,,,,
NRIF (5 spp.),Couma,,,,,,,,,,,,,,,,,,,,,,,,,,,,,,,
NRIF (1 sp.),Craspidospermum,,,,,,,,,,,,,,,,,,,,,,,,,,,,,,,
NRIF (1 sp.),Crioceras,,,,,,,,,,,,,,,,,,,,,,,,,,,,,,,
NRIF (2 spp.),Cristobalia,,,,,,,,,,,,,,,,,,,,,,,,,,,,,,,
spp. listed (1/42),Cryptolepis,buchananii R. Br. ex Roem. & Schult.,Yes,Cardenolide glycosides (leaves),53,"One alkaloid (stems) co-occurs in this species, 246",,,,,,,,,,,,,,,,,,,,Indian Subcontinent to S. China and Indo-China,,,,,,
NRIF (2 spp.),Cryptostegia,grandiflora (Roxb.) R. Br.,Yes,"Cardenolides, cardenolide glycosides (aerial parts, leaves)","54, 55",,,,,,,,,,,,,,,,,,,,,S. & SW. Madagascar,,,,,,
,Cryptostegia,madagascariensis Bojer ex Decne.,Yes,"Cardenolides, cardenolide glycosides (aerial parts?)",56,,,,,,,,,,,,,,,,,,,,,N. & W. Madagascar,,,,,,
NRIF (1 sp.),Cycladenia,,,,,,,,,,,,,,,,,,,,,,,,,,,,,,,
NRIF (1 sp.),Cyclocotyla,,,,,,,,,,,,,,,,,,,,,,,,,,,,,,,
NRIF (1 sp.),Cylindropsis,,,,,,,,,,,,,,,,,,,,,,,,,,,,,,,
spp. listed (13/256),Cynanchum,maximoviczii Pobed.,Yes,"Steroids, steroid glycosides (roots)",248,"Steroidal ester alkaloids (roots) occur in this species, 248",,,,,,,,,,,,,,,,,,,,S. Sakhalin to Japan,,,,,,
,Cynanchum,menarandrense Jum. & H.Perrier,Yes,Steroid glycosides (aerial parts),68,,,,,,,,,,,,,,,,,,,,,Madagascar,,,,,,
,Cynanchum,wilfordii (Maxim.) Hook. f.,Yes,Steroid derivatives (roots),69,"Steroidal ester alkaloids (roots) occur in this species, 69, one alkaloid also co-occurs in this species, 247",,,,,,,,,,,,,,,,,,,,"Russian Far East to China, Central & S. Japan",,,,,,
NRIF (5 spp.),Decalepis,,,,,,,,,,,,,,,,,,,,,,,,,,,,,,,
NRIF (1 sp.),Decanema,,,,,,,,,,,,,,,,,,,,,,,,,,,,,,,
spp. listed (5/14),Desmidorchis,aucheriana (Decne.) Kuntze,Yes,"Steroids, steroid glycosides (aerial parts, whole plant)","32, 33, 240","Species listed as Boucerosia aucheriana (synonym), 32, 33, and Caralluma aucheriana (synonym), 240",,,,,,,,,,,,,,,,,,,,S. Arabian Peninsula,,,,,,
,Desmidorchis,flava (N.E.Br.) Meve & Liede,Yes,"Steroid glycosides (whole plant, sap)","72, 73",,,,,,,,,,,,,,,,,,,,,Arabian Peninsula,,,,,,
,Desmidorchis,penicillata (Deflers) Plowes,Yes,Steroid glycosides (aerial parts),238,"Species listed as Caralluma penicillata (synonym), 238",,,,,,,,,,,,,,,,,,,,"NE. Tropical Africa, SW. & S. Arabian Peninsula",,,,,,
,Desmidorchis,retrospiciens Ehrenb.,Yes,Steroid glycosides (aerial parts),"39, 242","Species listed as Caralluma russelliana (synonym), 39, and Caralluma retrospiciens (synonym), 242",,,,,,,,,,,,,,,,,,,,Sahara to SW. & S. Arabian Peninsula,,,,,,
NRIF (1 sp.),Dewevrella,,,,,,,,,,,,,,,,,,,,,,,,,,,,,,,
NRIF (6 spp.),Dictyophleba,,,,,,,,,,,,,,,,,,,,,,,,,,,,,,,
NRIF (14 spp.),Diplolepis,,,,,,,,,,,,,,,,,,,,,,,,,,,,,,,
NRIF (1 sp.),Diplorhynchus,,,,,,,,,,,,,,,,,,,,,,,,,,,,,,,
NRIF (1 sp.),Dischidanthus,,,,,,,,,,,,,,,,,,,,,,,,,,,,,,,
spp. listed (1/126),Dischidia,formosana Maxim.,Yes,One steroid (whole plant),249,,,,,,,,,,,,,,,,,,,,,Nansei-shoto to Taiwan,,,,,,
NRIF (114 spp.),Ditassa,,,,,,,,,,,,,,,,,,,,,,,,,,,,,,,
NRIF (1 sp.),Dolichopetalum,,,,,,,,,,,,,,,,,,,,,,,,,,,,,,,
NRIF (1+/7 spp.),Dregea,sinensis Hemsl,Yes,Steroid glycosides (roots),74,,,,,,,,,,,,,,,,,,,,,Tibet to Central & S. China,,,,,,
,Dregea,sinensis var. corrugata (C.K.Schneid.) Y.Tsiang & P.T.Li,Yes,Steroid glycosides (stems),75,Accepted variety,,,,,,,,,,,,,,,,,,,,Central China,,,,,,
NRIF (18 spp.),Duvalia,,,,,,,,,,,,,,,,,,,,,,,,,,,,,,,
NRIF (1 sp.),Duvaliandra,,,,,,,,,,,,,,,,,,,,,,,,,,,,,,,
NRIF (2 spp.),Dyera,,,,,,,,,,,,,,,,,,,,,,,,,,,,,,,
NRIF (36 spp.),Echidnopsis,,,,,,,,,,,,,,,,,,,,,,,,,,,,,,,
NRIF (14 spp.),Echites,,,,,,,,,,,,,,,,,,,,,,,,,,,,,,,
NRIF (2 spp.),Ectadium,,,,,,,,,,,,,,,,,,,,,,,,,,,,,,,
NRIF (1 sp.),Ecua,,,,,,,,,,,,,,,,,,,,,,,,,,,,,,,
NRIF (1 sp.),Edithcolea,,,,,,,,,,,,,,,,,,,,,,,,,,,,,,,
NRIF (1 sp.),Elytropus,,,,,,,,,,,,,,,,,,,,,,,,,,,,,,,
NRIF (1 sp.),Emicocarpus,,,,,,,,,,,,,,,,,,,,,,,,,,,,,,,
NRIF (3 spp.),Emplectanthus,,,,,,,,,,,,,,,,,,,,,,,,,,,,,,,
NRIF (2 spp.),Ephippiocarpa,,,,,,,,,,,,,,,,,,,,,,,,,,,,,,,
spp. listed (2/5),Epigynum,auritum (C.K.Schneid.) Tsiang & P.T.Li,Yes,Steroid glycosides (leaves),78,,,,,,,,,,,,,,,,,,,,,China (S. Yunnan) to NW. Peninsula Malaysia,,,,,,
,Epigynum,cochinchinensis (Pierre) D.J.Middleton,Yes,Steroid glycosides (stems),79,,,,,,,,,,,,,,,,,,,,,Indo-China,,,,,,
NRIF (4 spp.),Epistemma,,,,,,,,,,,,,,,,,,,,,,,,,,,,,,,
NRIF (1 sp.),Eucorymbia,,,,,,,,,,,,,,,,,,,,,,,,,,,,,,,
NRIF (5 spp.),Eustegia,,,,,,,,,,,,,,,,,,,,,,,,,,,,,,,
NRIF (1 sp.),Fanninia,,,,,,,,,,,,,,,,,,,,,,,,,,,,,,,
NRIF (1 sp.),Farquharia,,,,,,,,,,,,,,,,,,,,,,,,,,,,,,,
NRIF (6 spp.),Finlaysonia,,,,,,,,,,,,,,,,,,,,,,,,,,,,,,,
NRIF (8 spp.),Fischeria ,,,,,,,,,,,,,,,,,,,,,,,,,,,,,,,
NRIF (6 spp.),Fockea,,,,,,,,,,,,,,,,,,,,,,,,,,,,,,,
NRIF (45 spp.),Forsteronia,,,,,,,,,,,,,,,,,,,,,,,,,,,,,,,
NRIF (21 spp.),Funastrum,,,,,,,,,,,,,,,,,,,,,,,,,,,,,,,
All spp. listed (2/2),Funtumia,africana (Benth.) Stapf,Yes,Steroids (wood),80,"Steroidal alkaloids (stem bark) co-occur in this species, 251, species also listed as Funtumoa latifolia (synonym), 80",,,,,,,,,,,,,,,,,,,,Tropical Africa,,,,,,Yes
,Funtumia,elastica (Preuss) Stapf,Yes,"Steroids (bark, leaves)",250,"Steroidal alkaloids (stem bark) co-occur in this species, 252",,,,,,,,,,,,,,,,,,,,W. Tropical Africa to South Sudan and NE. Tanzania,,,,,,Yes
NRIF (6 spp.),Galactophora,,,,,,,,,,,,,,,,,,,,,,,,,,,,,,,
NRIF (5 spp.),Geissospermum,,,,,,,,,,,,,,,,,,,,,,,,,,,,,,,
NRIF (17 spp.),Genianthus,,,,,,,,,,,,,,,,,,,,,,,,,,,,,,,
spp. listed (1/12),Glossostelma,carsonii (N. E. Br.) Bullock,Yes,"Cardenolides, cardenolide glycosides (roots)","81, 82",,,,,,,,,,,,,,,,,,,,,Gabon to Tanzania and to S. Tropical Africa,,,,,,
spp. listed (2/20),Gomphocarpus,fruticosus (L.) W.T.Aiton,Yes,"Cardenolides, cardenolide thiazoles, cardenolide glycosides, steroid glycosides (leaves, whole plant)","25, 85","Cardenolide thiazole alkaloids (whole plant) co-occur in this species, 25, species also listed as Asclepias fruticosa (synonym), 25",,,,,,,,,,,,,,,,,,,,"Eritrea to S. Africa, Arabian Peninsula",,,,,,
,Gomphocarpus,sinaicus Boiss.,Yes,"Cardenolides, cardenolide glycosides and derivatives (aerial parts, stems)","84, 86",,,,,,,,,,,,,,,,,,,,,Israel to N. Central & W. Arabian Peninsula,,,,,,
NRIF (10 spp.),Gongronema,,,,,,,,,,,,,,,,,,,,,,,,,,,,,,,
NRIF (2 spp.),Gonioma,,,,,,,,,,,,,,,,,,,,,,,,,,,,,,,
NRIF (2 spp.),Goniostemma,,,,,,,,,,,,,,,,,,,,,,,,,,,,,,,
NRIF (119 spp.),Gonolobus,,,,,,,,,,,,,,,,,,,,,,,,,,,,,,,
NRIF (1 sp.),Graciemoriana,,,,,,,,,,,,,,,,,,,,,,,,,,,,,,,
NRIF (1 sp.),Gunnessia,,,,,,,,,,,,,,,,,,,,,,,,,,,,,,,
NRIF (2 spp.),Gymnanthera,,,,,,,,,,,,,,,,,,,,,,,,,,,,,,,
spp. listed (3/34),Gymnema,griffithii Craib,Yes,Steroid glycosides (pericarp of fruit),92,,,,,,,,,,,,,,,,,,,,,Myanmar to Thailand,,,,,,
,Gymnema,sylvestre (Retz.) R. Br. ex Sm.,Yes,"Steroid glycosides (leaves, roots)","91, 93, 94","One alkaloid co-occurs in this species, 253, species also listed as Gymnema alternifolium (synonym), 93, 94",,,,,,,,,,,,,,,,,,,,Tropical & Subtropical Old World,,,,,,
,Gymnema,yunnanense Tsiang,Yes,"Steroids, steroid glycosides (aerial parts?)",95,"Steroidal ester alkaloids (aerial parts?) co-occur in this species, 95",,,,,,,,,,,,,,,,,,,,"China (S. Yunnan, SW. Guangxi)",,,,,,
NRIF (1 sp.),Gyrostelma,,,,,,,,,,,,,,,,,,,,,,,,,,,,,,,
NRIF (1 sp.),Hancornia ,,,,,,,,,,,,,,,,,,,,,,,,,,,,,,,
NRIF (2 spp.),Haplophyton,,,,,,,,,,,,,,,,,,,,,,,,,,,,,,,
All spp. listed (1/1),Hemidesmus,indicus (L.) R. Br.,Yes,"Steroid glycosides (roots, stems)","96, 97",,,,,,,,,,,,,,,,,,,,,Indian Subcontinent to Indo-China and Peninsula Malaysia,,,,,,
NRIF (9 spp.),Hemipogon,,,,,,,,,,,,,,,,,,,,,,,,,,,,,,,
NRIF (47 spp.),Heterostemma,,,,,,,,,,,,,,,,,,,,,,,,,,,,,,,
NRIF (1 sp.),Heynella,,,,,,,,,,,,,,,,,,,,,,,,,,,,,,,
NRIF (9 spp.),Himatanthus,,,,,,,,,,,,,,,,,,,,,,,,,,,,,,,
spp. listed (3/5),Holarrhena,curtisii King & Gamble,Yes,Cardenolide (aza)glycosides (leaves),99,"(Aza)glycoside alkaloids (leaves) and one steroidal alkaloid (leaves) co-occurs in this species, 99",,,,,,,,,,,,,,,,,,,,Indo-China to NW. Peninsula Malaysia,,,,,,
,Holarrhena,mitis (Vahl) R. Br. Ex Roem. & Schult.,Yes,Cardenolide (aza)glycosides (leaves),102,"(Aza)glycoside alkaloids (leaves), 102",,,,,,,,,,,,,,,,,,,,Sri Lanka,,,,,,
,Holarrhena,pubescens Wal. ex G. Don,Yes,"Cardenolide (aza)glycosides, steroids, steroid (aza)glycosides (bark, leaves, roots)","98, 100, 101","(Aza)glycoside alkaloids (leaves), 101, and one steroidal alkaloid (roots), 101, co-occur in this species, also listed as Holarrhena antidysenterica (synonym), 98, 101",,,,,,,,,,,,,,,,,,,,"Kenya to S. Africa, Indian Subcontinent to Indo-China",,,,,,Yes
spp. listed (1/13),Hoodia,gordonii (Masson) Sweet ex Decne.,Yes,"Steroids, steroid glycosides (aerial parts)","103, 104, 105",,,,,,,,,,,,,,,,,,,,,S. & SW. Africa,,,,,,
spp. listed (4/541),Hoya,carnosa (L.f.) R.Br.,Yes,Steroid glycosides (stems (caules)),108,,,,,,,,,,,,,,,,,,,,,"S. China to Laos, Japan (S. Kyushu) to Taiwan",,,,,,
,Hoya,kerrii Craib,Yes,Steroid glycoside derivatives (stems),106,,,,,,,,,,,,,,,,,,,,,Indo-China to W. Malesia,,,,,,
,Hoya,longifolia Wall. ex Wight,Yes,Steroids (whole plant),254,,,,,,,,,,,,,,,,,,,,,Himalaya to China (Yunnan) and Nicobar Islands,,,,,,
,Hoya,verticillata var. verticillata,Yes,Steroids,107,"Species listed as Hoya parasitica (synonym), 107",,,,,,,,,,,,,,,,,,,,Indian Subcontinent to S. China and W. & Central Malesia,,,,,,
NRIF (77 spp.),Huernia,,,,,,,,,,,,,,,,,,,,,,,,,,,,,,,
NRIF (12 spp.),Hunteria,,,,,,,,,,,,,,,,,,,,,,,,,,,,,,,
NRIF (2 spp.),Hylaea,,,,,,,,,,,,,,,,,,,,,,,,,,,,,,,
NRIF (1 sp.),Hypolobus,,,,,,,,,,,,,,,,,,,,,,,,,,,,,,,
NRIF (28 spp.),Ibatia,,,,,,,,,,,,,,,,,,,,,,,,,,,,,,,
NRIF (3 spp.),Ichnocarpus,,,,,,,,,,,,,,,,,,,,,,,,,,,,,,,
NRIF (2 spp.),Ischnolepis,,,,,,,,,,,,,,,,,,,,,,,,,,,,,,,
NRIF (3 spp.),Isonema,,,,,,,,,,,,,,,,,,,,,,,,,,,,,,,
NRIF (1 sp.),Ixodonerium,,,,,,,,,,,,,,,,,,,,,,,,,,,,,,,
spp. listed (1/13),Jasminanthes,mucronata (Blanco) W.D.Stevens & P.T.Li,Yes,"Steroids and steroidal esters of anthranilic and nicotinic acid (aerial parts, roots, stems)","181, 182, 183, 184","Steroidal esters alkaloids (aerial parts, roots, stems), 181, 182, 183, 184, species listed as Stephanotis japonica (synonym), 181, Stephanotis lutchuensis var. japonica (synonym?), 182, and Stephanotis mucronata (synonym), 183, 183",,,,,,,,,,,,,,,,,,,,"S. China, S. Central & S. Japan to Taiwan",,,,,,
NRIF (25 spp.),Jobinia,,,,,,,,,,,,,,,,,,,,,,,,,,,,,,,
NRIF (2 spp.),Kamettia,,,,,,,,,,,,,,,,,,,,,,,,,,,,,,,
NRIF (2 spp.),Kanahia,,,,,,,,,,,,,,,,,,,,,,,,,,,,,,,
NRIF (1 sp.),Kerbera,,,,,,,,,,,,,,,,,,,,,,,,,,,,,,,
spp. listed (1/15),Kibatalia,laurifolia (Ridl.) Woodson,Yes,One steroid (leaves),109,"Steroidal alkaloids (leaves) co-occur in this species, 109",,,,,,,,,,,,,,,,,,,,Indo-China to NW. Peninsula Malaysia,,,,,,
NRIF (24 spp.),Kopsia,,,,,,,,,,,,,,,,,,,,,,,,,,,,,,,
NRIF (11 spp.),Lachnostoma,,,,,,,,,,,,,,,,,,,,,,,,,,,,,,,
NRIF (24 spp.),Lacmellea,,,,,,,,,,,,,,,,,,,,,,,,,,,,,,,
NRIF (63 spp.),Landolphia,,,,,,,,,,,,,,,,,,,,,,,,,,,,,,,
NRIF (6 spp.),Larryleachia,,,,,,,,,,,,,,,,,,,,,,,,,,,,,,,
NRIF (4 spp.),Laubertia,,,,,,,,,,,,,,,,,,,,,,,,,,,,,,,
NRIF (1 sp.),Lavrania,,,,,,,,,,,,,,,,,,,,,,,,,,,,,,,
NRIF (5 spp.),Laxoplumeria,,,,,,,,,,,,,,,,,,,,,,,,,,,,,,,
NRIF (4 spp.),Lepinia,,,,,,,,,,,,,,,,,,,,,,,,,,,,,,,
NRIF (2 spp.),Lepiniopsis,,,,,,,,,,,,,,,,,,,,,,,,,,,,,,,
spp. listed (3/6),Leptadenia,lanceolata (Poir.) Goyder,Yes,"Steroids, steroid glycosides, steroidal esters of nicotinic acid (bark)",111,"Steroid ester alkaloids (bark), 111, species listed as Leptadenia hastata (synonym), 111",,,,,,,,,,,,,,,,,,,,W. Tropical Africa to Egypt and Tanzania,,,,,,Yes
,Leptadenia,pyrotechnica (Forssk.) Decne.,Yes,"Steroid glycosides, steroidal esters of nicotinic acid (whole plant)",110,"Steroid ester alkaloids (whole plant), 110",,,,,,,,,,,,,,,,,,,,Sahara to Iran and NW. India,,,,,,
,Leptadenia,reticulata (Retz.) Wight & Arn.,Yes,"Steroids, steroid glycosides (aerial parts)",112,,,,,,,,,,,,,,,,,,,,,Indian Subcontinent to Indo-China,,,,,,
NRIF (4 spp.),Leuconotis,,,,,,,,,,,,,,,,,,,,,,,,,,,,,,,
NRIF (5 spp.),Lygisma,,,,,,,,,,,,,,,,,,,,,,,,,,,,,,,
NRIF (1 sp.),Maclaudia,,,,,,,,,,,,,,,,,,,,,,,,,,,,,,,
NRIF (3 spp.),Macoubea,,,,,,,,,,,,,,,,,,,,,,,,,,,,,,,
NRIF (15 spp.),Macropharynx,,,,,,,,,,,,,,,,,,,,,,,,,,,,,,,
NRIF (16 spp.),Macroscepis,,,,,,,,,,,,,,,,,,,,,,,,,,,,,,,
NRIF (1 sp.),Mahawoa,,,,,,,,,,,,,,,,,,,,,,,,,,,,,,,
NRIF (31 spp.),Malouetia,,,,,,,,,,,,,,,,,,,,,,,,,,,,,,,
spp. listed (3/179),Mandevilla,illustris (Vell.) Woodson,Yes,steroid derivatives and their glycosides (rhizomes),"115, 116",,,,,,,,,,,,,,,,,,,,,E. Bolivia to Brazil and Paraguay,,,,,,
,Mandevilla,pentlandiana (DC.) Woodson,Yes,"cardenolide glycosides, steroid glycoside derivatives (roots)","113, 114",,,,,,,,,,,,,,,,,,,,,Peru to N. Argentina,,,,,,
,Mandevilla,pohliana (Stadelm.) A.H.Gentry,Yes,steroid derivatives and their glycosides (rhizomes),"117, 118","Species listed as Mandevilla velutina (synonym), 117, 118",,,,,,,,,,,,,,,,,,,,Brazil to NW. Argentina and Bolivia,,,,,,
NRIF (2 spp.),Manothrix,,,,,,,,,,,,,,,,,,,,,,,,,,,,,,,
NRIF (1 sp.),Margaretta,,,,,,,,,,,,,,,,,,,,,,,,,,,,,,,
spp. listed (15/296),Marsdenia,cundurango Rchb. f.,Yes,"Steroids, steroid glycosides (bark)",119,,,,,,,,,,,,,,,,,,,,,Colombia to Peru,,,,,,
,Marsdenia,flavescens A.Cunn. ex Hook.,Yes,Steroids (whole plant?),128,,,,,,,,,,,,,,,,,,,,,SE. Queensland to E. Victoria,,,,,,
,Marsdenia,formosana Masam.,Yes,Steroid glycosides (whole plant?),136,,,,,,,,,,,,,,,,,,,,,"S. Nansei-shoto to Taiwan, China (Yunnan)",,,,,,
,Marsdenia ,gazensis S.Moore,Yes,"Cardenolides, cardenolide glycosides (roots, wood)","87, 88","Species listed as Gongronema gazense, 87, 88",,,,,,,,,,,,,,,,,,,,E. Zimbabwe to Mozambique,,,,,,
,Marsdenia,hainanensis Tsiang,Yes,"Steroidal esters of nicotinic acid (stems, twigs)",135,"Steroid ester alkaloids (stems, twigs), 135",,,,,,,,,,,,,,,,,,,,"China (Hunan), Hainan, Vietnam",,,,,,
,Marsdenia,incisa P.T. Li & Y.H. Li,Yes,Steroid glycosides,125,,,,,,,,,,,,,,,,,,,,,"China (S. Yunnan, Guangxi ?)",,,,,,
,Marsdenia,koi Tsiang,Yes,Steroid glycosides,129,,,,,,,,,,,,,,,,,,,,,S. China to Indo-China,,,,,,
,Marsdenia ,latifolia (Benth.) K.Schum.,Yes,Steroid glycosides (leaves),90,"Species listed as Gongronema latifolium (synonym), 90",,,,,,,,,,,,,,,,,,,,W. Tropical Africa to W. Tanzania and Zambia,,,,,,Yes
,Marsdenia,oreophila W.W. Sm.,Yes,Steroid glycosides,"130, 132",,,,,,,,,,,,,,,,,,,,,"Tibet to China (Sichuan, Yunnan)",,,,,,
,Marsdenia,rostrata R. Br.,Yes,Steroidal esters of nicotinic acid (whole plant?),127,"Steroid ester alkaloids (whole plant), 127",,,,,,,,,,,,,,,,,,,,"E. Queensland to E. Vicotria, Lord Howe Island",,,,,,
,Marsdenia,roylei Wight,Yes,"Steroids, steroid glycosides (stems)",120,,,,,,,,,,,,,,,,,,,,,NE. Pakistan to Myanmar,,,,,,
,Marsdenia,tenacissima (Roxb.) Moon,Yes,"Steroids, steroid glycosides (stems (canes))","121, 122, 123, 124",Many more refs available,,,,,,,,,,,,,,,,,,,,Indian Subcontinent to China (Yunnan) and Indo-China,,,,,,
,Marsdenia,taylorii Schltr. & Rendle,Yes,"Steroids, steroid glycosides (whole plant?)",89,"Species listed as Gongronema taylorii (synonym), 89",,,,,,,,,,,,,,,,,,,,SE. Kenya to E. Tanzania,,,,,,
,Marsdenia,tinctoria R. Br.,Yes,Steroidal esters of nicotinic acid (stems),134,"Steroid ester alkaloids (stems), 134, and other alkaloids (whole plant) co-occur in this species, 255 ",,,,,,,,,,,,,,,,,,,,Tropical & Subtropical Asia,,,,,,
,Marsdenia,tomentosa C. Morren & Decne.,Yes,"Steroids, steroid glycosides, steroidal esters of nicotinic acid (leaves, stems (caules))","126, 131","Steroid ester alkaloids (leaves, stems (caules)), 126, 131",,,,,,,,,,,,,,,,,,,,Temp. E. Asia,,,,,,
NRIF (8 spp.),Mascarenhasia,,,,,,,,,,,,,,,,,,,,,,,,,,,,,,,
NRIF (268 spp.),Matelea,,,,,,,,,,,,,,,,,,,,,,,,,,,,,,,
NRIF (24 spp.),Melodinus,,,,,,,,,,,,,,,,,,,,,,,,,,,,,,,
NRIF (8 spp.),Mesechites,,,,,,,,,,,,,,,,,,,,,,,,,,,,,,,
NRIF (100 spp.),Metastelma,,,,,,,,,,,,,,,,,,,,,,,,,,,,,,,
NRIF (13 spp.),Micrechites,,,,,,,,,,,,,,,,,,,,,,,,,,,,,,,
NRIF (11 spp.),Microloma,,,,,,,,,,,,,,,,,,,,,,,,,,,,,,,
NRIF (1 sp.),Microplumeria,,,,,,,,,,,,,,,,,,,,,,,,,,,,,,,
NRIF (22 spp.),Minaria,,,,,,,,,,,,,,,,,,,,,,,,,,,,,,,
NRIF (7 spp.),Miraglossum,,,,,,,,,,,,,,,,,,,,,,,,,,,,,,,
NRIF (3 spp.),Molongum,,,,,,,,,,,,,,,,,,,,,,,,,,,,,,,
NRIF (2 spp.),Mondia,,,,,,,,,,,,,,,,,,,,,,,,,,,,,,,
spp. listed (1/5),Monolluma,quadrangula (Forssk.) Plowes,Yes,Steroid glycosides (aerial parts),241,"Species listed as Caralluma quandrangula (synonym), 241",,,,,,,,,,,,,,,,,,,,Arabian Peninsula,,,,,,
NRIF (2 spp.),Monsanima,,,,,,,,,,,,,,,,,,,,,,,,,,,,,,,
NRIF (4 spp.),Morilloa,,,,,,,,,,,,,,,,,,,,,,,,,,,,,,,
NRIF (1 sp.),Mortoniella,,,,,,,,,,,,,,,,,,,,,,,,,,,,,,,
NRIF (3 spp.),Motandra,,,,,,,,,,,,,,,,,,,,,,,,,,,,,,,
NRIF (2 spp.),Mucoa,,,,,,,,,,,,,,,,,,,,,,,,,,,,,,,
NRIF (1 sp.),Myriopteron,extensum (Wight) K.Schum.,Yes,"Cardenolide glycosides, steroid glycosides (pericarps, roots, whole plant)","137, 138, 139",,,,,,,,,,,,,,,,,,,,,"NE. India to S. China and Indo-China, Java",,,,,,
NRIF (1 sp.),Nautonia,,,,,,,,,,,,,,,,,,,,,,,,,,,,,,,
NRIF (8 spp.),Neobracea,,,,,,,,,,,,,,,,,,,,,,,,,,,,,,,
NRIF (2 spp.),Neocouma,,,,,,,,,,,,,,,,,,,,,,,,,,,,,,,
NRIF (3 spp.),Neoschumannia,,,,,,,,,,,,,,,,,,,,,,,,,,,,,,,
NRIF (5 spp.),Nephradenia,,,,,,,,,,,,,,,,,,,,,,,,,,,,,,,
All spp. listed (1/1),Nerium,oleander L.,Yes,"Cardenolides, cardenolide glycosides, steroids (leaves, root bark, stems, twigs, wood?)","5, 140, 141, 142, 143, 144","Species listed as Nerium odorum (synonym), 5, 144",,,,,,,,,,,,,,,,,,,,Medit. to Myanmar,,,,,,Yes
NRIF (1 sp.),Notechidnopsis,,,,,,,,,,,,,,,,,,,,,,,,,,,,,,,
NRIF (44 spp.),Ochrosia,,,,,,,,,,,,,,,,,,,,,,,,,,,,,,,
NRIF (21 spp.),Odontadenia,,,,,,,,,,,,,,,,,,,,,,,,,,,,,,,
NRIF (1 sp.),Oistonema,,,,,,,,,,,,,,,,,,,,,,,,,,,,,,,
NRIF (1 sp.),Oncinema,,,,,,,,,,,,,,,,,,,,,,,,,,,,,,,
NRIF (7 spp.),Oncinotis,,,,,,,,,,,,,,,,,,,,,,,,,,,,,,,
NRIF (2 spp.),Ophionella,,,,,,,,,,,,,,,,,,,,,,,,,,,,,,,
NRIF (60 spp.),Orbea,variegata (L.) Haw. ,Yes,Steroid glycosides (aerial parts),"180, 224","Species listed as Stapelia variegata (synonym), 180, 224",,,,,,,,,,,,,,,,,,,,SW. & S. Cape Prov.,,,,,,
NRIF (3 spp.),Oreosparte,,,,,,,,,,,,,,,,,,,,,,,,,,,,,,,
NRIF (1 sp.),Orinoquia,,,,,,,,,,,,,,,,,,,,,,,,,,,,,,,
NRIF (6 spp.),Orthanthera,viminea Wight,Yes,"Steroids, steroid glycosides (twigs)","145, 146","Genus listed as Orthenthera, 145, 146 ",,,,,,,,,,,,,,,,,,,,W. & Central Himalaya to India,,,,,,
NRIF (6 spp.),Orthopichonia,,,,,,,,,,,,,,,,,,,,,,,,,,,,,,,
NRIF (38 spp.),Orthosia,,,,,,,,,,,,,,,,,,,,,,,,,,,,,,,
NRIF (135 spp.),Oxypetalum,,,,,,,,,,,,,,,,,,,,,,,,,,,,,,,
spp. listed (1/2),Oxystelma,esculentum (L. f.) Sm.,Yes,"Cardenolide glycosides, steroid glycosides (leaves, roots)","147, 148, 149",,,,,,,,,,,,,,,,,,,,,"Egypt to NE. Tanzania, SW. Yemen, Sinai to S. China and W. Malesia, N. Australia",,,,,,
spp. listed (3/39),Pachycarpus,distinctus (N. E. Br) Bullock,Yes,"Cardenolides, cardenolide glycosides (roots)",150,,,,,,,,,,,,,,,,,,,,,S. Tanzania,,,,,,
,Pachycarpus,lineolatus (Decne.) Bullock,Yes,Steroids (roots),152,,,,,,,,,,,,,,,,,,,,,Tropical Africa to N. Namibia,,,,,,
,Pachycarpus,schinzianus (Schltr.) N. E. Br.,Yes,"Cardenolides, cardenolide glycosides (roots, seeds)",151,,,,,,,,,,,,,,,,,,,,,Northern Prov. to KwaZulu-Natal,,,,,,
NRIF (22 spp.),Pachypodium,,,,,,,,,,,,,,,,,,,,,,,,,,,,,,,
NRIF (3 spp.),Pacouria,,,,,,,,,,,,,,,,,,,,,,,,,,,,,,,
NRIF (3 spp.),Papuahoya,,,,,,,,,,,,,,,,,,,,,,,,,,,,,,,
NRIF (1 sp.),Papuechites,,,,,,,,,,,,,,,,,,,,,,,,,,,,,,,
NRIF (7 spp.),Parahancornia,,,,,,,,,,,,,,,,,,,,,,,,,,,,,,,
NRIF (3 spp.),Parapodium,,,,,,,,,,,,,,,,,,,,,,,,,,,,,,,
All spp. listed (1/1),Parepigynum,funingense Tsiang et P. T. Li,Yes,"Cardenolides, cardenolide glycosides, cardanolides, cardanolide glycosides (roots)","153, 154, 155, 156",,,,,,,,,,,,,,,,,,,,,"China (Guizhou, SW. Yunnan) to N. Vietnam",,,,,,
NRIF (85 spp.),Parsonsia,,,,,,,,,,,,,,,,,,,,,,,,,,,,,,,
NRIF (2 spp.),Pattalias,,,,,,,,,,,,,,,,,,,,,,,,,,,,,,,
NRIF (5 spp.),Pectinaria,,,,,,,,,,,,,,,,,,,,,,,,,,,,,,,
NRIF (3 spp.),Pentacyphus,,,,,,,,,,,,,,,,,,,,,,,,,,,,,,,
spp. listed (2/2),Pentalinon,andrieuxii (Müll. Arg.) B. F. Hansen & Wunderlin,Yes,"Steroids, one steroid glycoside (roots)",157,,,,,,,,,,,,,,,,,,,,,Central Mexico to Nicaragua,,,,,,
,Pentalinon,luteum (L.) B.F.Hansen & Wunderlin,Yes,Cardenolide glycosides (leaves),158,"species listed as Urechites lutea, probably Urechites luteum (synonym), 158",,,,,,,,,,,,,,,,,,,,S. Florida to Caribbean,,,,,,
NRIF (4 spp.),Pentasacme,,,,,,,,,,,,,,,,,,,,,,,,,,,,,,,
NRIF (4 spp.),Pentatropis,,,,,,,,,,,,,,,,,,,,,,,,,,,,,,,
spp. listed (1/23),Pentopetia,androsaemifolia Decne.,Yes,"One cardenolide, one cardenolide glycoside",159,,,,,,,,,,,,,,,,,,,,,"Comoros, Assumption, Madagascar",,,,,,
NRIF (9 spp.),Peplonia,,,,,,,,,,,,,,,,,,,,,,,,,,,,,,,
All spp. listed (2+/2),Pergularia,daemia (Forssk.) Chiov.,Yes,"Cardenolides, cardenolide glycoside (resin?)",160,,,,,,,,,,,,,,,,,,,,,"Tropical & S. Africa, Sinai to Arabian Peninsula, Iran to W. Indo-China",,,,,,Yes
,Pergularia,daemia subsp. daemia,Yes,"Cardenolides, cardenolide glycoside (resin?)",160,"accepted subspecies, listed as Pergularia extensa (synonym), 160",,,,,,,,,,,,,,,,,,,,"Tropical & S. Africa, Sinai to Arabian Peninsula, Iran to W. Indo-China",,,,,,
,Pergularia,tomentosa L.,Yes,"Cardenolides, cardenolide glycosides (roots)","161, 162",,,,,,,,,,,,,,,,,,,,,Sahara to India (Gujarat),,,,,,
NRIF (3 spp.),Periglossum,,,,,,,,,,,,,,,,,,,,,,,,,,,,,,,
spp. listed (5/17),Periploca,calophylla (Wight) Falc.,Yes,"Steroids, steroid glycosides (twigs)","169, 170",,,,,,,,,,,,,,,,,,,,,Indian Subcontinent to S. China,,,,,,
,Periploca,"chrysantha D.S. Yao, X.D. Chen & J.W. Ren",Yes,Steroid glycosides (root bark),172,,,,,,,,,,,,,,,,,,,,,China (Gansu),,,,,,
,Periploca,forrestii Schltr.,Yes,"Cardenolide glycosides, steroid glycosides (roots)",164,,,,,,,,,,,,,,,,,,,,,Himalaya to Qinghai and S. China,,,,,,
,Periploca,graeca L.,Yes,Steroid glycosides (branches),171,,,,,,,,,,,,,,,,,,,,,SE. Europe to N. Iran,,,,,,
,Periploca,sepium Bunge,Yes,"Cardenolides, cardenolide glycosides, steroids, steroid glycosides (root bark, whole plant)","164, 165, 166, 167, 168",many more refs available,,,,,,,,,,,,,,,,,,,,Russian Far East to China,,,,,,
NRIF (1 sp.),Peruviasclepias,,,,,,,,,,,,,,,,,,,,,,,,,,,,,,,
NRIF (5 spp.),Pervillaea,,,,,,,,,,,,,,,,,,,,,,,,,,,,,,,
NRIF (10 spp.),Petalostelma,,,,,,,,,,,,,,,,,,,,,,,,,,,,,,,
NRIF (8 spp.),Petchia,,,,,,,,,,,,,,,,,,,,,,,,,,,,,,,
NRIF (7 spp.),Phaeostemma,,,,,,,,,,,,,,,,,,,,,,,,,,,,,,,
NRIF (4 spp.),Pherotrichis,,,,,,,,,,,,,,,,,,,,,,,,,,,,,,,
NRIF (42 spp.),Philibertia,,,,,,,,,,,,,,,,,,,,,,,,,,,,,,,
NRIF (10 spp.),Phyllanthera,,,,,,,,,,,,,,,,,,,,,,,,,,,,,,,
NRIF (9 spp.),Piaranthus,,,,,,,,,,,,,,,,,,,,,,,,,,,,,,,
NRIF (1 sp.),Picralima,,,,,,,,,,,,,,,,,,,,,,,,,,,,,,,
NRIF (4 spp.),Pinochia,,,,,,,,,,,,,,,,,,,,,,,,,,,,,,,
NRIF (3 spp.),Plectaneia,,,,,,,,,,,,,,,,,,,,,,,,,,,,,,,
NRIF (6 spp.),Pleiocarpa,,,,,,,,,,,,,,,,,,,,,,,,,,,,,,,
NRIF (5 spp.),Pleioceras,,,,,,,,,,,,,,,,,,,,,,,,,,,,,,,
spp. listed (1/19),Plumeria,obtusa L.,Yes,"Cardenolides, steroids (leaves, stem bark)",173,,,,,,,,,,,,,,,,,,,,,"Florida Keys, Caribbean, SE. Mexico to Guatemala",,,,,,
NRIF (5 spp.),Polystemma,,,,,,,,,,,,,,,,,,,,,,,,,,,,,,,
spp. listed (1/3),Pottsia,laxiflora,Yes,One steroid (roots),174,,,,,,,,,,,,,,,,,,,,,Assam to S. China and Lesser Sunda Islands (Bali),,,,,,
spp. listed (5/65),Prestonia,,,,,,,,,,,,,,,,,,,,,,,,,,,,,,,
NRIF (2 spp.),Pruskortizia,,,,,,,,,,,,,,,,,,,,,,,,,,,,,,,
NRIF (8 spp.),Pseudolachnostoma,,,,,,,,,,,,,,,,,,,,,,,,,,,,,,,
NRIF (8 spp.),Pseudolithos,,,,,,,,,,,,,,,,,,,,,,,,,,,,,,,
NRIF (2 spp.),Pteralyxia,,,,,,,,,,,,,,,,,,,,,,,,,,,,,,,
NRIF (2 spp.),Ptycanthera,,,,,,,,,,,,,,,,,,,,,,,,,,,,,,,
NRIF (1 sp.),Pycnobotrya,,,,,,,,,,,,,,,,,,,,,,,,,,,,,,,
NRIF (1 sp.),Pycnorhachis,,,,,,,,,,,,,,,,,,,,,,,,,,,,,,,
NRIF (20 spp.),Quaqua,,,,,,,,,,,,,,,,,,,,,,,,,,,,,,,
NRIF (36 spp.),Raphionacme,,,,,,,,,,,,,,,,,,,,,,,,,,,,,,,
NRIF (74 spp.),Rauvolfia,,,,,,,,,,,,,,,,,,,,,,,,,,,,,,,
NRIF (3 spp.),Rhabdadenia,,,,,,,,,,,,,,,,,,,,,,,,,,,,,,,
NRIF (2 spp.),Rhazya,,,,,,,,,,,,,,,,,,,,,,,,,,,,,,,
NRIF (1 sp.),Rhigospira,,,,,,,,,,,,,,,,,,,,,,,,,,,,,,,
NRIF (1 sp.),Rhyssolobium,,,,,,,,,,,,,,,,,,,,,,,,,,,,,,,
NRIF (17 spp.),Rhytidocaulon,,,,,,,,,,,,,,,,,,,,,,,,,,,,,,,
NRIF (8 spp.),Rhytidostemma,,,,,,,,,,,,,,,,,,,,,,,,,,,,,,,
NRIF (1 sp.),Richtersveldia,,,,,,,,,,,,,,,,,,,,,,,,,,,,,,,
NRIF (10 spp.),Riocreuxia,,,,,,,,,,,,,,,,,,,,,,,,,,,,,,,
NRIF (1 sp.),Riparoampelos,,,,,,,,,,,,,,,,,,,,,,,,,,,,,,,
NRIF (2 spp.),Rojasia,,,,,,,,,,,,,,,,,,,,,,,,,,,,,,,
NRIF (1 sp.),Rotundanthus,,,,,,,,,,,,,,,,,,,,,,,,,,,,,,,
NRIF (56 spp.),Ruehssia,,,,,,,,,,,,,,,,,,,,,,,,,,,,,,,
NRIF (3 spp.),Saba,,,,,,,,,,,,,,,,,,,,,,,,,,,,,,,
NRIF (2 spp.),Sacleuxia,,,,,,,,,,,,,,,,,,,,,,,,,,,,,,,
NRIF (20 spp.),Sarcolobus,,,,,,,,,,,,,,,,,,,,,,,,,,,,,,,
NRIF (1 sp.),Sarcorrhiza,,,,,,,,,,,,,,,,,,,,,,,,,,,,,,,
NRIF (1 sp.),Schistonema,,,,,,,,,,,,,,,,,,,,,,,,,,,,,,,
NRIF (26 spp.),Schizoglossum,,,,,,,,,,,,,,,,,,,,,,,,,,,,,,,
NRIF (2 spp.),Schizostephanus,,,,,,,,,,,,,,,,,,,,,,,,,,,,,,,
NRIF (1 sp.),Schizozygia,,,,,,,,,,,,,,,,,,,,,,,,,,,,,,,
NRIF (2 spp.),Schlechterella,,,,,,,,,,,,,,,,,,,,,,,,,,,,,,,
NRIF (6 spp.),Schubertia,,,,,,,,,,,,,,,,,,,,,,,,,,,,,,,
NRIF (28 spp.),Scyphostelma,,,,,,,,,,,,,,,,,,,,,,,,,,,,,,,
NRIF (139 spp.),Secamone,,,,,,,,,,,,,,,,,,,,,,,,,,,,,,,
NRIF (2 spp.),Secamonopsis,,,,,,,,,,,,,,,,,,,,,,,,,,,,,,,
NRIF (5 spp.),Secondatia,,,,,,,,,,,,,,,,,,,,,,,,,,,,,,,
NRIF (1 sp.),Sindechites,,,,,,,,,,,,,,,,,,,,,,,,,,,,,,,
NRIF (15 spp.),Sisyranthus,,,,,,,,,,,,,,,,,,,,,,,,,,,,,,,
NRIF (3 spp.),Skytanthus,,,,,,,,,,,,,,,,,,,,,,,,,,,,,,,
NRIF (1 sp.),Socotrella,,,,,,,,,,,,,,,,,,,,,,,,,,,,,,,
All spp. listed (1/1),Solenostemma,oleifolium (Nectoux) Bullock & E. A. Bruce ex Maire,Yes,"Steroids, steroid glycosides and derivatives (aerial parts, hairy seeds, leaves, pericarps)","175, 176, 177, 178, 179","species listed as solenostemma argel (synonym), 175, 176, 177, 178, 179 many more refs available",,,,,,,,,,,,,,,,,,,,Sahara to NW. Saudi Arabia,,,,,,
NRIF (1 sp.),Spirolobium,,,,,,,,,,,,,,,,,,,,,,,,,,,,,,,
NRIF (6 spp.),Spongiosperma,,,,,,,,,,,,,,,,,,,,,,,,,,,,,,,
spp. listed (2/31),Stapelia,gigantea N.E.Br.,Yes,Steroid glycosides (seeds),226,,,,,,,,,,,,,,,,,,,,,S. Tropical & S. Africa,,,,,,
,Stapelia,grandiflora Masson,Yes,Steroids (whole plant),225,,,,,,,,,,,,,,,,,,,,,S. Africa,,,,,,
NRIF (7 spp.),Stapelianthus,,,,,,,,,,,,,,,,,,,,,,,,,,,,,,,
NRIF (8 spp.),Stapeliopsis,,,,,,,,,,,,,,,,,,,,,,,,,,,,,,,
NRIF (14 spp.),Stathmostelma,,,,,,,,,,,,,,,,,,,,,,,,,,,,,,,
NRIF (1 sp.),Stelmagonum,,,,,,,,,,,,,,,,,,,,,,,,,,,,,,,
NRIF (6 spp.),Stenostelma,,,,,,,,,,,,,,,,,,,,,,,,,,,,,,,
NRIF (2 spp.),Stephanostegia,,,,,,,,,,,,,,,,,,,,,,,,,,,,,,,
NRIF (1 sp.),Stephanostema,,,,,,,,,,,,,,,,,,,,,,,,,,,,,,,
NRIF (4 spp.),Stephanotis,,,,,,,,,,,,,,,,,,,,,,,,,,,,,,,
NRIF (2 spp.),Stigmatorhynchus,,,,,,,,,,,,,,,,,,,,,,,,,,,,,,,
NRIF (1 sp.),Stipecoma,,,,,,,,,,,,,,,,,,,,,,,,,,,,,,,
NRIF (2 spp.),Stomatostemma,,,,,,,,,,,,,,,,,,,,,,,,,,,,,,,
NRIF (2 spp.),Strempeliopsis,,,,,,,,,,,,,,,,,,,,,,,,,,,,,,,
spp. listed (1/5),Streptocaulon,juventas (Lour.) Merr.,Yes,"Cardenolide glycosides, steroids (roots)","185, 186, 187, 188, 189, 190","Species also listed as Streptocaulon griffithii (synonym), 188, 190, and Streptocaulon tomentosum (synonym), 189",,,,,,,,,,,,,,,,,,,,S. China to Peninsula Malaysia,,,,,,Yes
NRIF (1 sp.),Streptoechites,,,,,,,,,,,,,,,,,,,,,,,,,,,,,,,
spp. listed (12/39),Strophanthus,boivinii Baill.,Yes,"Cardenloide glycosides (bark, roots, wood)",191,"Species also listed as Roupellina boivinii (synonym), 191",,,,,,,,,,,,,,,,,,,,Madagascar,,,,,,
,Strophanthus,divaricatus (Lour.) Hook. & Arn.,Yes,Cardenolide glycosides (seeds),203,,,,,,,,,,,,,,,,,,,,,S. China to N. Vietnam,,,,,,
,Strophanthus,eminii Asch. ex Pax,Yes,Cardenolide glycosides (seeds),201,,,,,,,,,,,,,,,,,,,,,Tanzania to N. Zambia,,,,,,Yes
,Strophanthus,gracilis K.Schum. & Pax,Yes,"Cardenloide glycosides (bark, roots, wood)",192,,,,,,,,,,,,,,,,,,,,,Nigeria to Gabon,,,,,,
,Strophanthus,gratus (Wall. & Hook.) Baill.,Yes,Cardenolide glycosides (seeds),"193, 194, 199",,,,,,,,,,,,,,,,,,,,,W. & W. Central Tropical Africa,,,,,,
,Strophanthus,kombe Oliv.,Yes,Cardenolide glycosides (seeds),197,,,,,,,,,,,,,,,,,,,,,Kenya to S. Africa,,,,,,
,Strophanthus,ledienii Stein,Yes,Cardenolide glycosides (seeds),200,,,,,,,,,,,,,,,,,,,,,"W. DR Congo, NW. Angola",,,,,,
,Strophanthus,nicholsonii Holmes,Yes,Cardenolide glycosides (seeds),198,,,,,,,,,,,,,,,,,,,,,S. Tropical Africa,,,,,,
,Strophanthus,preussii Engl. & Pax,Yes,Cardenolide glycosides (seeds),202,,,,,,,,,,,,,,,,,,,,,W. Tropical Africa to Tanzania and Angola,,,,,,
,Strophanthus,sarmentosus DC.,Yes,Cardenolides (seeds),195,,,,,,,,,,,,,,,,,,,,,W. Tropical Africa to Uganda and NW. Angola,,,,,,
,Strophanthus,thollonii Franch.,Yes,Cardenolide glycosides (seeds),196,,,,,,,,,,,,,,,,,,,,,Ivory Coast to Gabon,,,,,,
,Strophanthus,vanderijstii Staner,Yes,Cardenolide glycosides (seeds),259,,,,,,,,,,,,,,,,,,,,,"SW. DR Congo to NE. Angola, NW. Zambia",,,,,,
NRIF (1 sp.),Suberogerens,,,,,,,,,,,,,,,,,,,,,,,,,,,,,,,
NRIF (123 spp.),Tabernaemontana,,,,,,,,,,,,,,,,,,,,,,,,,,,,,,,
NRIF (2 spp.),Tabernanthe,,,,,,,,,,,,,,,,,,,,,,,,,,,,,,,
NRIF (5 spp.),Tacazzea,,,,,,,,,,,,,,,,,,,,,,,,,,,,,,,
NRIF (31 spp.),Tassadia,,,,,,,,,,,,,,,,,,,,,,,,,,,,,,,
NRIF (3 spp.),Tavaresia,,,,,,,,,,,,,,,,,,,,,,,,,,,,,,,
NRIF (3 spp.),Telectadium,,,,,,,,,,,,,,,,,,,,,,,,,,,,,,,
spp. listed (2/9),Telosma,pallida (Roxb.) Craib,Yes,Steroid glycosides (twigs),163," Alkaloids (roots) co-occur, 257,  species listed as Pergularia pallida (synonym), 163",,,,,,,,,,,,,,,,,,,,Pakistan to Taiwan,,,,,,
,Telosma,procumbens (Blanco) Merr.,Yes,"Steroids, steroid glycosides (stems)",204,,,,,,,,,,,,,,,,,,,,,"S. China to Vietnam, Philippines",,,,,,
NRIF (3 spp.),Temnadenia,,,,,,,,,,,,,,,,,,,,,,,,,,,,,,,
NRIF (3 spp.),Thenardia,,,,,,,,,,,,,,,,,,,,,,,,,,,,,,,
spp. listed (1/3),Thevetia,ahouai (L.) Vahl,Yes,"Cardenolide glycosides (leaves, twigs, wood)",207,,,,,,,,,,,,,,,,,,,,,"Mexico to Venezuela, Cuba",,,,,,
NRIF (3 spp.),Thoreauea,,,,,,,,,,,,,,,,,,,,,,,,,,,,,,,
NRIF (1 sp.),Thyrsanthella,,,,,,,,,,,,,,,,,,,,,,,,,,,,,,,
NRIF (3 spp.),Tintinnabularia,,,,,,,,,,,,,,,,,,,,,,,,,,,,,,,
NRIF (2 spp.),Topea,,,,,,,,,,,,,,,,,,,,,,,,,,,,,,,
NRIF (33 spp.),Toxocarpus,,,,,,,,,,,,,,,,,,,,,,,,,,,,,,,
spp. listed (1/9),Trachelospermum,asiaticum (Siebold & Zucc.) Nakai,Yes,Steroid glycosides (whole plant?),"212, 213, 214","Species also listed as Trachelospermum liukiuense (synonym), 214",,,,,,,,,,,,,,,,,,,,N. India to Central & S. Japan and Borneo,,,,,,
NRIF (1 sp.),Tressensia,,,,,,,,,,,,,,,,,,,,,,,,,,,,,,,
NRIF (1 sp.),Treutlera,,,,,,,,,,,,,,,,,,,,,,,,,,,,,,,
NRIF (1 sp.),Trichosandra,,,,,,,,,,,,,,,,,,,,,,,,,,,,,,,
NRIF (8 spp.),Tridentea,,,,,,,,,,,,,,,,,,,,,,,,,,,,,,,
NRIF (11 spp.),Tromotriche,,,,,,,,,,,,,,,,,,,,,,,,,,,,,,,
NRIF (6 spp.),Tweedia,,,,,,,,,,,,,,,,,,,,,,,,,,,,,,,
NRIF (4 spp.),Tylodontia,,,,,,,,,,,,,,,,,,,,,,,,,,,,,,,
NRIF (21 spp.),Urceola,,,,,,,,,,,,,,,,,,,,,,,,,,,,,,,
NRIF (2 spp.),Vahadenia,,,,,,,,,,,,,,,,,,,,,,,,,,,,,,,
NRIF (1 sp.),Vailia,,,,,,,,,,,,,,,,,,,,,,,,,,,,,,,
spp. listed (2/3),Vallaris,glabra (L.) Kuntze,Yes,Cardenolide glycosides (leaves),216,"One alkaloid (flowers) co-occurs in this species, 258",,,,,,,,,,,,,,,,,,,,Sumatera to Lesser Sunda Islands (Flores),,,,,,
,Vallaris,solanacea (Roth) Kuntze,Yes,Cardenolide glycosides,215,,,,,,,,,,,,,,,,,,,,,"Indian Subcontinent to Indo-China, Hainan",,,,,,
NRIF (11 spp.),Vallesia,,,,,,,,,,,,,,,,,,,,,,,,,,,,,,,
NRIF (7 spp.),Vinca,,,,,,,,,,,,,,,,,,,,,,,,,,,,,,,
spp. listed (13/250),Vincetoxicum,amplexicaule Siebold & Zucc.,Yes,Steroid glycoside derivatives (roots),58,"Species listed as Cynanchum amplexicaule (synonym), 58",,,,,,,,,,,,,,,,,,,,China to Russian Far East and S. Japan,,,,,,
,Vincetoxicum,ascyrifolium Franch. & Sav.,Yes,Steroid glycoside derivatives (roots),65,"Species listed as Cynanchum ascyrifolium (synonym), 65",,,,,,,,,,,,,,,,,,,,N. & E. China to Russian Far East and Japan,,,,,,
,Vincetoxicum,atratum (Bunge) C.Morren & Decne.,Yes,Steroid glycoside derivatives (roots),"60, 61","Species listed as Cynanchum atratum (synonym), 60, 61",,,,,,,,,,,,,,,,,,,,China to Russian Far East and Japan,,,,,,Yes
,Vincetoxicum,chekiangense (M.Cheng) C.Y.Wu & D.Z.Li,Yes,Steroid glycoside derivatives (roots),66,"Species listed as Cynanchum chekiangense (synonym), 66",,,,,,,,,,,,,,,,,,,,SE. China (to Hubei),,,,,,
,Vincetoxicum,chinense S.Moore,Yes,Steroid glycoside derivatives (roots),63,"Species listed as Cynanchum mooreanum, 63",,,,,,,,,,,,,,,,,,,,"SE. China (to Hubei), NW. Taiwan",,,,,,
,Vincetoxicum,forrestii (Schltr.) C. Y. Wu & D. Z. Li,Yes,Steroid glycoside derivatives (roots),"59, 64","Species listed as Cynanchum limprichtii (synonym), 59, and Cynanchum forrestii (synonym), 64",,,,,,,,,,,,,,,,,,,,Tibet to Central China,,,,,,
,Vincetoxicum,glaucescens (Decne.) C.Y.Wu & D.Z.Li,Yes,Steroid derivatives (roots),70,"Speices listed as Cynanchum glaucescens (synonym), 70",,,,,,,,,,,,,,,,,,,,SE. China (to Sichuan),,,,,,
,Vincetoxicum,hirundinaria Medik.,Yes,Steroid glycoside derivatives (roots),"217, 218, 219","Many alkaloids co-occur in this species, also listed as Cynanchum vincetoxicum (synonym)",,,,,,,,,,,,,,,,,,,,"Europe to W. Siberia and N. Turkey, NW. Africa, Himalaya",,,,,,
,Vincetoxicum,mukdenense Kitag.,Yes,Steroid glycoside derivatives (roots),67,"Species listed as Cynanchum paniculatum (synonym), 67",,,,,,,,,,,,,,,,,,,,S. Siberia to Temp. E. Asia and China,,,,,,Yes
,Vincetoxicum,spirale (Forssk.) D. Z. Li,Yes,One steroid (whole plant?),256,"Species listed as Pentatropis spiralis (synonym), 256",,,,,,,,,,,,,,,,,,,,"Eritrea, Yemen",,,,,,
,Vincetoxicum,stauntonii (Decne.) C.Y.Wu & D.Z.Li,Yes,Steroid glycoside derivatives (roots),57,"Species listed as Cynanchum stauntonii (synonym), 57",,,,,,,,,,,,,,,,,,,,Central & S. China to Vietnam,,,,,,
,Vincetoxicum,sublanceolatum (Miq.) Maxim.,Yes,Steroid glycoside derivatives (roots),62,"Species listed as Cynanchum sublanceolatum (synonym), 62",,,,,,,,,,,,,,,,,,,,"China (Jiangsu), Central Japan",,,,,,
,Vincetoxicum,taihangense (Tsiang & H.D.Zhang) C.Y.Wu & D.Z.Li,Yes,Steroid glycoside derivatives (whole plant),71,"Species listed as Cynanchum taihangense (synonym), 71",,,,,,,,,,,,,,,,,,,,"China (Shanxi, Anhui)",,,,,,
NRIF (13 spp.),Voacanga,,,,,,,,,,,,,,,,,,,,,,,,,,,,,,,
NRIF (1 sp.),Vulcanoa,,,,,,,,,,,,,,,,,,,,,,,,,,,,,,,
spp. listed (2/2),Wattakaka,lanceolata (T.Cooke) Kerr,Yes,Steroid glycosides (roots),77,Species listed as Dregea lanceolata (synonym),,,,,,,,,,,,,,,,,,,,"India (Maharashtra), N. Bangladesh, Thailand",,,,,,
,Wattakaka,volubilis (L.f.) Stapf,Yes,Steroid glycosides (flowers),76,Species listed as Dregea volubilis (synonym),,,,,,,,,,,,,,,,,,,,NE. Pakistan to S. China and W. Malesia,,,,,,
NRIF (1 sp.),White-sloanea,,,,,,,,,,,,,,,,,,,,,,,,,,,,,,,
NRIF (16 spp.),Willughbeia,,,,,,,,,,,,,,,,,,,,,,,,,,,,,,,
NRIF (3 spp.),Woodia,,,,,,,,,,,,,,,,,,,,,,,,,,,,,,,
spp. listed (1/33),Wrightia,tinctoria (Roxb.) R. Br.,Yes,"Steroids (immature seed pods, seeds)","220, 221",,,,,,,,,,,,,,,,,,,,,India to Myanmar,,,,,,
spp. listed (1/42),Xysmalobium,undulatum (L.) W. T. Aiton.,Yes,"Cardenolides, cardenolide glycosides and derivatives (roots)","83, 222, 223","Species also listed as 'Uzara', 222, or Xysmalobium undulatum R. Br 'neben Uzara' (synonym?), 83, 223",,,,,,,,,,,,,,,,,,,,Ethiopia to S. Africa,,,,,,
NRIF (1 sp.),Zygostelma,,,,,,,,,,,,,,,,,,,,,,,,,,,,,,,
