Any info found? No. of species in genus?,Genus,Species,Tested for alkaloids?,Ref.,Alkaloid Notes ,Primary alkaloid classes: MIA; quinoline; diterpenoid; indole; purine; pyridine; peptide; PIA - polypyrrolindolidine; thiazepine; imidazole; beta-carboline?,Alkaloid class,Alkaloid class notes,History of medicinal use for malaria?,(Plant Part +) Mal Ref,History of medicinal use for fever (i.e. not malaria)?,(Plant Part +)  Fever Ref,Tested for antimalarial activity?,Extraction Method,Type of Test,Activity Category,Authors categorisation,Compared to Positive Control?,Active? ,Ref.,General notes,MPNS?,Details,Presence of cardenolides?,Details,Card. Ref,Presence of steroids?,Details,Steroid Ref.,General Phytochem notes
NRIF (42 spp.),Acranthera,,,,,,,,,,,,,,,,,,,,,,,,,,,,,
NRIF (1 sp.),Acrobotrys,,,,,,,,,,,,,,,,,,,,,,,,,,,,,
NRIF (7 spp.),Acrosynanthus,,,,,,,,,,,,,,,,,,,,,,,,,,,,,
NRIF (1 sp.),Acunaeanthus,,,,,,,,,,,,,,,,,,,,,,,,,,,,,
NRIF (1 sp.),Adenorandia,,,,,,,,,,,,,,,,,,,,,,,,,,,,,
spp. listed (6/11),Adina,cordifolia (Roxb.) Brandis,Yes,2,"Isolated, Heart W",indole,beta-carboline,,,,,,,,,,,,,,,,,,,,,,,
,Adina,eurhyncha (Miq.) Å. Krüger & Löfstrand,Yes,1,"Isolated, Heart W",MIA; ,indole; monoterpenoid; quinolizidine;,,,,,,,,,,,,,,,,,,,,,,,
,Adina,multifolia Havil.,Yes,39,"Detected (TLC), L",,,,,,,,,,,,,,,,,,,,,,,,,
,Adina,pilulifera (Lam.) Franch. ex Drake,Yes,39,"Detected (TLC), L",,,,,,,,,,,,,,,,,,,,,,,,,
,Adina,rubella Hance,Yes,3,"Isolated, U",indole; pyridine,beta-carboline; pyridine,,,,,,,,,,,,,,,,,,,,,,,
,Adina,trichotoma (Zoll. & Moritzi) Benth. & Hook. f. ex B. D. Jacks.,Yes,39,"Detected (TLC), L",,,,,,,,,,,,,,,,,,,,,,,,,
spp. listed (1/1),Adolphoduckea,maynensis (Poepp. & Endl.) Paudyal & Delprete,,,,,,,Yes,209,,,,,,,,,,,,,,,,,,,,
NRIF (17 spp.),Afrocanthium,,,,,,,,,,,,,,,,,,,,,,,,,,,,,
spp. listed (2/4),Agathisanthemum,bojeri Klotzsch,,,,,,,Yes,5,,,Yes,Extraction,Vitro,Inactive,Weak,Yes,"IC50 = 49.8 & 55.9 μg/mL (MeOH Wp, D6 & W2).",5,,,,,,,,,,
,Agathisanthemum,globosum (Hochst. ex A. Rich.) Klotzsch,,,,,,,Yes,6,,,,,,,,,,,,,,,,,,,,
NRIF (7 spp.),Agouticarpa,,,,,,,,,,,,,,,,,,,,,,,,,,,,,
NRIF (56 spp.),Aidia,,,,,,,,,,,,,,,,,,,,,,,,,,,,,
NRIF (1 sp.),Aidiopsis,,,,,,,,,,,,,,,,,,,,,,,,,,,,,
NRIF (6 spp.),Airosperma,,,,,,,,,,,,,,,,,,,,,,,,,,,,,
NRIF (1 sp.),Alberta,,,,,,,,,,,,,,,,,,,,,,,,,,,,,
NRIF (2 spp.),Aleisanthia,,,,,,,,,,,,,,,,,,,,,,,,,,,,,
NRIF (2 spp.),Aleisanthiopsis,,,,,,,,,,,,,,,,,,,,,,,,,,,,,
spp. listed (3/15),Alibertia,dwyeri Delprete & C. H. Perss.,Yes,68,"Not detected (Dragendorff), L",,,,,,,,,,,,,,,,,,,,,,,,,
,Alibertia,edulis (Rich.) A. Rich. ex DC.,Yes,7/68,"Detected (Dragendorff), L & B [7] Detected (Dragendorff), L & Fl [68]",,,,Yes,209,,,,,,,,,,,,,,,,,,,,
,Alibertia,latifolia (Benth.) K.Schum.,,,,,,,Yes,209,,,,,,,,,,,,,,,,,,,,
NRIF (2 spp.),Alleizettella,,,,,,,,,,,,,,,,,,,,,,,,,,,,,
spp. listed (1/18),Alseis,blackiana Hemsl.,Yes,68,"Detected (Dragendorff), L",,,,,,,,,,,,,,,,,,,,,,,,,
spp. listed (4/11),Amaioua,glomerulata (Lam. ex Poir.) Delprete & C. H. Perss.,Yes,68,"Detected (Dragendorff), L & F & Fl",,,,,,,,Yes,Extraction,Vitro,Inactive,Inactive,Yes,"IC50 > 10 μg/mL (80% EtOH L & Sb, W2)",158,,,,,,,,,,
,Amaioua,guianensis Aubl.,Yes,8,"Isolated, L",peptide,peptide,,,,,,,,,,,,,,,,,,,,,,,
,Amaioua,magnicarpa Dwyer,Yes,68,"Detected (Dragendorff), L & F",,,,,,,,,,,,,,,,,,,,,,,,,
,Amaioua,pedicellata Dwyer,Yes,68,"Detected (Dragendorff), L & F & Fl",,,,,,,,,,,,,,,,,,,,,,,,,
NRIF (30 spp.),Amaracarpus,,,,,,,,,,,,,,,,,,,,,,,,,,,,,
NRIF (7 spp.),Amphiasma,,,,,,,,,,,,,,,,,,,,,,,,,,,,,
NRIF (13 spp.),Amphidasya,,,,,,,,,,,,,,,,,,,,,,,,,,,,,
NRIF (2 spp.),Amphistemon,,,,,,,,,,,,,,,,,,,,,,,,,,,,,
NRIF (5 spp.),Antherostele,,,,,,,,,,,,,,,,,,,,,,,,,,,,,
NRIF (9 spp.),Anthorrhiza,,,,,,,,,,,,,,,,,,,,,,,,,,,,,
NRIF (1 sp.),Anthospermopsis,,,,,,,,,,,,,,,,,,,,,,,,,,,,,
spp. listed (1/39),Anthospermum,emirnense Bak.,,,,,,,Yes,65,,,,,,,,,,,,,,,,,,,,
,Anthospermum,perrieri Homolle ex Puff,,,,,,,,,,,,,,,,,,,,,,No,,,Yes,Steroids,C39,
spp. listed (1/40),Antirhea,putaminosa (F. Muell.) F. Muell.,Yes,10,"Isolated, L",MIA; ,monoterpenoid; indole; quinolizidine,,,,,,,,,,,,,,,,,,,,,,,
spp. listed (1/5),Aoranthe,cladantha (K. Schum.) Somers,,,,,,,Yes,143,,,Yes,Extraction,Vitro,Inactive,Inactive,Yes,"IC50 = 60  ± 12.4 μg/mL (aq L, FcM29)",143,,,,,,,,,,
NRIF (1 sp.),Aphanocarpus,,,,,,,,,,,,,,,,,,,,,,,,,,,,,
NRIF (14 spp.),Appunia,,,,,,,,,,,,,,,,,,,,,,,,,,,,,
spp. listed (4/105),Arachnothryx,bertieroides (Standl.) Borhidi,Yes,68,"Detected (Dragendorff), L",,,,,,,,,,,,,,,,,,,,,,,,,
,Arachnothryx,buddleioides (Brenth.) Planch.,Yes,68,"Detected (Dragendorff), L & F",,,,,,,,,,,,,,,,,,,,,,,,,
,Arachnothryx,chiriquiana (Lorence) Borhidi,Yes,68,"Not detected (Dragendorff), L",,,,,,,,,,,,,,,,,,,,,,,,,
,Arachnothryx,secunda (Standl.) Borhidi,Yes,68,"Detected (Dragendorff), L",,,,,,,,,,,,,,,,,,,,,,,,,
spp. listed (1/18),Arcytophyllum,lavarum K. Schum. ex Standl.,Yes,68,"Detected (Dragendorff), L",,,,,,,,,,,,,,,,,,,,,,,,,
NRIF (8 spp.),Argocoffeopsis,,,,,,,,,,,,,,,,,,,,,,,,,,,,,
spp. listed (1/168),Argostemma,yappii King,Yes,12,"Isolated, L",PIA,indole; pyrroloindole,,,,,,,,,,,,,,,,,,,,,,,
spp. listed (1/192),Asperula,nitida subsp. subcapitellata Ehrend.,,,,,,,,,,,Yes,Extraction,Vitro,Active,Active,Yes,"IC50 = 1.6 & 3.0 μg/mL (aq R & hex R, K1)",13,,,,,,,,,,
NRIF (12 spp.),Astiella,,,,,,,,,,,,,,,,,,,,,,,,,,,,,
NRIF (29 spp.),Atractocarpus,,,,,,,,,,,,,,,,,,,,,,,,,,,,,
NRIF (2 spp.),Atractogyne,,,,,,,,,,,,,,,,,,,,,,,,,,,,,
NRIF (4 spp.),Augusta,,,,,,,,,,,,,,,,,,,,,,,,,,,,,
NRIF (11 spp.),Aulacocalyx,,,,,,,,,,,,,,,,,,,,,,,,,,,,,
NRIF (3 spp.),Badusa,,,,,,,,,,,,,,,,,,,,,,,,,,,,,
NRIF (1 sp.),Balmea,,,,,,,,,,,,,,,,,,,,,,,,,,,,,
spp. listed (1/10),Bathysa,australis (A. St.-Hil.) K. Schum.,Yes,16,"Detected (Dragendorff), L",,,,Yes,209,,,,,,,,,,,,,,,,,,,,
NRIF (3 spp.),Batopedina,,,,,,,,,,,,,,,,,,,,,,,,,,,,,
NRIF (5 spp.),Belonophora,,,,,,,,,,,,,,,,,,,,,,,,,,,,,
NRIF (19 spp.),Benkara,,,,,,,,,,,,,,,,,,,,,,,,,,,,,
NRIF (1 sp.),Benzonia,,,,,,,,,,,,,,,,,,,,,,,,,,,,,
NRIF (1 sp.),Berghesia,,,,,,,,,,,,,,,,,,,,,,,,,,,,,
spp. listed (3/57),Bertiera,borbonica A. Rich. ex DC.,,,,,,,,,,,Yes,Extraction,Vitro,Inactive,Inactive,Yes,"IC50 > 50 μg/mL (EtOAc L, 3D7)",17,,,,,,,,,,
,Bertiera,bracteosa (Donn. Sm.) B. Ståhl & L. Andersson,Yes,68,"Detected (Dragendorff), L",,,,,,,,,,,,,,,,,,,,,,,,,
,Bertiera,guianensis Aubl.,Yes,68,"Detected (Dragendorff), L & F",,,,,,,,,,,,,,,,,,,,,,,,,
NRIF (11 spp.),Bikkia,,,,,,,,,,,,,,,,,,,,,,,,,,,,,
NRIF (1 sp.),Blepharidium,,,,,,,,,,,,,,,,,,,,,,,,,,,,,
NRIF (4 spp.),Bobea,,,,,,,,,,,,,,,,,,,,,,,,,,,,,
NRIF (1 sp.),Boholia,,,,,,,,,,,,,,,,,,,,,,,,,,,,,
All spp. listed (1/1),Bothriospora,corymbosa (Benth.) Hook. f.,Yes,200,Detected (reportedly contains emetine),,,,,,,,,,,,,,,,,,,,,,,,,
NRIF (2 spp.),Botryarrhena,,,,,,,,,,,,,,,,,,,,,,,,,,,,,
NRIF (57 spp.),Bouvardia,ternifolia (Val.) Schltdl.,Yes,201,"Isolated, Wp",macrocyclic peptide,macrocylic; peptide; hexapeptide,,,,,,,,,,,,,,,,,,,,,,,
NRIF (8 spp.),Brachytome,,,,,,,,,,,,,,,,,,,,,,,,,,,,,
NRIF (6 spp.),Bradea,,,,,,,,,,,,,,,,,,,,,,,,,,,,,
NRIF (18 spp.),Bremeria,,,,,,,,,,,,,,,,,,,,,,,,,,,,,
NRIF (2 spp.),Brenania,,,,,,,,,,,,,,,,,,,,,,,,,,,,,
All spp. listed (1/1),Breonadia,salicina (Vahl) Hepper & J. R. I. Wood,Yes,39,"Detected (TLC), L",,,,Yes,65,,,,,,,,,,,,,,,,,,,,
spp. listed (2/20),Breonia,perrieri Homolle,Yes,39,"Detected (TLC), L",,,,,,,,,,,,,,,,,,,,,,,,,
,Breonia,sphaerantha (Baill.) Homolle ex Ridsdale,Yes,39,"Detected (TLC), L",,,,,,,,,,,,,,,,,,,,,,,,,
NRIF (1 sp.),Bridsonia,,,,,,,,,,,,,,,,,,,,,,,,,,,,,
NRIF (1 sp.),Bruxanelia,,,,,,,,,,,,,,,,,,,,,,,,,,,,,
NRIF (6 spp.),Bullockia,,,,,,,,,,,,,,,,,,,,,,,,,,,,,
NRIF (4 spp.),Bungarimba,,,,,,,,,,,,,,,,,,,,,,,,,,,,,
All spp. listed (1/1),Burchellia,bubalina (L.F.) Sims,,,,,,,,,,,Yes,Extraction,Vitro,Inactive,Inactive,Yes,"IC50 = 18 μg/mL (DCM/MeOH T, D10)",190,,182,PubMed Central,,,,,,,
NRIF (2 spp.),Byrsophyllum,,,,,,,,,,,,,,,,,,,,,,,,,,,,,
NRIF (3 spp.),Callipeltis,,,,,,,,,,,,,,,,,,,,,,,,,,,,,
NRIF (2 spp.),Calochone,,,,,,,,,,,,,,,,,,,,,,,,,,,,,
spp. listed (4/11),Calycophyllum,candidissimum (Vahl) DC.,Yes,68,"Detected (Dragendorff), L & Fl & F",,,,,,,,,,,,,,,,,,,,,,,,,
,Calycophyllum,megistocaulum (K.Krause) C.M.Taylor,,,,,,,Yes,209,,,,,,,,,,,,,,,,,,,,
,Calycophyllum,multiflorum Griseb.,,,,,,,Yes,209,,,Yes,Extraction,Vitro,Inactive,Inactive,Yes,"IC50 > 10 μg/mL (EtOH B, 3D7)",31,,,,,,,,,,
,Calycophyllum,spruceanum (Benth.) Hook. f. ex K. Schum.,,,,,,,Yes,209,,,,,,,,,,,,,,,,,,,,
NRIF (7 spp.),Calycosia,,,,,,,,,,,,,,,,,,,,,,,,,,,,,
NRIF (2 spp.),Calycosiphonia,,,,,,,,,,,,,,,,,,,,,,,,,,,,,
NRIF (7 spp.),Canephora,,,,,,,,,,,,,,,,,,,,,,,,,,,,,
spp. listed (2/79),Canthium,coromandelicum (Burm. f.) Alston,Yes,28,"Detected (Dragendorff & Mayer & Wagner), L",,,,,,,,,,,,,,,,,,,,,,,,,
,Canthium,glaucum Hiern,Yes,20,"Detected (TLC), R",,,,Yes,6,,,Yes,Extraction,Vivo,Active,Active,Yes,"43.76% chemosuppression with 100mg/kg/day for 4 days (CH3Cl:MeOH, ANKA strain p. berghei infected mice)",20,,,,,,,,,,
NRIF (3 spp.),Canthiumera,,,,,,,,,,,,,,,,,,,,,,,,,,,,,
All spp. listed (1/1),Capirona,macrophylla (poepp.) Delprete,,,,,,,Yes,"31, 209",,,Yes,Extraction,Vitro,Inactive,Inactive,Yes,"IC50 > 10 μg/mL (EtOH B, 3D7)",31,,,,,,,,,,
NRIF (1 sp.),Carajasia,,,,,,,,,,,,,,,,,,,,,,,,,,,,,
spp. listed (3/24),Carapichea,affinis (Standl.) L. Andersson,Yes,33,"Isolated, L & SB",isoquinoline,bisisoquinoline; isoquinoline,,,,,,,,,,,,,,,,,,,,,,,
,Carapichea,ipecacuanha (Brot.) L. Andersson,Yes,32,"Isolated, R",isoquinoline,bisisoquinoline; isoquinoline,,Yes,"165, 209",,,,,,,,,,,,,,,,,,,,
,Carapichea,klugii (Standl.) C. M. Taylor,Yes,72,"Isolated, U",isoquinoline,bisisoquinoline; isoquinoline,,,,,,Yes,"Extraction, Isolation",Vitro,Active,Active,Yes,"IC50 = 600 & 940 ng/mL (EtOH Wp, D6 & W2)  - IC50 = 38 & 27.7 ng/mL [ 0.08 μM & 0.06 μM] (klugine, D6 & W2)",188,Compounds tested,,,,,,,,,
NRIF (7 spp.),Carpacoce,,,,,,,,,,,,,,,,,,,,,,,,,,,,,
NRIF (3 spp.),Carphalea,,,,,,,,,,,,,,,,,,,,,,,,,,,,,
NRIF (1 sp.),Carterella,,,,,,,,,,,,,,,,,,,,,,,,,,,,,
NRIF (10 spp.),Casasia,,,,,,,,,,,,,,,,,,,,,,,,,,,,,
NRIF (18 spp.),Catesbaea,,,,,,,,,,,,,,,,,,,,,,,,,,,,,
spp. listed (3/14),Catunaregam,nilotica (Stapf) Tirveng.,Yes,183,"Detected (phytochemical testing), U",,,,Yes,184,,,,,,,,,,,,183/184,PubMed [183] PubMed Central [184],,,,,,,
,Catunaregam,spinosa (Thunb.) Tirveng.,Yes,34,"Detected (Dragendorff & Mayer & Hager & Wagner), Fr",,,,,,,,,,,,,,,,,,,,,,,,,
,Catunaregam,tomentosa (Blume ex DC.) Tirveng.,Yes,36,"Detected (Dragendorff), B",,,,,,,,,,,,,,,,,,,,,,,,,
spp. listed (5/6),Cephalanthus,glabratus (Spreng.) K. Schum.,Yes,37/38,"Detected (TLC & GLC & UV & MS) L [38] Isolated, R [37]",MIA; ,monoterpenoid; indole; indolizidine,,,,,,,,,,,,,,,,,,,,,,,
,Cephalanthus,natalensis Oliv.,Yes,39,"Detected (TLC), L",,,,,,,,Yes,Extraction,Vitro,Inactive,Inactive,Yes,"IC50 = 16.5 μg/mL (DCM/MeOH T, D10)",190,,182,PubMed Central,,,,,,,
,Cephalanthus,occidentalis L.,Yes,37/38,"Detected (TLC & GLC & UV & MS) L [38] Isolated, R [37]",MIA; ,monoterpenoid; indole; indolizidine,,,,,,,,,,,,,,,,,,,,,,,
,Cephalanthus,salicifolius Humb. & Bonpl.,Yes,39,"Detected (TLC), L",,,,,,,,,,,,,,,,,,,,,,,,,
,Cephalanthus,tetrandra (Roxb.) Ridsdale & Bakh. f.,Yes,39,"Detected (TLC & GC & MS), L",,,,,,,,,,,,,,,,,,,,,,,,,
NRIF (1 sp.),Ceratopyxis,,,,,,,,,,,,,,,,,,,,,,,,,,,,,
NRIF (11 spp.),Ceriscoides,,,,,,,,,,,,,,,,,,,,,,,,,,,,,
NRIF (3 spp.),Chaeotostachydium,,,,,,,,,,,,,,,,,,,,,,,,,,,,,
NRIF (1 sp.),Chalepophyllum,,,,,,,,,,,,,,,,,,,,,,,,,,,,,
NRIF (6 spp.),Chamaepentas,,,,,,,,,,,,,,,,,,,,,,,,,,,,,
NRIF (4 spp.),Chapelieria,,,,,,,,,,,,,,,,,,,,,,,,,,,,,
spp. listed (3/108),Chassalia,curviflora (Wall.) Thwaites,Yes,40,"Isolated, U",indole,pyrroloindole,,,,,,,,,,,,,,,,,,,,,,,
,Chassalia,kolly (Schumach.) Hepper,Yes,41,"Detected (phytochemical screening), L",,,,,,,,,,,,,,,,,,,,,,,,,
,Chassalia,umbraticola Vatke,,,,,,,Yes,205,,,,,,,,,,,,,,,,,,,,
spp. listed (4/15),Chimarrhis,cymosa Jacq.,Yes,43,"Isolated, L",MIA; ,monoterpenoid; indole,,,,,,,,,,,,,,,,,,,,,,,
,Chimarrhis,hookeri K.Schum.,,,,,,,Yes,209,,,,,,,,,,,,,,,,,,,,
,Chimarrhis,parviflora Standl.,Yes,68,"Detected (Dragendorff), L",,,,,,,,,,,,,,,,,,,,,,,,,
,Chimarrhis,turbinata DC.,Yes,42,"Isolated, L",MIA; ,monoterpenoid; indole; beta-carboline,,Yes,209/210,,,Yes,Extraction,Vitro,Inactive,Inactive,Yes,"Inactive (Aqeuous, B) Inactive (Aqueous, L)
",210,,,,,,,,,,
spp. listed (3/22),Chiococca,alba (L.) Hitchc.,Yes,44,"Isolated, R",quinoline,quinoline,,Yes,209,,,,,,,,,,,,,,,,,,,,
,Chiococca,belizensis Lundell,Yes,68,"Not detected (Dragendorff), L",,,,,,,,,,,,,,,,,,,,,,,,,
,Chiococca,phaenostemon Schltdl.,Yes,68,"Not detected (Dragendorff), L",,,,,,,,,,,,,,,,,,,,,,,,,
All spp. listed (1/1),Chione,venosa (Sw.) Urb.,Yes,211,"Isolated, B & R",(di)azine,(di)azine,,,,,,,,,,,,,,,,,No,,,Yes,Sterols and sterol glycosides,C2,Chione venosa (Sw.) Urb. produces (at least) one alkaloid
NRIF (76 spp.),Chomelia,,,,,,,,,,,,,,,,,,,,,,,,,,,,,
spp. listed (2/2),Ciliosemina,pedunculata (H. Karst.) Antonelli,Yes,102/212,"Isolated, U",indole; quinoline; ,quinuclidine; quinoline; indole,,Yes,"18, 209",Yes,,Yes,Extraction,Vitro,Active,Active,Yes,"IC50 < 10 μg/mL (EtOH C, 3D7)",18,,,,,,,,,,
,Ciliosemina,purdieana (Wedd.) Antonelli,Yes,213,"Isolated, U",indole; quinoline; ,quinuclidine; quinoline; indole,,Yes,209,,,,,,,,,,,,,,,,,,,,
spp. listed (10/25),Cinchona,barbacoensis H. Karst.,,,,,,,Yes,209,,,,,,,,,,,,,,,,,,,,
,Cinchona,calisaya Wedd.,Yes,"102, 262","Isolated, U",quinoline,quinuclidine; quinoline,,Yes,14/65,Yes,14,,Isolation,,Active,,,"Quinine Present [260, 261, 262]",,,,,,,,,,,
,Cinchona,glandulifera,Yes,263,Traces,,,,,,,,,,,,,,,,,,,,,,,,,
,Cinchona,hirsuta Ruiz & Pav.,,,,,,,Yes,209,,,,,,,,,,,,,,,,,,,,
,Cinchona,lancifolia Mutis,Yes,262,"Isolated, U",quinoline,,,Yes,209,,,,Isolation,,Active,,,Quinine Present [262],,,,,,,,,,,
,Cinchona,lucumifolia Pav. ex Lindl.,,,,,,,Yes,209,,,,,,,,,,,,,,,,,,,,
,Cinchona,macrocalyx Pav. ex DC.,Yes,262,"Isolated, U",quinoline,,,Yes,209,,,,Isolation,,Active,,,Quinine Present [262],,,,,,,,,,,
,Cinchona,micrantha,Yes,262,"Isolated, U",quinoline,,,,,,,,Isolation,,Active,,,Quinine Present [262],,,,,,,,,,,
,Cinchona,mutisii Lamb.,,,,,,,Yes,209,,,,,,,,,,,,,,,,,,,,
,Cinchona,nitida,Yes,262,"Isolated, U",quinoline,,,,,,,,Isolation,,Active,,,Quinine Present [262],,,,,,,,,,,
,Cinchona,officinalis L.,Yes,KN,"Isolated, U",MIA; quinoline,,,Yes,65/ 76,,,Yes,"Isolation, Extraction",Vitro,Active,Active,Yes,"IC50 = 0.21 0.21 μg/ml (Aqueous, B) [210] Quinine Present [262]",210,,,,,,,,,,
,Cinchona,parabolica,Yes,263,Traces,,,,,,,,,,,,,,,,,,,,,,,,,
,Cinchona,pitayensis (Wedd.) Wedd.,Yes,262,"Isolated, U",quinoline,,,Yes,209,,,,Isolation,,Active,,,Quinine Present [262],,,,,,,,,,,
,Cinchona,pubescens Vahl,Yes,"KN, 68","Isolated, U [KN] Detected (Dragendorff), L [68]",quinoline; MIA,,,Yes,65/181,Yes,181,Yes,"Isolation, Extraction",Vitro,Active,Active,Yes,"IC50 < 10 μg/mL (Petr. Ether, DCM, EtOAc, MeOH B, 3D7 & Dd2) [191[ Quinine Present [261, 262]",191,,181/182,PubMed Central,,,,,,,
,Cinchona,villosa,Yes,262,"Isolated, U",quinoline,,,,,,,,Isolation,,Active,,,Quinine Present [262],,,,,,,,,,,
NRIF (1 sp.),Cinchonopsis,,,,,,,,,,,,,,,,,,,,,,,,,,,,,
NRIF (1 sp.),Cladoceras,,,,,,,,,,,,,,,,,,,,,,,,,,,,,
NRIF (1 sp.),Clarkella,,,,,,,,,,,,,,,,,,,,,,,,,,,,,
NRIF (4 spp.),Coccochondra,,,,,,,,,,,,,,,,,,,,,,,,,,,,,
spp. listed (4/22),Coccocypselum,guianense (Aubl.) K. Schum.,Yes,68,"Detected (Dragendorff), L",,,,,,,,,,,,,,,,,,,,,,,,,
,Coccocypselum,herbaceum P. Browne ex Aubl.,Yes,68,"Detected (Dragendorff), L",,,,,,,,,,,,,,,,,,,,,,,,,
,Coccocypselum,hirsutum Bartl. ex DC.,Yes,68,"Detected (Dragendorff), L",,,,,,,,,,,,,,,,,,,,,,,,,
,Coccocypselum,hispidulum (Standl.) Standl.,Yes,68,"Detected (Dragendorff), L",,,,,,,,,,,,,,,,,,,,,,,,,
NRIF (1 sp.),Coddia,,,,,,,,,,,,,,,,,,,,,,,,,,,,,
NRIF (1 sp.),Coelopyrena,,,,,,,,,,,,,,,,,,,,,,,,,,,,,
Spp. listed (1/11),Coelospermum,balansanum Baill.,Yes,214,"Isolated, S & L",pyridine,pyridine,,,,,,,,,,,,,,,,,,,,,,,
spp. listed (6/124),Coffea,arabica L.,Yes,"KN, 47","Isolated, U [KN] Isolated, Fr [47]",pyrazine; [KN]; pyridine [KN]; indole [KN]; purine,purine,,Yes,209,Yes,14,Yes,Extraction,Vitro,Inactive,Inactive,Yes,"39.7  ± 12.4 % Inhibition at 10 μg/mL (EtOAc L, FcB1)",45,,,,No,,,Yes,Sterols ,C3,
,Coffea,benghalensis B. Heyne ex Roth,Yes,46,"Isolated, L",purine,purine,,,,,,,,,,,,,,,,,,,,,,,
,Coffea,canephora Pierre ex A. Froehner,Yes,"KN, 48","Isolated, U [KN] Isolated, bean [48]",pyrazine; [KN]; pyridine [KN]; purine [KN]; indole ,pyrroloindole,,Yes,203,,,,,,,,,,,,,,,,,,,,
,Coffea,eugenioides S.Moore,Yes,KN,"Isolated, U",purine,,,,,,,,,,,,,,,,,,,,,,,,
,Coffea,kianjavatensis J.-F. Leroy,Yes,49,"Isolated, U [KN] Detected (MS & UV & NMR & FTIR), bean [49] ",purine,,,,,,,,,,,,,,,,,,,,,,,,
,Coffea,liberica var. dewevrei (De. Wild. & T. Durand) Lebrun,Yes,50,"Detected, L & Fr",,,,,,,,,,,,,,,,,,,,,,,,,
,Coffea,liberica W.Bull,Yes,KN,"Isolated, U",purine,,,,,,,,,,,,,,,,,,,,,,,,
,Coffea,mauritiana Lam.,,,,,,,,,,,Yes,Extraction,Vitro,Inactive,Weak,Yes,"IC50 = 37.63 ± 0.7 μg/mL (EtOAc R, 3D7)",17,,,,,,,,,,
,Coffea,racemosa Lour.,Yes,KN,"Isolated, U",purine,,,,,,,,,,,,,,,,,,,,,,,,
,Coffea,salvatrix Swynn. & Philipson`,Yes,KN,"Isolated, U",purine,,,,,,,,,,,,,,,,,,,,,,,,
NRIF (3 spp.),Colletoecema,,,,,,,,,,,,,,,,,,,,,,,No,,,Yes,Cycloartanes and dammaranes,C20/C21,
spp. listed (1/4),Condaminea,corymbosa (Ruiz & Pav.) DC.,Yes,68,"Detected (Dragendorff), L & Fl & F",,,,,,,,,,,,,,,,,,,No,,,Yes,Cycloartenol derivatives,C12,
NRIF (5 spp.),Conostomium,,,,,,,,,,,,,,,,,,,,,,,No,,,Yes,Cycloartenol derivatives,C14,
NRIF (112 spp.),Coprosma,,,,,,,,,,,,,,,,,,,,,,,No,,,Yes,Cycloartenol derivatives,C9,
NRIF (8 spp.),Coptophyllum,,,,,,,,,,,,,,,,,,,,,,,No,,,Yes,Cycloartenol derivatives,C11,
Spp. listed (1/16),Coptosapelta,tomentosa (Blume) Valeton ex K.Heyne,Yes,215,"Isolated, R",simple amine,,simple amine on naphtoquinone,,,,,,,,,,,,,,,,No,,,Yes,Cycloartenol derivatives,C7,
spp. listed (1/19),Coptosperma,graveolens (S. Moore) Degreef,,,,,,,Yes,177,,,Yes,Extraction,Vitro,Inactive,Weak,Yes,"IC50 = 33.2 μg/mL (MeOH Sb, D6)",177,,,,No,,,Yes,Cycloartenol derivatives,C15,
spp. listed (1/25),Cordiera,sessilis (Vell.) Kuntze,Yes,51,"Detected (Dragendorff), L",,,,,,,,,,,,,,,,,,,No,,,Yes,Cycloartenol derivatives,C8,
NRIF (9 spp.),Cordylostigma,,,,,,,,,,,,,,,,,,,,,,,No,,,Yes,Cycloartenol derivatives,C10,
spp. listed (2/8),Corynanthe,johimbe K. Schum.,Yes,102,"Isolated, U",MIA; ,monoterpenoid; indole; quinolizidine,,,,,,,,,,,,,,,,,No,,,Yes,Cycloartenol derivatives,C17,
,Corynanthe,pachyceras K. Schum.,Yes,52,"Isolated, B",MIA; ,monoterpenoid; indole; quinolizidine,,,,,,Yes,Isolation,Vitro,Inactive,Weak,Yes,"IC50 = 41.1 ± 2.5 μM (coryantheidine, 3D7) [IC50 = 15.3 μg/mL]",52,,,,No,,,Yes,dammarane derivatives,C4,
NRIF (1 sp.),Coryphothamnus,,,,,,,,,,,,,,,,,,,,,,,No,,,Yes,Dammarane derivatives,C13,
spp. listed (2/4),Cosmibuena,grandiflora (Ruiz & Pav.) Rusby,Yes,68,"Detected (Dragendorff), L & Fl",,,,Yes,"109, 209",,,,,,,,,,,,,,No,,,Yes,Dammarane derivatives,C16,
,Cosmibuena,valerii (Standl.) C. M. Taylor,Yes,68,"Detected (Dragendorff), L",,,,,,,,,,,,,,,,,,,No,,,Yes,Pregnane derivatives,C5,
NRIF (1 sp.),Cosmocalyx,,,,,,,,,,,,,,,,,,,,,,,No,,,Yes,Steroid glycosides,C19/C36,
spp. listed (2/127),Coussarea,macrophylla (Mart.) Müll.Arg.,,,,,,,,,,,,,,,,,,,,,,No,,,Yes,Steroidal amides (alkaloids?),C18/C37,Heinsia crinita produces steroidal amides (alkaloids?)
,Coussarea,suaveolens (Duchass. ex Griseb.) C. M. Taylor,,,,,,,,,,,Yes,Extraction,Vitro,Inactive,Inactive,Yes,"IC50 > 10 μg/mL (80% EtOH L & S, W2)",158,,,,No,,,Yes,Sterol glycosides,C33,
NRIF (3 spp.),Coutaportla,,,,,,,,,,,,,,,,,,,,,,,No,,,Yes,Sterols,C38,Fadogia homblei De Wild. produces (at least) one alkaloid
spp. listed (1/4),Coutarea,hexandra (Jacq.) K. Schum,Yes,68,"Detected (Dragendorff), Fl",,,,Yes,"14, 209",Yes,14,,,,,,,,,An in vitro APM study has been performed on coutarea latiflora but I did not have access,,,No,,,Yes,Sterols,C35,
NRIF (3 spp.),Coutareopsis,,,,,,,,,,,,,,,,,,,,,,,No,,,Yes,Sterols,C34,"Species listed as Lasianthus hartii, synonym"
NRIF (2 spp.),Cowiea,,,,,,,,,,,,,,,,,,,,,,,No,,,Yes,,,Cremaspora triflora (Thonn.) K.Schum. produces alkaloids and steroids (though no molecules have been isolated)
spp. listed (1/28),Craterispermum,laurinum (Poir.) Benth.,Yes,57,"Detected (Phytochemical screening), RB & SB",,,,Yes,56/62,,,,,,,,,,,,,,No,,,Yes,,,Greeniopsis sibuyanensis Elmer produces alkaloids and steroids (though no molecules have been isolated)
Spp. listed (1/2),Cremaspora,triflora (Thonn.) K.Schum.,Yes,216,"Detected (precipitation reaction), L",,,,,,,,,,,,,,,,,,,,,,,,,
NRIF (1 sp.),Crobylanthe,,,,,,,,,,,,,,,,,,,,,,,,,,,,,
All spp. listed (1/1),Crossopteryx,febrifuga (Afzel. ex G. Don) Benth.,Yes,59,"Detected (refers to alkaloidal extract), U",,,,Yes,59/62/135,,,Yes,Extraction,Vitro,Active [59],Active [59],Yes [59],"IC50 > 64 μg/mL (80% MeOH L, Ghanaian CQR) [30]. 4 < IC50 < 10 μg/mL (crude alkaloidal, W2) [59]",30/59,,,,,,,,,,
NRIF (30 spp.),Crucianella,,,,,,,,,,,,,,,,,,,,,,,,,,,,,
NRIF (8 spp.),Cruciata,,,,,,,,,,,,,,,,,,,,,,,,,,,,,
NRIF (7 spp.),Cruckshanksia,,,,,,,,,,,,,,,,,,,,,,,,,,,,,
NRIF (15 spp.),Crusea,,,,,,,,,,,,,,,,,,,,,,,,,,,,,
NRIF (2 spp.),Cubanola,,,,,,,,,,,,,,,,,,,,,,,,,,,,,
spp. listed (1/18),Cuviera,longiflora Hiern,,,,,,,,,,,Yes,Extraction,Vitro,Inactive,,,"IC50 = 13.91 - 20.24 μg/mL (DCM:MeOH L, 3D7 & DD2)",182,,182,PubMed Central,,,,,,,
NRIF (5 spp.),Cyanoneuron,,,,,,,,,,,,,,,,,,,,,,,,,,,,,
NRIF (43 spp.),Cyclophyllum,,,,,,,,,,,,,,,,,,,,,,,,,,,,,
NRIF (12 spp.),Damnacanthus,,,,,,,,,,,,,,,,,,,,,,,,,,,,,
,Danais,breviflora Bak.,,,,,,,Yes,65,,,,,,,,,,,,,,,,,,,,
,Danais,cernua Bak.,,,,,,,Yes,65,,,,,,,,,,,,,,,,,,,,
,Danais,fragrans Gaertn.,,,,,,,Yes,65,,,,,,,,,,,,,,,,,,,,
,Danais,verticillata Bak.,,,,,,,Yes,65,,,,,,,,,,,,,,,,,,,,
spp. listed (5/37),Danais,xanthorrhoea (K. Schum.) Bremek,,,,,,,,,,,Yes,Extraction,Vitro,Inactive,,Yes,"IC50 = 16.84 ± 2.12 μg/mL (MeOH L, 3D7)",66,,,,,,,,,,
NRIF (4 spp.),Debia,,,,,,,,,,,,,,,,,,,,,,,,,,,,,
NRIF (1 sp.),Deccania,,,,,,,,,,,,,,,,,,,,,,,,,,,,,
NRIF (29 spp.),Declieuxia,,,,,,,,,,,,,,,,,,,,,,,,,,,,,
NRIF (3 spp.),Dendrosipanea,,,,,,,,,,,,,,,,,,,,,,,,,,,,,
NRIF (5 spp.),Denscantia,,,,,,,,,,,,,,,,,,,,,,,,,,,,,
NRIF (8 spp.),Dentella,,,,,,,,,,,,,,,,,,,,,,,,,,,,,
spp. listed (1/39),Deppea,blumenaviensis (K. Schum.) Lorence,Yes,67,"Isolated, U",indole,beta-carboline,,,,,,,,,,,,,,,,,,,,,,,
,Deppea,grandiflora Schltdl.,Yes,68,"Detected (Dragendorff), L & Fl",,,,,,,,,,,,,,,,,,,,,,,,,
NRIF (1 sp.),Diacrodon,,,,,,,,,,,,,,,,,,,,,,,,,,,,,
NRIF (1 sp.),Dialypetalanthus,,,,,,,,,,,,,,,,,,,,,,,,,,,,,
NRIF (1 sp.),Dibrachionostylus,,,,,,,,,,,,,,,,,,,,,,,,,,,,,
NRIF (3 spp.),Dibridsonia,,,,,,,,,,,,,,,,,,,,,,,,,,,,,
NRIF (2 spp.),Dichilanthe,,,,,,,,,,,,,,,,,,,,,,,,,,,,,
NRIF (5 spp.),Didymaea,,,,,,,,,,,,,,,,,,,,,,,,,,,,,
NRIF (2 spp.),Didymochlamys,,,,,,,,,,,,,,,,,,,,,,,,,,,,,
NRIF (1 sp.),Didymopogon,,,,,,,,,,,,,,,,,,,,,,,,,,,,,
NRIF (5 spp.),Didymosalpinx,,,,,,,,,,,,,,,,,,,,,,,,,,,,,
spp. listed (1/8),Dimetia,capitellata (Wall. ex G. Don) Neupane & N. Wikstr.,Yes,100,"Isolated, Wp",MIA; ,monoterpenoid; indole; beta-carboline,,,,,,,,,,,,,,,,,,,,,,,
NRIF (18 spp.),Diodia,,,,,,,,,,,,,,,,,,,,,,,,,,,,,
NRIF (1 sp.),Dioecrescis,,,,,,,,,,,,,,,,,,,,,,,,,,,,,
spp. listed (1/1),Dioicodendron,dioicum (K. Schum. & K. Krause) Steyerm.,,,,,,,Yes,209,,,,,,,,,,,,,,,,,,,,
spp. listed (1/23),Diplospora,dubia (Lindl.) Masa.,Yes,174,"Isolated, W",diterpenoid alkaloid,diterpenoid; oxopyrrole,,,,,,,,,,,,,,,,,,,,,,,
NRIF (5 spp.),Dirichletia,,,,,,,,,,,,,,,,,,,,,,,,,,,,,
NRIF (13 spp.),Discospermum,,,,,,,,,,,,,,,,,,,,,,,,,,,,,
NRIF (1 sp.),Ditrichanthus,,,,,,,,,,,,,,,,,,,,,,,,,,,,,
Spp. listed (1/1),Diyaminauclea,zeylanica (Hook.f.) Ridsdale,Yes,218,"Isolated, W",naphthyridine,,"2,7-naphthyridine",,,,,,,,,,,,,,,,,,,,,,
NRIF (13 spp.),Dolianthus,,,,,,,,,,,,,,,,,,,,,,,,,,,,,
NRIF (5 spp.),Dolichocarpa,,,,,,,,,,,,,,,,,,,,,,,,,,,,,
NRIF (1 sp.),Dolichodelphys,,,,,,,,,,,,,,,,,,,,,,,,,,,,,
NRIF (28 spp.),Dolicholobium,,,,,,,,,,,,,,,,,,,,,,,,,,,,,
NRIF (1 sp.),Dolichometra,,,,,,,,,,,,,,,,,,,,,,,,,,,,,
spp. listed (1/4),Dolichopentas,longiflora (oliv.) Kårehed & B. Bremer,,,,,,,Yes,4,,,Yes,Extraction,Vitro,Inactive,Weak,Yes,"IC50 = 13.3 μg/mL (MeOH Rb, D6)",5,,,,,,,,,,
NRIF (1 sp.),Donnellyanthus,,,,,,,,,,,,,,,,,,,,,,,,,,,,,
NRIF (1 sp.),Duidania,,,,,,,,,,,,,,,,,,,,,,,,,,,,,
NRIF (1 sp.),Dunnia,,,,,,,,,,,,,,,,,,,,,,,,,,,,,
NRIF (1 sp.),Duperrea,,,,,,,,,,,,,,,,,,,,,,,,,,,,,
spp. listed (1/37),Duroia,macrophylla Huber,Yes,70,"Detected (Dragendorff), Br",,,,,,,,,,,,,,,,,,,,,,,,,
NRIF (1 sp.),Durringtonia,,,,,,,,,,,,,,,,,,,,,,,,,,,,,
Spp. listed (1/5),Edrastima,uniflora (L.) Raf.,Yes,99,"Isolated, Wp",PIA,2x PIA,,,,,,,,,,,,,,,,,,,,,,,
NRIF (1 sp.),Eizia,,,,,,,,,,,,,,,,,,,,,,,,,,,,,
spp. listed (3/25),Elaeagia,auriculata Hemsl.,Yes,68,"Not detected (Dragendorff), L & Fl",,,,,,,,,,,,,,,,,,,,,,,,,
,Elaeagia,myriantha (Standl.) C. M. Taylor & Hammel,Yes,68,"Detected (Dragendorff), L",,,,,,,,,,,,,,,,,,,,,,,,,
,Elaeagia,nitidifolia Dwyer,Yes,68,"Detected (Dragendorff), L",,,,,,,,,,,,,,,,,,,,,,,,,
NRIF (1 sp.),Eleuthranthes,,,,,,,,,,,,,,,,,,,,,,,,,,,,,
All spp. listed (1/1),Emmenopterys,henryi Oliv.,Yes,71,"Isolated, T & L",MIA,beta-carboline; monoterpenoid; glycoside,,,,,,,,,,,,,,,,,,,,,,,
NRIF (1 sp.),Emmeorhiza,,,,,,,,,,,,,,,,,,,,,,,,,,,,,
NRIF (30 spp.),Empogona,,,,,,,,,,,,,,,,,,,,,,,,,,,,,
NRIF (1 sp.),Eosanthe,,,,,,,,,,,,,,,,,,,,,,,,,,,,,
NRIF (1 sp.),Eriosemopsis,,,,,,,,,,,,,,,,,,,,,,,,,,,,,
NRIF (9 spp.),Erithalis,,,,,,,,,,,,,,,,,,,,,,,,,,,,,
NRIF (8 spp.),Ernodea,,,,,,,,,,,,,,,,,,,,,,,,,,,,,
NRIF (1 sp.),Etericius,,,,,,,,,,,,,,,,,,,,,,,,,,,,,
NRIF (2 spp.),Euclinia,,,,,,,,,,,,,,,,,,,,,,,,,,,,,
spp. listed (9/86),Eumachia,cymuligera (Müll. Arg.) C. M. Taylor & Razafim,Yes,72/102,"Isolated, U",PIA,pyrrolidinoindoline x 3; pyrrolidinoindoline x 4,,,,,,,,,,,,,,,,,,,,,,,
,Eumachia,depauperata (Müll.Arg.) M.R.V.Barbosa & M.S.Pereira,Yes,72,"Isolated, U",indole,quinoline; pyrrolidinoindoline,,,,,,,,,,,,,,,,,,,,,,,
,Eumachia,"forsteriana (A. Gray) Barrabé, C. M. Taylor & Razafim.",Yes,72/164,"Isolated, U [72] Isolated, SB & Fr [164]",quinoline; PIA,quinoline; bis-pyrrolidinoindoline,,,,,,,,,,,,,,,,,,,,,,,
,Eumachia,"frutescens (C. T. White) Barrabé, C. M. Taylor & Razafim.",Yes,72/113,"Isolated, U [72] Isolated, L [113]",PIA,pyrrolidinoindoline x 3,,,,,,,,,,,,,,,,,,,,,,,
,Eumachia,"leptothyrsa (Miq.) Barrabé, C.M.Taylor & Razafim.",Yes,72,"Isolated, U",PIA,pyrrolidinoindoline x 5,,,,,,,,,,,,,,,,,,,,,,,
,Eumachia,"lyciiflora (Baill.) Barrabé, C. M. Taylor & Razafim.",Yes,72/102,"Isolated, U",PIA,bis-pyrrolidinoindoline; tris-pyrrolidinoindoline,,,,,,,,,,,,,,,,,,,,,,,
,Eumachia,"oleoides (Baill.) Barrabé, C. M. Taylor & Razafim.",Yes,72/102,"Isolated, U",PIA,"2x pyrrolidinoindoline; 3x ""; 4x ""; 5x ""; 6x """,,,,,,,,,,,,,,,,,,,,,,,
,Eumachia,rostrata (Blume) I. M. Turner,Yes,72/162,"Isolated, U [72] Isolated, B & T [162]",quinoline; PIA,PIA 2x 3x 4x;,,,,,,,,,,,,,,,,,,,,,,,
,Eumachia,"straminea (Hutch.) Barrabé, C.M.Taylor & Razafim.",Yes,72,"Not detected (U), U",,,,,,,,,,,,,,,,,,,,,,,,,
NRIF (1 sp.),Everistia,,,,,,,,,,,,,,,,,,,,,,,,,,,,,
spp. listed (2/22),Exallage,auricularia (L.) Bremek.,Yes,99,"Isolated, Wp",bisindole,,,,,,,,,,,,,,,,,,,,,,,,
,Exallage,chrysotricha (Palib.) Neupane & N. Wikstr.,Yes,101,"Isolated, Wp",indole,beta-carboline,,,,,,,,,,,,,,,,,,,,,,,
NRIF (1 sp.),Exallosperma,,,,,,,,,,,,,,,,,,,,,,,,,,,,,
spp. listed (1/11),Exostema,caribaeum (Jacq.) Schult.,,,,,,,Yes,74,Yes,74,,Extraction,Vitro,Active,,Yes,IC50 = 3.2 ± 3.1 μg/mL (hydrolysed ethyl acetate SB),196,,,,,,,,,,
spp. listed (2/40),Fadogia,cienkowskii Schweinf.,Yes,75,"Detected (phytochemical screening), L",,,,Yes,75,Yes,75,Yes,Extraction,Vivo,Active,Active,Yes,Max growth inhibition of 93.44% of  P. berhei (in mice) at 400 mg/kg,75,,,,,,,,,,
,Fadogia,homblei De Wild.,Yes,218,"Detected (MS), L",simple amine,,"almost looks like it oculd be derived from spermidine, but it isnt quite right",,,,,,,,,,,,,,,,,,,,,,
spp. listed (1/3),Fadogiella,stigmatoloba (K. Schum.) Robyns,,,,,,,Yes,76,Yes,76,,,,,,,,,,,,,,,,,,
spp. listed (1/215),Faramea,occidentalis (L.) A. Rich.,Yes,77,"Detected (phytochemical screening), R & S & L",,,,,,,,Yes,Extraction,Vitro,Inactive,Inactive,Yes,"IC50 > 10 μg/mL (80% EtOH L & S, W2)",158,,,,,,,,,,
spp. listed (1/24),Ferdinandusa,rudgeoides (Benth.) Wedd.,,,,,,,Yes,209,,,,,,,,,,,,,,,,,,,,
spp. listed (1/3),Feretia,apodanthera Delile,Yes,78,"Detected (refers to alkaloidal extract), SB",,,,Yes,25/135,,,Yes,Extraction,Vitro,Active,Active,Yes,"IC50 = 6.07 μg/mL (DCM L, K1)",186,,,,,,,,,,
NRIF (1 sp.),Fergusonia,,,,,,,,,,,,,,,,,,,,,,,,,,,,,
NRIF (4 spp.),Fernelia,,,,,,,,,,,,,,,,,,,,,,,,,,,,,
NRIF (6 spp.),Flagenium,,,,,,,,,,,,,,,,,,,,,,,,,,,,,
NRIF (1 sp.),Flexanthera,,,,,,,,,,,,,,,,,,,,,,,,,,,,,
NRIF (1 sp.),Foonchewia,,,,,,,,,,,,,,,,,,,,,,,,,,,,,
NRIF (4 spp.),Fosbergia,,,,,,,,,,,,,,,,,,,,,,,,,,,,,
spp. listed (1/89),Gaertnera,phanerophlebia,,,,,,,,,Yes,65,,,,,,,,,,,,,,,,,,
spp. listed (2/52),Galianthe,ramosa E. L. Cabral.,Yes,79,"Isolated, A",MIA,beta-carboline; MIA,,,,,,,,,,,,,,,,,,,,,,,
,Galianthe,thalictroides (K. Schum.) E. L. Cabral,Yes,80,"Isolated, R",MIA,beta-carboline,,,,,,,,,,,,,,,,,,,,,,,
spp. listed (1/2),Galiniera,saxifraga (Hochst.) Bridson,Yes,81,"Detected (phytochemical screening), U",,,,,,,,,,,,,,,,,,,,,,,,,
spp. listed (3/635),Galium,aparine L.,Yes,"KN, 82","Isolated, U [KN] Detected (various reagents), Wp [82]",quinazoline,,,,,,,,,,,,,,,,,,,,,,,,
,Galium,mollugo L.,Yes,82,"Detected (various reagents), Wp",,,,,,,,,,,,,,,,,,,,,,,,,
,Galium,verum L.,Yes,82,"Detected (various reagents), Wp",,,,,,,,,,,,,,,,,,,,,,,,,
NRIF (1 sp.),Gallienia,,,,,,,,,,,,,,,,,,,,,,,,,,,,,
NRIF (4 sp.),Galopina,,,,,,,,,,,,,,,,,,,,,,,,,,,,,
NRIF (1 sp.),Ganguelia,,,,,,,,,,,,,,,,,,,,,,,,,,,,,
spp. listed (6/134),Gardenia,aqualla Stapf & Hutch.,,,,,,,Yes,135,,,,,,,,,,,,,,,,,,,,
,Gardenia,erubescens Stapf & Hutch.,,,,,,,Yes,202,,,,,,,,,,,,,,,,,,,,
,Gardenia,saxatilis E. T. Geddes,,,,,,,,,,,Yes,Isolation,Vitro,Inactive,Active,,"IC50 = 1.5 μg/mL [3.17 μM] (messagenic acid A, K1)",84,,,,,,,,,,
,Gardenia,sokotensis Hutch.,,,,,,,Yes,63/135,,,Yes,Extraction,Vitro,Active,Active,Yes,"IC50 = 14.01 ± 3.60 & 6.75 ± 1.29 μg/mL (DCM L, 3D7 & W2)",63,,,,,,,,,,
,Gardenia,ternifolia Schumach. & Thonn.,,,,,,,Yes,62,,,Yes,Extraction,Vitro,Active,Active,Yes,"IC50 = 1.07 & 0.94 μg/mL (Acetone surface secretion of leaves,W2 & D6) ",187,,,,,,,,,,
,Gardenia,ternifolia subsp. jovis-tonantis (Welw.) Verdc.,,,,,,,Yes,86,,,Yes,Extraction,Vitro,Active,Active,Yes,"IC50 = 2.55 & 1.65 μg/mL (MeOH R, K1 & NF54)",86,,,,,,,,,,
,Gardenia,thunbergia Thunb.,,,,,,,Yes,87,,,Yes,Extraction,Vitro,Active,Active,Yes,">80% inhibition with 50  μg/mL (MeOH L, 3D7)",83,,,,,,,,,,
,Gardenia,urvillei Montrouz.,,,,,,,,,,,Yes,Extraction,Vitro,Active,Active,Yes,"IC50 = 5 & 5 μg/mL (EtOH L, Hb3 & FcB1)",85,,,,,,,,,,
NRIF (1 sp.),Gardeniopsis,,,,,,,,,,,,,,,,,,,,,,,,,,,,,
spp. listed (1/3),Genipa,americana L.,Yes,68,"Detected (Dragendorff), L",,,,Yes,"88, 209",,,,,,,,,,,,,,,,,,,,
NRIF (1 sp.),Gentingia,,,,,,,,,,,,,,,,,,,,,,,,,,,,,
spp. listed (2/30),Geophila,macropoda (Ruiz & Pav.) DC.,Yes,72,"Detected, U",,,,,,,,,,,,,,,,,,,,,,,,,
,Geophila,obvallata (Schumach. & Thonn.) Didr.,,,,,,,Yes,62,,,,,,,,,,,,,,,,,,,,
NRIF (1 sp.),Gillespiea,,,,,,,,,,,,,,,,,,,,,,,,,,,,,
NRIF (5 spp.),Gleasonia,,,,,,,,,,,,,,,,,,,,,,,,,,,,,
NRIF (1 sp.),Glionnetia,,,,,,,,,,,,,,,,,,,,,,,,,,,,,
NRIF (7 spp.),Globulostylis,,,,,,,,,,,,,,,,,,,,,,,,,,,,,
NRIF (3 spp.),Glossostipula,,,,,,,,,,,,,,,,,,,,,,,,,,,,,
NRIF (1 sp.),Gomphocalyx,,,,,,,,,,,,,,,,,,,,,,,,,,,,,
spp. listed (5/37),Gonzalagunia ,ovatifolia (Donn. Sm.) B. L. Rob.,Yes,68,"Detected (Dragendorff), L",,,,,,,,,,,,,,,,,,,,,,,,,
,Gonzalagunia ,panamensis (Cav.) K. Schum.,Yes,68,"Detected (Dragendorff), L",,,,,,,,,,,,,,,,,,,,,,,,,
,Gonzalagunia ,rosea Standl.,Yes,68,"Detected (Dragendorff), L",,,,,,,,,,,,,,,,,,,,,,,,,
,Gonzalagunia ,rudis (Standl.) Standl.,Yes,68,"Detected (Dragendorff), L",,,,,,,,,,,,,,,,,,,,,,,,,
,Gonzalagunia ,stenostachya (Standl.) W. C. Burger,Yes,68,"Detected (Dragendorff), L",,,,,,,,,,,,,,,,,,,,,,,,,
NRIF (9 spp.),Greenea,,,,,,,,,,,,,,,,,,,,,,,,,,,,,
Spp. listed (1/6),Greeniopsis,sibuyanensis Elmer,Yes,219,"Detected (phytochemical testing), L",,,,,,,,,,,,,,,,,,,,,,,,,
spp. listed (8/155),Guettarda,angelica Mart. ex Müll. Arg.,,,,,,,Yes,209,,,,,,,,,,,,,,,,,,,,
,Guettarda,calyptrata A. Rich.,Yes,95,"Detected (Dragendorff & Wagner), L",,,,,,,,,,,,,,,,,,,,,,,,,
,Guettarda,elliptica Sw.,Yes,96,"Detected (Dragendorff), L",,,,,,,,,,,,,,,,,,,,,,,,,
,Guettarda,heterosepala Guillaumin,Yes,93,"Isolated, B",MIA,monoterpenoid; indole,,,,,,,,,,,,,,,,,,,,,,,
,Guettarda,speciosa L.,Yes,92,"Isolated, RB",MIA,beta-carboline,,Yes,89,,,Yes,Extraction,Vitro,Inactive,Inactive,Yes,"IC50 > 50 μg/mL (DCM MeOH Meoh/H20 H20 Fl, W2)",89,,,,,,,,,,
,Guettarda,trimera Guillaumin,Yes,90,"Isolated, TrB",quinoline,piperidine; quinoline,,,,,,,,,,,,,,,,,,,,,,,
,Guettarda,uruguensis Cham. & Schltdl.,Yes,94,"Detected (phytochemical screening), SB",,,,,,,,,,,,,,,,,,,,,,,,,
,Guettarda ,platypoda DC.,Yes,220,"Isolated, R",MIA,,,,,,,,,,,,,,,,,,,,,,,,
NRIF (1 sp.),Guihaiothamnus,,,,,,,,,,,,,,,,,,,,,,,,,,,,,
NRIF (98 spp.),Gynochthodes,,,,,,,,,,,,,,,,,,,,,,,,,,,,,
spp. listed (1/3),Gyrostipula,foveolata (Capuron) J.-F. Leroy,Yes,39,"Detected (TLC), L",,,,,,,,,,,,,,,,,,,,,,,,,
NRIF (1 sp.),Habroneuron,,,,,,,,,,,,,,,,,,,,,,,,,,,,,
spp. listed (6/16),Hamelia,axillaris Sw.,Yes,7,"Detected (Dragendorff), L & Wp",,,,Yes,209,,,,,,,,,,,,,,,,,,,,
,Hamelia,barbata Standl.,Yes,96,"Detected (Dragendorff), L & Wp",,,,,,,,,,,,,,,,,,,,,,,,,
,Hamelia,calycosa Donn. Sm.,Yes,68,"Detected (Dragendorff), L",,,,,,,,,,,,,,,,,,,,,,,,,
,Hamelia,magnifolia Wernham,Yes,221,"Isolated, Fr",MIA,,,,,,,,,,,,,,,,,,,,,,,,
,Hamelia,patens Jacq.,Yes,"68, 222","Detected (Dragendorff), L [68] Isolated, plantlets [222]",MIA,,,Yes,"97, 209",,,,,,,,,,,,,,,,,,,,
,Hamelia,sanguinea Elias,Yes,68,"Detected (Dragendorff), L",,,,,,,,,,,,,,,,,,,,,,,,,
,Hamelia,xerocarpa Kuntze,Yes,68,"Detected (Dragendorff), L",,,,,,,,,,,,,,,,,,,,,,,,,
NRIF (1 sp.),Hedstromia,,,,,,,,,,,,,,,,,,,,,,,,,,,,,
NRIF (179 spp.),Hedyotis,,,,,,,,,,,,,,,,,,,,,,,,,,,,,
NRIF (3 spp.),Hedythyrsus,,,,,,,,,,,,,,,,,,,,,,,,,,,,,
NRIF (1 sp.),Heinsenia,,,,,,,,,,,,,,,,,,,,,,,,,,,,,
spp. listed (1/5),Heinsia,crinita (Wennberg) G. Taylor,Yes,103/226,"Detected (phytochemical screening), U [103] Isolated, Rb [217]",steroidal,,saponins with amides,,,,,Yes,Extraction,Vitro,Inactive,Weak,,"IC50 = 29.2 ± 1.39 μg/mL (DCM Sb, 3D7)",103,,,,,,,,,,
NRIF (1 sp.),Hekistocarpa,,,,,,,,,,,,,,,,,,,,,,,,,,,,,
NRIF (2 spp.),Helictosperma,,,,,,,,,,,,,,,,,,,,,,,,,,,,,
NRIF (3 spp.),Henriquezia,,,,,,,,,,,,,,,,,,,,,,,,,,,,,
NRIF (2 spp.),Heterophyllaea,,,,,,,,,,,,,,,,,,,,,,,,,,,,,
spp. listed (1/15),Hexasepalum,scandens (Sw.) J. H. Kirkbr. & Delprete,Yes,69,"Detected (Dragendorff), L",,,,,,,,,,,,,,,,,,,,,,,,,
spp. listed (4/25),Hillia,palmana Standl.,Yes,68,"Detected (Dragendorff), L & S",,,,,,,,,,,,,,,,,,,,,,,,,
,Hillia,panamensis Standl.,Yes,68,"Detected (Dragendorff), L & S",,,,,,,,,,,,,,,,,,,,,,,,,
,Hillia,tetrandra Sw.,Yes,68,"Detected (Dragendorff), L & S",,,,,,,,,,,,,,,,,,,,,,,,,
,Hillia,triflora (Oerst.) C. M. Taylor,Yes,68,"Detected (Dragendorff), L",,,,,,,,,,,,,,,,,,,,,,,,,
spp. listed (1/2),Himalrandia,tetrasperma (Wall. ex Roxb.) T. Yamaz,Yes,111,"Detected (phytochemical screening), U",,,,,,,,,,,,,,,,,,,,,,,,,
NRIF (11 spp.),Hindsia,,,,,,,,,,,,,,,,,,,,,,,,,,,,,
spp. listed (1/4),Hintonia,latiflora (Sessé & Moc. ex DC.) Bullock,Yes,74,"Detected (phytochemical screening), U",,,,Yes,"74, 209",,,Yes,Extraction,Vitro,Active [196],,"Yes [112, 196]",IC50 = 7.3 ± 1.8  μg/mL (hydrolysed ethyl acetate SB) [196] 80 ± 7.8 % chemosuppression with 500 mg/kg/day against p. berghei infected mice (EtOAc Sb). [112],112/196,,,,,,,,,,
NRIF (18 spp.),Hippotis,,,,,,,,,,,,,,,,,,,,,,,,,,,,,
NRIF (1 sp.),Hodgkinsonia,,,,,,,,,,,,,,,,,,,,,,,,,,,,,
spp. listed (12/113),Hoffmannia,areolata Standl.,Yes,68,"Not detected (Dragendorff), L",,,,,,,,,,,,,,,,,,,,,,,,,
,Hoffmannia,bullata L. O. Williams,Yes,68,"Detected (Dragendorff), L",,,,,,,,,,,,,,,,,,,,,,,,,
,Hoffmannia,cercidifolia Dwyer,Yes,68,"Detected (Dragendorff), L",,,,,,,,,,,,,,,,,,,,,,,,,
,Hoffmannia,congesta (Oerst.) Dwyer,Yes,68,"Detected (Dragendorff), L",,,,,,,,,,,,,,,,,,,,,,,,,
,Hoffmannia,longepetiolata Pol.,Yes,68,"Detected (Dragendorff), L",,,,,,,,,,,,,,,,,,,,,,,,,
,Hoffmannia,manussatani Dwyer,Yes,68,"Not detected (Dragendorff), B",,,,,,,,,,,,,,,,,,,,,,,,,
,Hoffmannia,morii Dwyer,Yes,68,"Detected (Dragendorff), L",,,,,,,,,,,,,,,,,,,,,,,,,
,Hoffmannia,pittieri Standl.,Yes,68,"Detected (Dragendorff), L",,,,,,,,,,,,,,,,,,,,,,,,,
,Hoffmannia,psychotriifolia (Benth.) Griseb.,Yes,68,"Detected (Dragendorff), L",,,,,,,,,,,,,,,,,,,,,,,,,
,Hoffmannia,subauriculata Standl.,Yes,68,"Not detected (Dragendorff), L",,,,,,,,,,,,,,,,,,,,,,,,,
,Hoffmannia,vesciculifera Standl.,Yes,68,"Detected (Dragendorff), L",,,,,,,,,,,,,,,,,,,,,,,,,
,Hoffmannia,viridis Rusby,Yes,68,"Detected (Dragendorff), L",,,,,,,,,,,,,,,,,,,,,,,,,
NRIF (1 sp.),Holstianthus,,,,,,,,,,,,,,,,,,,,,,,,,,,,,
NRIF (5 spp.),Homollea,,,,,,,,,,,,,,,,,,,,,,,,,,,,,
NRIF (24 spp.),Houstonia,,,,,,,,,,,,,,,,,,,,,,,,,,,,,
NRIF (2 spp.),Hutchinsonia,,,,,,,,,,,,,,,,,,,,,,,,,,,,,
spp. listed (1/57),Hydnophytum,formicarum Jack,Yes,114,"Detected (phytochemical screening), U",,,,,,,,,,,,,,,,,,,,,,,,,
NRIF (1 sp.),Hydrophylax,,,,,,,,,,,,,,,,,,,,,,,,,,,,,
NRIF (12 spp.),Hymenocoleus,,,,,,,,,,,,,,,,,,,,,,,,,,,,,
spp. listed (3/25),Hymenodictyon,floribundum (Hochst. & Steud.) B. L. Rob.,Yes,223,"Isolated, TrB",pyridine,,,,,,,Yes,Extraction,Vitro,Inactive,Inactive,Yes,"IC50 > 50 μg/mL (1:1 petrol ether:EtOAc R, PoW)",115,,,,,,,,,,
,Hymenodictyon,louhavate,,,,,,,Yes,65,,,,,,,,,,,,,,,,,,,,
,Hymenodictyon,orixense (Roxb.) Mabb.,,,,,,,,,Yes,116,Yes,Extraction,Vitro,Inactive,Inactive,Yes,"IC50 > 50 μg/mL (DCM & MeOH & aq B, W2)",116,,,,,,,,,,
,Hymenodictyon,pachyantha K. Krause,Yes,117,"Detected (phytochemical screening), SB",,,,,,,,,,,,,,,,,,,,,,,,,
spp. listed (1/11),Hyperacanthus,talangninia (DC.) Rakotonas. & A.P.Davis,,,,,,,,,Yes,65,,,,,,,,,,,,,,,,,,
NRIF (28 spp.),Hypobathrum,,,,,,,,,,,,,,,,,,,,,,,,,,,,,
NRIF (1 sp.),Hyptianthera,,,,,,,,,,,,,,,,,,,,,,,,,,,,,
NRIF (3 spp.),Involucrella,,,,,,,,,,,,,,,,,,,,,,,,,,,,,
spp. listed (4/15),Isertia,coccinea (Aubl.) J. F. Gmel.,Yes,119,"Detected (refers to alkaloidal extract), U",,,,,,,,,,,,,,,,,,,,,,,,,
,Isertia,haenkeana DC.,Yes,68/118,"Detected (Dragendorff), L & F & Fl [68], Isolated, L [118]",indole,quinuclidine; indole,,Yes,209,,,,,,,,,,,,,,,,,,,,
,Isertia,hypoleuca Benth.,Yes,"68, 224","Detected (Dragendorff), F & Fl [68] Isolated, L [215]",indole,,,Yes,"31, 209",,,Yes,Extraction,Vitro,Inactive,Inactive,Yes,"IC50 > 10 μg/mL (EtOH L, 3D7)",31,,,,,,,,,,
,Isertia,laevis (Triana) B. M. Boom,Yes,68,"Detected (Dragendorff), L & Fl",,,,,,,,,,,,,,,,,,,,,,,,,
NRIF (17 spp.),Isidorea,,,,,,,,,,,,,,,,,,,,,,,,,,,,,
spp. listed (6/576),Ixora,amplexicaulis Gillespie,Yes,105,"Isolated, S",peptide,cyclopeptide,,,,,,,,,,,,,,,,,,,,,,,
,Ixora,brevifolia Benth.,Yes,106,"Isolated, Br",peptide,cyclopeptide,,,,,,,,,,,,,,,,,,,,,,,
,Ixora,chinensis Lam.,Yes,109,"Detected (phytochemical screening), L",,,,,,,,,,,,,,,,,,,,,,,,,
,Ixora,coccinea L.,Yes,108,"Detected (phytochemical screening), L",,,,,,,,,,,,,,,,,,,,,,,,,
,Ixora,pavetta Andrews,Yes,110,"Detected (phytochemical screening), L & SB",,,,,,,,,,,,,,,,,,,,,,,,,
,Ixora,undulata Roxb. ex Sm.,Yes,"107, 259","Isolated, L [107] Isolated, L [259]",thiazepine [107] oxime ether [259],thiazepine [107] oxime ether [259],,,,,,,,,,,,,,,,,,,,,,,
NRIF (1 sp.),Jackiopsis,,,,,,,,,,,,,,,,,,,,,,,,,,,,,
NRIF (1 sp.),Jamaicanthus,,,,,,,,,,,,,,,,,,,,,,,,,,,,,
NRIF (1 sp.),Janotia,,,,,,,,,,,,,,,,,,,,,,,,,,,,,
spp. listed (2/18),Joosia,dichotoma (Ruiz & Pav.) H. Karst.,,,,,,,Yes,209,,,,,,,,,,,,,,,,,,,,
,Joosia,panamensis Dwyer,Yes,68,"Detected (Dragendorff), L",,,,,,,,,,,,,,,,,,,,,,,,,
NRIF (1 sp.),Jovetia,,,,,,,,,,,,,,,,,,,,,,,,,,,,,
NRIF (30 spp.),Kadua,,,,,,,,,,,,,,,,,,,,,,,,,,,,,
NRIF (6 spp.),Kailarsenia,,,,,,,,,,,,,,,,,,,,,,,,,,,,,
NRIF (2 spp.),Kajewskiella,,,,,,,,,,,,,,,,,,,,,,,,,,,,,
NRIF (2 spp.),Kanapia,,,,,,,,,,,,,,,,,,,,,,,,,,,,,
spp. listed (5/39),Keetia,hispida (Benth.) Bridson,,,,,,,Yes,23,,,Yes,Extraction,Vitro,Active,Active,Yes,"IC50 = 2.77 ± 2.29 & 4.80 ± 0.05 μg/mL (DCM A, 3D7 & K1)",23,,,,,,,,,,
,Keetia,leucantha (K. Krause) Bridson,,,,,,,Yes,121,,,Yes,Extraction,Vitro,Inactive,Active [121],Yes [121],"IC50 = 77.9 ± 40.6 & 88.7 ± 50.7  μg/mL (DCM T, 3D7 & W2) [120]  IC50 = 65.6 ± 1.3 & 13.8 ± 8.3 μg/mL (DCM L, 3D7 & W2) [121]",120/121,Compounds have been tested,,,,,,,,,
,Keetia,multiflora (Schumach. & Thonn.) Bridson,Yes,21,"Detected (phytochemical screening), L",,,,,,,,Yes,Extraction,Vitro,Active,,Yes,IC50 = 4.69 ± 1.06 μg/mL (MeOH L),21,,,,,,,,,,
,Keetia,venosa (Oliv.) Bridson,,,,,,,,,,,Yes,Extraction,Vitro,Inactive,,Yes,"IC50 = 207.4 ± 167.6 & 129.9 ± 92.7 μg/mL (DCM T, 3D7 & W2)",120,Compounds have been tested,,,,,,,,,
,Keetia,zanzibarica (Klotzsch) Bridson,,,,,,,Yes,121,,,,,,,,,,,,,,,,,,,,
NRIF (2 spp.),Kelloggia,,,,,,,,,,,,,,,,,,,,,,,,,,,,,
NRIF (2 spp.),Kerianthera,,,,,,,,,,,,,,,,,,,,,,,,,,,,,
All spp. listed (1/1),Khasiaclunea,oligocephala (Havil.) Ridsdale,Yes,39,"Detected (TLC), L",,,,,,,,,,,,,,,,,,,,,,,,,
NRIF (1 sp.),Kindia,,,,,,,,,,,,,,,,,,,,,,,,,,,,,
NRIF (1 sp.),Klossia,,,,,,,,,,,,,,,,,,,,,,,,,,,,,
NRIF (13 spp.),Knoxia,,,,,,,,,,,,,,,,,,,,,,,,,,,,,
NRIF (3 spp.),Kochummenia,,,,,,,,,,,,,,,,,,,,,,,,,,,,,
spp. listed (1/27),Kohautia,aspera (B. Heyne ex Roth) Bremek.,Yes,122,"Detected (phytochemical screening), Wp",,,,,,,,,,,,,,,,,,,,,,,,,
NRIF (4 spp.),Kraussia,,,,,,,,,,,,,,,,,,,,,,,,,,,,,
NRIF (5 spp.),Kupeantha,,,,,,,,,,,,,,,,,,,,,,,,,,,,,
NRIF (13 spp.),Kutchubaea,,,,,,,,,,,,,,,,,,,,,,,,,,,,,
spp. listed (5/37),Ladenbergia,amazonensis Ducke,,,,,,,Yes,209,,,,,,,,,,,,,,,,,,,,
,Ladenbergia,bullata (Wedd.) Standl.,Yes,68,"Detected (Dragendorff), L",,,,,,,,,,,,,,,,,,,,,,,,,
,Ladenbergia,carua (Wedd.) Standl.,,,,,,,Yes,209,,,,,,,,,,,,,,,,,,,,
,Ladenbergia,cujabensis Klotzsch,,,,,,,Yes,209,,,,,,,,,,,,,,,,,,,,
,Ladenbergia,hexandra (Pohl) Klotzsch,Yes,123,"Isolated, B",MIA,monoterpenoid; indole,,Yes,209,,,,,,,,,,,,,,,,,,,,
,Ladenbergia,lambertiana (A. Braun ex Mart.) Klotzsch,,,,,,,Yes,209,,,,,,,,,,,,,,,,,,,,
,Ladenbergia,macrocarpa (Vahl) Klotzsch,Yes,68,"Detected (Dragendorff), L & Fl",,,,Yes,209,,,,,,,,,,,,,,,,,,,,
,Ladenbergia,muzonensis (Goudot) Standl.,,,,,,,Yes,209,,,,,,,,,,,,,,,,,,,,
,Ladenbergia,oblongifolia (Humb. ex Mutis) L. Andersson,Yes,102,"Isolated, U",quinoline,piperidine; quinoline,,Yes,31,,,Yes,Extraction,Vitro,Inactive,Inactive,Yes,"IC50 > 10 μg/mL (EtOH B, 3D7)",31,,,,,,,,,,
,Ladenbergia,riveroana (Wedd.) Standl.,,,,,,,Yes,209,,,,,,,,,,,,,,,,,,,,
NRIF (1 sp.),Lamprothamnus,,,,,,,,,,,,,,,,,,,,,,,,,,,,,
NRIF (1 sp.),Landiopsis,,,,,,,,,,,,,,,,,,,,,,,,,,,,,
NRIF (3 spp.),Larsenaikia,,,,,,,,,,,,,,,,,,,,,,,,,,,,,
NRIF (264 spp.),Lasianthus,,,,,,,,,,,,,,,,,,,,,,,,,,,,,
NRIF (2 spp.),Lathraeocarpa,,,,,,,,,,,,,,,,,,,,,,,,,,,,,
NRIF (3 spp.),Lecananthus,,,,,,,,,,,,,,,,,,,,,,,,,,,,,
NRIF (1 sp.),Lecariocalyx,,,,,,,,,,,,,,,,,,,,,,,,,,,,,
NRIF (1 sp.),Lelya,,,,,,,,,,,,,,,,,,,,,,,,,,,,,
NRIF (4 spp.),Lemyrea,,,,,,,,,,,,,,,,,,,,,,,,,,,,,
NRIF (1 sp.),Lepidostoma,,,,,,,,,,,,,,,,,,,,,,,,,,,,,
Spp. listed (1/27),Leptactina,densiflora Hook.f.,Yes,225,"Isolated, Wp",indole,beta-carboline,,,,,,,,,,,,,,,,,,,,,,,
NRIF (47 spp.),Leptodermis,,,,,,,,,,,,,,,,,,,,,,,,,,,,,
NRIF (8 spp.),Leptomischus,,,,,,,,,,,,,,,,,,,,,,,,,,,,,
NRIF (11 spp.),Leptopetalum,,,,,,,,,,,,,,,,,,,,,,,,,,,,,
NRIF (1 sp.),Leptoscela,,,,,,,,,,,,,,,,,,,,,,,,,,,,,
NRIF (7 spp.),Leptostigma,,,,,,,,,,,,,,,,,,,,,,,,,,,,,
spp. listed (2/10),Lerchea,bracteata Valeton,Yes,102,"Isolated, U",MIA,monoterpenoid; indole; quinolizidine,,,,,,,,,,,,,,,,,,,,,,,
,Lerchea,parviflora Axelius,Yes,125,"Isolated, A",MIA,monoterpenoid; indole; quinolzidine; quarternary,,,,,,,,,,,,,,,,,,,,,,,
NRIF (1 sp.),Leucocodon,,,,,,,,,,,,,,,,,,,,,,,,,,,,,
NRIF (3 spp.),Leucolophus,,,,,,,,,,,,,,,,,,,,,,,,,,,,,
NRIF (3 spp.),Limnosipanea,,,,,,,,,,,,,,,,,,,,,,,,,,,,,
NRIF (1 sp.),Lintersemina,,,,,,,,,,,,,,,,,,,,,,,,,,,,,
NRIF (3 spp.),Luculia,,,,,,,,,,,,,,,,,,,,,,,,,,,,,
NRIF (1 sp.),Lucya,,,,,,,,,,,,,,,,,,,,,,,,,,,,,
spp. listed (1/2),Ludekia,bernardoi (Merr.) Ridsdale,Yes,39,"Detected (TLC), L",,,,,,,,,,,,,,,,,,,,,,,,,
NRIF (1 sp.),Macbrideina,,,,,,,,,,,,,,,,,,,,,,,,,,,,,
NRIF (32 spp.),Machaonia,,,,,,,,,,,,,,,,,,,,,,,,,,,,,
spp. listed (1/8),Macrocnemum,roseum (Ruiz & Pav.) Wedd.,Yes,68,"Detected (Dragendorff), L",,,,Yes,209,,,Yes,Extraction,Vitro,Inactive,Weak,Yes,"IC50 19 & > 10 μg/mL (80% EtOH L & Br, W2)",158,,,,,,,,,,
NRIF (3 spp.),Macrosphyra,,,,,,,,,,,,,,,,,,,,,,,,,,,,,
NRIF (1 sp.),Maguireocharis,,,,Got up to here with MPNS,,,,,,,,,,,,,,,,,,,,,,,,,
NRIF (2 spp.),Maguireothamnus,,,,,,,,,,,,,,,,,,,,,,,,,,,,,
NRIF (40 spp.),Malanea,,,,,,,,,,,,,,,,,,,,,,,,,,,,,
spp. listed (3/127),Manettia,coccinea (aubl.) Forsyth f.,Yes,68,"Detected (Dragendorff), L",,,,,,,,,,,,,,,,,,,,,,,,,
,Manettia,flexilis Brandegee,Yes,68,"Not detected (Dragendorff), L",,,,,,,,,,,,,,,,,,,,,,,,,
,Manettia,reclinata L.,Yes,68,"Detected (Dragendorff), L",,,,,,,,,,,,,,,,,,,,,,,,,
NRIF (3 spp.),Manostachya,,,,,,,,,,,,,,,,,,,,,,,,,,,,,
NRIF (3 spp.),Mantalania,,,,,,,,,,,,,,,,,,,,,,,,,,,,,
NRIF (5 spp.),Martensianthus,,,,,,,,,,,,,,,,,,,,,,,,,,,,,
NRIF (2 spp.),Maschalodesme,,,,,,,,,,,,,,,,,,,,,,,,,,,,,
spp. listed (1/2),Massularia,acuminata (G. Don) Bullock ex Hoyle,Yes,127,"Detected (phytochemical screening), Fr & TrB",,,,,,,,Yes,Extraction,Vitro,Active,Active,Yes,IC50 < 9.77 μg/mL (aq F),127,,,,,,,,,,
NRIF (7 spp.),Mastixiodendron,,,,,,,,,,,,,,,,,,,,,,,,,,,,,
NRIF (2 spp.),Mazaea,,,,,,,,,,,,,,,,,,,,,,,,,,,,,
NRIF (1 sp.),Melanopsidium,,,,,,,,,,,,,,,,,,,,,,,,,,,,,
NRIF (1 sp.),Melanoxerus,,,,,,,,,,,,,,,,,,,,,,,,,,,,,
NRIF (1 sp.),Mericarpaea,,,,,,,,,,,,,,,,,,,,,,,,,,,,,
NRIF (2 spp.),Merumea,,,,,,,,,,,,,,,,,,,,,,,,,,,,,
NRIF (4 spp.),Mexotis,,,,,,,,,,,,,,,,,,,,,,,,,,,,,
spp. listed (1/9),Meyna,laxiflora Robyns,Yes,128,"Detected (phytochemical screening), Se",,,,,,,,,,,,,,,,,,,,,,,,,
NRIF (2 spp.),Micrasepalum,,,,,,,,,,,,,,,,,,,,,,,,,,,,,
NRIF (1 sp.),Microphysa,,,,,,,,,,,,,,,,,,,,,,,,,,,,,
NRIF (2 spp.),Mitchella,,,,,,,,,,,,,,,,,,,,,,,,,,,,,
spp. listed (2/66),Mitracarpus,hirtus (L.) DC.,Yes,130,"Isolated, A",isoquinoline,isoquinoline,,Yes,129,,,Yes,Extraction,Vitro,Inactive,,Yes,"IC50 = 15.0 & 7 μg/mL (petrol ether, FcM29 & FcB1)",129,,,,,,,,,,
,Mitracarpus,megapotamicus (Spreng.) Kuntze,,,,,,,Yes,209,,,,,,,,,,,,,,,,,,,,
spp. listed (9/10),Mitragyna,diversifolia (Wall. ex. G. Don) Havil.,Yes,102,"Isolated, U",MIA,monoterpenoid; indole; ,,,,,,,,,,,,,,,,,,,,,,,
,Mitragyna,hirsuta Havil.,Yes,"KN, 39","Isolated, U [KN] Detected (TLC & GC & MS), L [39]",MIA,monoterpenoid; indole; ,,,,,,,,,,,,,,,,,,,,,,,
,Mitragyna,inermis (Willd.) Kuntze,Yes,54,"Isolated, SB",MIA,monoterpenoid; indole;,,Yes,60/62/135/207,,,Yes,Extraction,Vitro,Active,Active,,"IC50 = 4.3 μg/mL (CHCl3, W2)",61,Compounds tested [134],,,,,,,,,
,Mitragyna,ledermannii (K. Krause) Ridsdale,Yes,39,"Detected (TLC & GC & MS & UV-Vis), L",,,,Yes,131,,,Yes,Extraction,Vitro,Inactive,,Yes,"IC50 = 18 ± 9 μg/mL (MeOH L, FCM29 72h)",131,,,,,,,,,,
,Mitragyna,parvifolia (Roxb.) Korth.,Yes,102,"Isolated, U",MIA,monoterpenoid; indole; quinolizidine,,,,,,,,,,,,,,,,,,,,,,,
,Mitragyna,rotundifolia (Roxb.) Kuntze,Yes,KN,"Isolated, U",MIA,,,,,,,,,,,,,,,,,,,,,,,,
,Mitragyna,rubrostipulata (K. Schum.) Havil.,Yes,39,"Detected (TLC & GC), L",,,,Yes,205,,,Yes,Extraction,Vitro,Inactive,Weak [133],"Yes [133, 205]","IC50 = 39.9 ± 2.8 μg/mL (DCM Sb, 3D7) [133] 64.54 ± 7.56 & 53.22 ± 5.58 inhibition at 100 μg/mL (EtOH R & SB, Dd2) [205]","133, 205",,,,,,,,,,
,Mitragyna,speciosa Korth.,Yes,55,"Isolated, L",MIA,monoterpenoid; indole; quinolizidine,,,,,,,,,,,,,,,,,,,,,,,
,Mitragyna,stipulosa (DC.) Kuntze,Yes,137,"Isolated, L",MIA,monoterpenoid; indole; indolizidine,,Yes,62,,,,,,,,,,,,,,,,,,,,
,Mitragyna,tubulosa (Arn.) Kuntze,Yes,136,"Isolated, L",MIA,monoterpenoid; indole; quinolizidine; indolizidine,,,,,,,,,,,,,,,,,,,,,,,
NRIF (1 sp.),Mitrasacmopsis,,,,,,,,,,,,,,,,,,,,,,,,,,,,,
NRIF (5 spp.),Mitriostigma,,,,,,,,,,,,,,,,,,,,,,,,,,,,,
NRIF (1 sp.),Molopanthera,,,,,,,,,,,,,,,,,,,,,,,,,,,,,
NRIF (1 sp.),Monosalpinx,,,,,,,,,,,,,,,,,,,,,,,,,,,,,
NRIF (1 sp.),Morelia,,,,,,,,,,,,,,,,,,,,,,,,,,,,,
spp. listed (5/44),Morinda,asteroscepa K. Schum.,,,,,,,,,,,Yes,Extraction,Vitro,Inactive,Weak,,"46% inhibition with 10  μg/mL (MeOH L, 3D7)",139,Compounds tested,,,,,,,,,
,Morinda,chrysorhiza (Thonn.) DC.,Yes,57,Detected (phytochemical screening) L & SB,,,,Yes,56/62,,,Yes,Extraction,Vitro,Inactive,Inactive,Yes,"IC50 = 125 μg/mL (EtOH L, K1)",140,,,,,,,,,,
,Morinda,citrifolia L.,Yes,KN,"Isolated, U",pyrimidine,,,Yes,"L, F, SB [198] [206]",,,Yes,Extraction,Vitro,Inactive,Inactive,,"IC50 > 64 μg/mL (80% MeOH Sb, Ghanaian CQR)",30,,,,,,,,,,
,Morinda,lucida Benth.,Yes,58,"Detected (Dragendorff), U",,,,Yes,24/202/203/204/207,Yes,24,Yes,Extraction,Vitro,Active [194],,,"IC50 = 13.37 μg/mL (DCM R, D10) [24], IC50 = 3.90 μg/mL (Pet. Ether L, CQS) [194]",24/194,Compounds tested [141],,,,,,,,,
,Morinda,morindoides (Baker) Milne-Redh.,,,,,,,Yes,76/143,Yes,197,Yes,Extraction,Vitro,Active,Active,,"IC50 = 3.54 μg/mL (EtOH, K1)",61,Compounds tested [138],,,,,,,,,
NRIF (1 sp.),Morindopsis,,,,,,,,,,,,,,,,,,,,,,,,,,,,,
NRIF (1 sp.),Motleyia,,,,,,,,,,,,,,,,,,,,,,,,,,,,,
NRIF (1 sp.),Motleyothamnus,,,,,,,,,,,,,,,,,,,,,,,,,,,,,
NRIF (4 spp.),Mouretia,,,,,,,,,,,,,,,,,,,,,,,,,,,,,
NRIF (10 spp.),Multidentia,,,,,,,,,,,,,,,,,,,,,,,,,,,,,
spp. listed (5/184),Mussaenda,anisophylla S. Vidal,Yes,148,"Detected (phytochemical screening), L",,,,,,,,,,,,,,,,,,,,,,,,,
,Mussaenda,frondosa L.,Yes,147,"Detected (phytochemical screening), L & S & Callus",,,,,,,,,,,,,,,,,,,,,,,,,
,Mussaenda,macrophylla Wall.,Yes,149,"Detected (Dragendorff), L",,,,,,,,,,,,,,,,,,,No,,,Yes,Sterol glycosides,C27,
,Mussaenda,pubescens Dryand.,Yes,227,"Isolated, A",steroidal,,saponin amide,,,,,,,,,,,,,,,,No,,,Yes,Cycloartane glycosides,C23/C24/C25/C26,Steroidal amides (alkaloids?) have also been isolated from Mussaenda pubescens (see C24)
,Mussaenda,roxburghii Hook.f.,Yes,150,"Detected (phytochemical screening), L",,,,,,,,,,,,,,,,,,,,,,,,,
NRIF (3 spp.),Mussaendopsis,,,,,,,,,,,,,,,,,,,,,,,,,,,,,
spp. listed (3/54),Mycetia,faberi (Hemsl.) Razafim. & B. Bremer,Yes,102,"Isolated, U",quinoline,quinoline; quinolizidine,,,,,,,,,,,,,,,,,,,,,,,
,Mycetia,longifolia (Wall.) Kuntze,Yes,151,"Detected (phytochemical screening), Wp",,,,,,,,,,,,,,,,,,,,,,,,,
,Mycetia,nutans (R. Br. ex Kurz) Razafim. & B. Bremer,Yes,102,"Isolated, U",quinoline,quinoline; quinolizidine,,,,,,,,,,,,,,,,,,,,,,,
spp. listed (1/26),Myrmecodia,pendens Merr. & L.M.Perry,,,,,,,,,,,,,,,,,,,,,,No,,,Yes,Steroids and sterol glycosides,C28,
spp. listed (1/4),Myrmeconauclea,strigosa (Korth.) Merr.,Yes,39,"Detected (TLC), L",,,,,,,,,,,,,,,,,,,,,,,,,
NRIF (5 spp.),Myrmephytum,,,,,,,,,,,,,,,,,,,,,,,,,,,,,
NRIF (1 sp.),Nargedia,,,,,,,,,,,,,,,,,,,,,,,,,,,,,
spp. listed (9/13),Nauclea,diderrichii (De Wild.) Merr.,Yes,"KN, 39, 228","Isolated, U [KN] Detected (TLC), L [39] Isolated, B [228]",unclear [228] indole; MIA [KN],,,Yes,132,,,Yes,Extraction,Vitro,Inactive,,Yes,"IC50 = 337.21 ± 230.23 & 368.81 ± 79.83 μg/mL (aq L S, FcM29 & FcB1 72h)",132,,,,,,,,,,
,Nauclea,latifolia Sm.,Yes,"39, 229","Detected (TLC), L [39] Isolated, L [229]",MIA,,,Yes,24/62/135/202/207,Yes,24/207,Yes,Extraction,Vitro,Active [195],,Yes [60],"59.84% parasite viability with 25 μg/mL (DCM R, D10) [24], IC50 = 0.60 μg/mL (aq, FcB1) [195]",24/195,Compounds tested [134],,,,,,,,,
,Nauclea,officinalis (Pierre ex Pit.) Merr. & Chun,Yes,"39, 230","Detected (TLC), L [39] Isolated, S [230]",MIA,,,Yes,116,,,Yes,Extraction,Vitro,Inactive,Inactive,Yes,"IC50 > 50 μg/mL (DCM & MeOH & aq B, W2)",116,,,,,,,,,,
,Nauclea,orientalis (L.) L.,Yes,"39, 231","Detected (TLC), L [39] Isolated, L [231]",MIA,,,Yes,SB [198] [206],,,,,,,,,,,,,,,,,,,,
,Nauclea,parva (Havil.) Merr.,Yes,39,"Detected (TLC), L",,,,,,,,,,,,,,,,,,,,,,,,,
,Nauclea,pobeguinii (Hua ex Pobég.) Merr.,Yes,39/152/232,"Detected (TLC), L [39] Detected (phytochemical screening), SB [152] Isolated, SB [232]",MIA,,,Yes,62/135,,,Yes,Extraction,Vitro,Active [152],Active [152],Yes [152],"IC50 = 32 μg/mL (GHA strain) [62] IC50 = 3.3 ± 1.7 μg/mL (80% MeOH Sb, CQS) [152]",62/152,,,,,,,,,,
,Nauclea,robinsonii Merr.,Yes,39,"Detected (TLC), L",,,,,,,,,,,,,,,,,,,,,,,,,
,Nauclea,subdita (Korth.) Stued.,Yes,"39, 233","Detected (TLC), L [39] Isolated, B [233]",MIA,,,,,,,,,,,,,,,,,,,,,,,,
,Nauclea,tenuiflora (Havil.) Merr.,Yes,39,"Detected (TLC), L",,,,,,,,,,,,,,,,,,,,,,,,,
spp. listed (1/34),Neanotis,hirsuta (L. f.) W. H. Lewis,Yes,185,"Isolated, Wp",imidazole,imidazole,,,,,,,,,,,,,,,185,PubMed,,,,,,,
NRIF (2 spp.),Neblinathamnus,,,,,,,,,,,,,,,,,,,,,,,,,,,,,
NRIF (1 sp.),Nematostylis,,,,,,,,,,,,,,,,,,,,,,,,,,,,,
NRIF (10 spp.),Nenax,,,,,,,,,,,,,,,,,,,,,,,,,,,,,
NRIF (5 spp.),Neobertiera,,,,,,,,,,,,,,,,,,,,,,,,,,,,,
NRIF (2 spp.),Neoblakea,,,,,,,,,,,,,,,,,,,,,,,,,,,,,
NRIF (3 spp.),Neohymenopogon,,,,,,,,,,,,,,,,,,,,,,,,,,,,,
All spp. listed (2/2),Neolamarckia,cadamba (Roxb.) Bosser,Yes,102,"Isolated, U",MIA,monoterpenoid; indole; quinolizidine; piperidine,,,,,,,,,,,,,,,,,,,,,,,
,Neolamarckia,macrophylla (Roxb.) Bosser,Yes,39,"Detected (TLC), L",,,,,,,,,,,,,,,,,,,,,,,,,
NRIF (2 spp.),Neomussaenda,,,,,,,,,,,,,,,,,,,,,,,,,,,,,
spp. listed (20/71),Neonauclea,acuminata Ridsdale,Yes,39,"Detected (TLC), L",,,,,,,,,,,,,,,,,,,,,,,,,
,Neonauclea,angustifolia (Havil.) Merr.,Yes,39,"Detected (TLC), L",,,,,,,,,,,,,,,,,,,,,,,,,
,Neonauclea,bartlingii (DC.) Merr.,Yes,39,"Detected (TLC), L",,,,,,,,,,,,,,,,,,,,,,,,,
,Neonauclea,brassii S. Moore,Yes,39,"Detected (TLC), L",,,,,,,,,,,,,,,,,,,,,,,,,
,Neonauclea,calycina (Bartl. ex DC.) Merr.,Yes,39,"Detected (TLC), L",,,,,,,,,,,,,,,,,,,,,,,,,
,Neonauclea,chalmersii (F. Muell.) Merr.,Yes,39,"Detected (TLC), L",,,,,,,,,,,,,,,,,,,,,,,,,
,Neonauclea,clemensiae Merr. & L. M. Perry,Yes,39,"Detected (TLC), L",,,,,,,,,,,,,,,,,,,,,,,,,
,Neonauclea,cyclophylla (Miq.) Merr.,Yes,39,"Detected (TLC), L",,,,,,,,,,,,,,,,,,,,,,,,,
,Neonauclea,excelsa (Blume) Merr.,Yes,39,"Detected (TLC), L",,,,,,,,,,,,,,,,,,,,,,,,,
,Neonauclea,formicaria (Elmer) Merr.,Yes,39,"Detected (TLC), L",,,,,,,,,,,,,,,,,,,,,,,,,
,Neonauclea,glabra (Roxb.) Bahk. f. & Ridsdale,Yes,39,"Detected (TLC), L",,,,,,,,,,,,,,,,,,,,,,,,,
,Neonauclea,hagenii (Lauterb. & K. Schum.) Merr.,Yes,39,"Detected (TLC), L",,,,,,,,,,,,,,,,,,,,,,,,,
,Neonauclea,lanceolata (Blume) Merr.,Yes,39,"Detected (TLC), L",,,,,,,,,,,,,,,,,,,,,,,,,
,Neonauclea,lanceolata subsp. gracilis (Vidal) Ridsdale,Yes,39,"Detected (TLC), L",,,,,,,,,,,,,,,,,,,,,,,,,
,Neonauclea,longipedunculata Merr.,Yes,39,"Detected (TLC), L",,,,,,,,,,,,,,,,,,,,,,,,,
Schmidtottia,Neonauclea,media (Havil.) Merr.,Yes,39,"Detected (TLC), L",,,,,,,,,,,,,,,,,,,,,,,,,
Schmidtottia,Neonauclea,obversifolia (Valeton) Merr. & L. M. Perry,Yes,39,"Detected (TLC), L",,,,,,,,,,,,,,,,,,,,,,,,,
,Neonauclea,purpurea (Roxb.) Merr.,Yes,102,"Isolated, U",indole,,weird indole with glycosides,,,,,,,,,,,,,,,,,,,,,,
,Neonauclea,reticulata (Havil.) Merr.,Yes,39,"Detected (TLC), L",,,,,,,,,,,,,,,,,,,,,,,,,
,Neonauclea,sessilifolia (Roxb.) Merr.,Yes,"39, 234","Detected (TLC), L [39] Isolated, R [234]",MIA,,,,,,,,,,,,,,,,,,,,,,,,
NRIF (1 sp.),Nernstia,,,,,,,,,,,,,,,,,,,,,,,,,,,,,
NRIF (10 spp.),Nertera,,,,,,,,,,,,,,,,,,,,,,,,,,,,,
NRIF (1 sp.),Nesohedyotis,,,,,,,,,,,,,,,,,,,,,,,,,,,,,
Spp. listed (1/5),Neurocalyx,calycinus (R.Br. ex Benn.) B.L.Rob.,Yes,235,"Detected (HPTLC), R & S & L",quinoline,,,,,,,,,,,,,,,,,,,,,,,,
NRIF (1 sp.),Nichallea,,,,,,,,,,,,,,,,,,,,,,,,,,,,,
NRIF (1 sp.),Nodocarpaea,,,,,,,,,,,,,,,,,,,,,,,,,,,,,
NRIF (1 sp.),Normandia,,,,,,,,,,,,,,,,,,,,,,,,,,,,,
NRIF (6 spp.),Nostolachma,,,,,,,,,,,,,,,,,,,,,,,,,,,,,
spp. listed (1/101),Notopleura,camponutans (Dwyer & M. V. Hayden) C. M. Taylor,Yes,161,"Isolated, S & R",isoquinoline,isoquinoline,,,,,,Yes,Isolation,Vitro,Inactive,Active,Yes,"IC50 = 2.66 ± 0.68 & 6.02 ± 0.18 & 0.84 ± 0.32 [4 μM]  μg/mL (1 -Hydroxybenzoisochromanquinone & 1-Acetylbenzoisochromanquinone & Benz[g]isoquinoline-5,10-dione)",161,Compounds tested,,,,,,,,,
spp. listed (1/2),Ochreinauclea,maingayi (Hook. f.) Ridsdale,Yes,"39, 236","Detected (TLC), L [39] Isolated, L [236]",MIA,,,,,,,,,,,,,,,,,,,,,,,,
NRIF (1 sp.),Octotropis,,,,,,,,,,,,,,,,,,,,,,,,,,,,,
spp. listed (3/177),Oldenlandia,affinis (Roem. & Schult.) DC.,Yes,237,"Isolated, Wp",macrocylic peptide,,,,,,,Yes,Extraction,Vivo,Active,Active,Yes,"75% in vivo inhibition 400 mg/kg/day (MeOH, aq, DCM A, P. berghei)",192,,182,PubMed Central,,,,,,,
,Oldenlandia,corymbosa L.,Yes,68,"Not detected (Dragendorff), L",,,,,,,,Yes,Extraction,Vitro,Inactive,Active,Yes,IC50 = 10.8  μg/mL (MeOH A),98,,,,,,,,,,
,Oldenlandia,lancifolia (Schumach.) DC.,Yes,68,"Detected (Dragendorff), L",,,,,,,,,,,,,,,,,,,,,,,,,
NRIF (1 sp.),Oldenlandiopsis,,,,,,,,,,,,,,,,,,,,,,,,,,,,,
NRIF (1 sp.),Oligocodon,,,,,,,,,,,,,,,,,,,,,,,,,,,,,
NRIF (3 spp.),Omiltemia,,,,,,,,,,,,,,,,,,,,,,,,,,,,,
NRIF (17 spp.),Opercularia,,,,,,,,,,,,,,,,,,,,,,,,,,,,,
spp. listed (14/382),Ophiorrhiza,blumeana Korth.,Yes,53/126,"Isolated, A",MIA; bisindole,monoterpenoid; indole; quinolizidine; bisindole; quarternary,,,,,,,,,,,,,,,,,,,,,,,
,Ophiorrhiza,bracteata Korth.,Yes,126,"Isolated, U",MIA,monoterpenoid; indole; quinolizidine; quarternary,,,,,,,,,,,,,,,,,,,,,,,
,Ophiorrhiza,communis Ridl.,Yes,102,"Isolated, U",indole; MIA,beta-carboline; monoterpenoid; indole,,,,,,,,,,,,,,,,,,,,,,,
,Ophiorrhiza,discolor R. Br. ex G. Don.,Yes,126,"Isolated, U",MIA,monoterpenoid; indole; quinolizidine,,,,,,,,,,,,,,,,,,,,,,,
,Ophiorrhiza,filistipula Miq.,Yes,126,"Isolated, U",quinoline; MIA,monoterpenoid; indole; quinolizidine; indolizidine; quinoline,,,,,,,,,,,,,,,,,,,,,,,
,Ophiorrhiza,japonica Blume,Yes,102,"Isolated, U",MIA,beta-carboline; monoterpenoid; indole,,,,,,,,,,,,,,,,,,,,,,,
,Ophiorrhiza,kunstleri King,Yes,102,"Isolated, U",MIA,beta-carbokline; monoterpenoid; indole; ,,,,,,,,,,,,,,,,,,,,,,,
,Ophiorrhiza,kuroiwae Makino,Yes,102,"Isolated, U",quinoline; MIA,quinoline; indolizidine; monoterpenoid; indole,,,,,,,,,,,,,,,,,,,,,,,
,Ophiorrhiza,marginata Blume,Yes,126,"Isolated, U",MIA,monoterpenoid; indole; quinolizidine; ,,,,,,,,,,,,,,,,,,,,,,,
,Ophiorrhiza,mungos L.,Yes,KN,"Isolated, U",quinoline,,,,,,,,,,,,,,,,,,,,,,,,
,Ophiorrhiza,pumila Champ. ex Benth.,Yes,"KN, 102","Isolated, U [KN] Isolated, U [102]",quinoline; MIA [KN],quinoline; indolizidine;,,,,,,,,,,,,,,,,,,,,,,,
,Ophiorrhiza,remotiflora Ridl.,Yes,126,"Isolated, U",MIA,monoterpenoid; indole; quinolizidine; quarternary,,,,,,,,,,,,,,,,,,,,,,,
,Ophiorrhiza,rosacea Ridl.,Yes,102,"Isolated, U",MIA,monoterpenoid; beta-carboline,,,,,,,,,,,,,,,,,,,,,,,
,Ophiorrhiza,rugosa Wall.,Yes,KN,"Isolated, U",MIA; quinoline,,,,,,,,,,,,,,,,,,,,,,,,
,Ophiorrhiza,teysmannii Miq.,Yes,126,"Isolated, U",MIA,monoterpenoid; indole; quinolizidine,,,,,,,,,,,,,,,,,,,,,,,
,Ophiorrhiza,tomentosa Jack ex Roxb.,Yes,102,"Isolated, U",indole; MIA,monoterpenoid; beta-carboline,,,,,,,,,,,,,,,,,,,,,,,
NRIF (1 sp.),Oreopolus,,,,,,,,,,,,,,,,,,,,,,,,,,,,,
NRIF (1 sp.),Osa,,,,,,,,,,,,,,,,,,,,,,,,,,,,,
spp. listed (1/18),Otiophora,pauciflora Baker,,,,,,,,,,,,,,,,,,,,,,,,,,,,
NRIF (8 spp.),Otomeria,,,,,,,,,,,,,,,,,,,,,,,,,,,,,
NRIF (1 sp.),Ottoschmidtia,,,,,,,,,,,,,,,,,,,,,,,,,,,,,
spp. listed (2/38),Oxyanthus,pallidus Hiern,,,,,,,,,,,,,,,,,,,,,,No,,,Yes,Cycloartenol glycosides,C29,
,Oxyanthus,speciosus DC.,Yes,238,"Isolated, R",piperazine,,either piperazine or pyrrolidine. piperazine is more notable.,Yes,205,,,Yes,Extraction,Vitro,Inactive,,Yes,"29.19 ± 9.66 inhibition at 100 μg/mL (EtOH L, Dd2) [205]",205,,,,,,,,,,
NRIF (12 spp.),Oxyceros,,,,,,,,,,,,,,,,,,,,,,,,,,,,,
NRIF (2 spp.),Pachystylus,,,,,,,,,,,,,,,,,,,,,,,,,,,,,
spp. listed (1/33),Paederia,foetida L.,Yes,239,"Detected (phytochemical investigations), L",,,,,,,,,,,,,,,,,,,No,,,Yes,Sterols,C30,Paederia foetida L. produces alkaloids
spp. listed (1/26),Pagamea,guianensis Aubl.,,,,,,,,,,,Yes,Extraction,Vitro,Inactive,Active,Yes,"IC50 = 18.5 ± 1.5 μg/mL (DCM L, FcB1)",104,,,,,,,,,,
NRIF (2 spp.),Pagameopsis,,,,,,,,,,,,,,,,,,,,,,,,,,,,,
spp. listed (44/693),Palicourea,acuminata (Benth.) Borhidi,Yes,72,"Isolated, U",MIA,beta-carboline; glycoside;,,,,,,,,,,,,,,,,,,,,,,,
,Palicourea,adusta Standl.,Yes,72,"Isolated, U",MIA,beta-carboline; monoterpenoid; glycoside; ,,,,,,,,,,,,,,,,,,,,,,,
,Palicourea,alba (Aubl.) Delprete & J.H.Kirkbr,,,,,,,Yes,209,,,,,,,,,,,,,,,,,,,,
,Palicourea,alpina (Sw.) DC.,Yes,72,"Isolated, U",indole; MIA; quinoline,beta-carboline; quinoline,,,,,,,,,,,,,,,,,,,,,,,
,Palicourea,apoda (Steyerm.) Delprete & J. H. Kirkbr.,Yes,160,"Detected (LC-MS), L",,,,,,,,Yes,Extraction,Vitro,Active,Active,Yes,100% in vitro inhibition of p. falciparum at 25 μg/mL (acid-base L),160,,,,,,,,,,
,Palicourea,axillaris (Sw.) Borhidi,Yes,72,"Isolated, U",MIA,monoterpenoid; indole; quinolizidine,,,,,,,,,,,,,,,,,,,,,,,
,Palicourea,bella (Standl.) Dwyer,Yes,68,"Detected (Dragendorff), L",,,,,,,,,,,,,,,,,,,,,,,,,
,Palicourea,caerulea (Ruiz & Pav.) Schult.,,,,,,,Yes,209,,,,,,,,,,,,,,,,,,,,
,Palicourea,chiriquiensis (Standl.) Borhidi,Yes,72,"Isolated, U",MIA,beta-carboline; monoterpenoid,,,,,,,,,,,,,,,,,,,,,,,
,Palicourea,coriacea (Cham.) K. Schum.,Yes,72,"Isolated, U",MIA; PIA,bisquinoline; monoterpenoid; indole,calycanthine is often referred to as a polypyrroloindolidine alkaloid,,,,,,,,,,,,,,,,,,,,,,
,Palicourea,correae (Dwyer & M. V. Hayden) Borhidi,Yes,72,"Isolated, U",MIA;,monoterpenoid; beta-carboline; indole,,,,,,,,,,,,,,,,,,,,,,,
,Palicourea,crocea (Sw.) Schult.,Yes,72,"Isolated, U",MIA,monoterpenoid; beta-carboline,,,,,,,,,,,,,,,,,,,,,,,
,Palicourea,croceoides Ham.,Yes,72,"Isolated, U",MIA;,monoterpenoid; beta-carboline,,,,,,,,,,,,,,,,,,,,,,,
,Palicourea,cyanococca (Seem. ex Dombrain) Borhidi,Yes,72,"Isolated, U",MIA;,monoterpenoid; beta-carboline; glycoside; quinolizidine,,,,,,,,,,,,,,,,,,,,,,,
,Palicourea,deflexa (DC.) Borhidi,Yes,72,"Isolated, U",indole; MIA,monoterpenoid; beta-carboline; ,,,,,,Yes,Extraction,Vitro,Inactive,Inactive,Yes,"IC50 > 10 μg/mL (80% EtOH L & S, W2)",158,,,,,,,,,,
,Palicourea,dichroa (Standl.) Borhidi,Yes,72,"Isolated, U",MIA; ,monoterpenoid; beta-carboline; indole; quinolizidine,,,,,,,,,,,,,,,,,,,,,,,
,Palicourea,didymocarpos (A. Rich. ex DC.) Griseb,Yes,72,"Isolated, U",MIA;,monoterpenoid; beta-carboline,,,,,,,,,,,,,,,,,,,,,,,
,Palicourea,domingensis (Jacq.) DC.,Yes,72,"Isolated, U",PIA,bis-pyrrolindolidine,,,,,,,,,,,,,,,,,,,,,,,
,Palicourea,elata (Sw.) Borhidi,Yes,72,"Isolated, U",MIA;,monoterpenoid; beta-carboline,,,,,,,,,,,,,,,,,,,,,,,
,Palicourea,fastigiata Kunth,Yes,72,"Isolated, U",MIA; ,monoterpenoid; beta-carboline; glycoside,,,,,,,,,,,,,,,,,,,,,,,
,Palicourea,garciae Standl.,Yes,72,"Isolated, U",MIA; ,monoterpenoid; beta-carboline; glycoside,,,,,,,,,,,,,,,,,,,,,,,
,Palicourea,glomerulata (Donn. Sm.) Borhidi,Yes,72,"Isolated, U",PIA,PIA,"like calycanthine, referred to as a PIA. Possibly originates from a PIA",,,,,,,,,,,,,,,,,,,,,,
,Palicourea,gracilenta (Müll. Arg.) Delprete & J. H. Kirkbr.,Yes,72,"Isolated, U",indole; bisindole,indole; simple amine; bisindole,,,,,,,,,,,,,,,,,,,,,,,
,Palicourea,hoffmannseggiana (Willd. ex Schult.) Borhidi,Yes,72,"Isolated, U",indole; MIA,beta-carboline; monoterpenoid; glycoside,,,,,,,,,,,,,,,,,,,,,,,
,Palicourea,humboldtiana (Cham.) Delprete & J.H.Kirkbr.,,,,,,,Yes,209,,,,,,,,,,,,,,,,,,,,
,Palicourea,jungiana C. M. Taylor,Yes,163,"Detected (indole chromophore identified in HPLC/DAD), U",,,,,,,,,,,,,,,,,,,,,,,,,
,Palicourea,lasiorrhachis Oerst.,Yes,68,"Not detected (Dragendorff), L",,,,,,,,,,,,,,,,,,,,,,,,,
,Palicourea,luteonivea C.M. Taylor,,,,,,,Yes,209,,,,,,,,,,,,,,,,,,,,
,Palicourea,luxurians (Rusby) Borhidi,Yes,72,"Isolated, U",MIA,indole; monoterpenoid; glycoside,,,,,,,,,,,,,,,,,,,,,,,
,Palicourea,mamillaris (Müll. Arg.) C M. Taylor,Yes,72,"Isolated, U",MIA;,beta-carboline; monoterpenoid; glycoside,,,,,,,,,,,,,,,,,,,,,,,
,Palicourea,marcgravii A. St.-Hil.,Yes,72,"Isolated, U",MIA; simple amine; indole,beta-carboline; monoterpenoid; glycoside; simple amine; beta-carboline,,,,,,,,,,,,,,,,,,,,,,,
,Palicourea,minutiflora (Müll. Arg.) C. M. Taylor,Yes,72,"Isolated, U",MIA;,monoterpenoid; beta-carboline; indole; quinolizidine; glycoside,,,,,,,,,,,,,,,,,,,,,,,
,Palicourea,muscosa (Jaqc.) Delprete & J. H. Kirbr.,Yes,72,"Isolated, U",PIA,2x pyrrolindolidine; 3x pyrrolindolidine; 4x pyrrolindolindine,bisquinoline is calycanthine,,,,,,,,,,,,,,,,,,,,,,
,Palicourea,ochnoides Dwyer,Yes,68,"Detected (Dragendorff), L",,,,,,,,,,,,,,,,,,,,,,,,,
,Palicourea,ovalis Standl.,Yes,72,"Isolated, U",PIA,,PIA is calycanthine,,,,,,,,,,,,,,,,,,,,,,
,Palicourea,padifolia (Willd. ex Schult.) C. M. Taylor & Lorence,Yes,72,"Isolated, U",MIA; ,monoterpenoid; beta-carboline; glycoside,,,,,,,,,,,,,,,,,,,,,,,
,Palicourea,pleiocephala (Müll. Arg.) C. M. Taylor,Yes,163,"Detected (indole chromophore identified in HPLC/DAD), U",,,,,,,,,,,,,,,,,,,,,,,,,
,Palicourea,prunifolia (Kunth) Borhidi,Yes,72,"Isolated, U",MIA; ,monoterpenoid; beta-carboline; glycoside,,,,,,,,,,,,,,,,,,,,,,,
,Palicourea,rigida Kunth,Yes,72,"Isolated, U",MIA; PIA,monoterpenoid; beta carboline; glycoside 2x pyrrolindolidine,bisquinoline is calycanthine,Yes,209,,,,,,,,,,,,,,,,,,,,
,Palicourea,rigidifolia (Dwyer & M. V. Hayden) Dwyer,Yes,68,"Not detected (Dragendorff), L",,,,,,,,,,,,,,,,,,,,,,,,,
,Palicourea,semirasa Standl.,Yes,72,"Isolated, U",PIA,2x pyrrolindolidine,calycanthine,,,,,,,,,,,,,,,,,,,,,,
,Palicourea,sessilis (Vell.) C. M. Taylor,Yes,72,"Isolated, U",indole; MIA,indole; monoterpenoid; beta-carboline; glycoside,,,,,,,,,,,,,,,,,,,,,,,
,Palicourea,suerrensis (Donn. Sm.) Borhidi,Yes,72,"Isolated, U",indole; MIA,beta-carboline; monooterpenoid; glycoside,,,,,,,,,,,,,,,,,,,,,,,
,Palicourea,tomentosa (Aubl.) Borhidi,Yes,7,"Detected (Dragendorff), Sa",,,,,,Yes,31,Yes,Extraction,Vitro,Inactive,Inactive,Yes,"IC50 > 10 μg/mL (EtOH L, 3D7)",31,,,,,,,,,,
,Palicourea,triphylla DC.,Yes,7,"Detected (Dragendorff), L & S & F",,,,,,,,,,,,,,,,,,,,,,,,,
,Palicourea,tsakiana (C. M. Taylor) C. M. Taylor,Yes,72,"Isolated, U",MIA;,monoterpenoid; beta-carboline; glycoside,,,,,,,,,,,,,,,,,,,,,,,
,Palicourea,tumidonodosa Dwyer,Yes,68,"Not detected (Dragendorff), L",,,,,,,,,,,,,,,,,,,,,,,,,
,Palicourea,winkleri Borhidi,Yes,72,"Isolated, U",indole; MIA,beta-carboline; monoterpenoid; glycoside,,,,,,,,,,,,,,,,,,,,,,,
,Palicourea,woronovii (Standl.) Bruniera & C. M. Taylor,,,,,,,Yes,159,,,,,,,,,,,,,,,,,,,,
,Palicourea ,colorata (Hoffmanns. ex Willd.) Delprete & J. H. Kirkbr,Yes,72,"Isolated, U",PIA,2x PIA; 3x PIA; 4x PIA,calycanthine,,,,,Yes,Extraction,Vitro,Active,Active,Yes,100% in vitro inhibition of p. falciparum at 25 μg/mL (acid-base L),160,,,,,,,,,,
,Palicourea ,subalatoides C.M. Taylor,,,,,,,Yes,209,,,,,,,,,,,,,,,,,,,,
NRIF (3 spp.),Paracarphalea,,,,,,,,,,,,,,,,,,,,,,,,,,,,,
NRIF (5 spp.),Paracephaelis,,,,,,,,,,,,,,,,,,,,,,,,,,,,,
NRIF (1 sp.),Parachimarrhis,,,,,,,,,,,,,,,,,,,,,,,,,,,,,
NRIF (2 spp.),Paracorynanthe,,,,,,,,,,,,,,,,,,,,,,,,,,,,,
NRIF (1 sp.),Paragenipa,,,,,,,,,,,,,,,,,,,,,,,,,,,,,
NRIF (1 sp.),Paraknoxia,,,,,,,,,,,,,,,,,,,,,,,,,,,,,
NRIF (4 spp.),Paralasianthus,,,,,,,,,,,,,,,,,,,,,,,,,,,,,
NRIF (3 spp.),Paranotis,,,,,,,,,,,,,,,,,,,,,,,,,,,,,
NRIF (3 spp.),Parapentas,,,,,,,,,,,,,,,,,,,,,,,,,,,,,
NRIF (2 spp.),Patima,,,,,,,,,,,,,,,,,,,,,,,,,,,,,
Spp. listed (2/51),Pauridiantha,callicarpoides (Hiern) Bremek.,Yes,240,"Isolated, SB",MIA,,,,,,,,,,,,,,,,,,,,,,,,
,Pauridiantha,paucinervis (Hiern) Bremek,Yes,241,"Isolated, L",MIA,,,,,,,,,,,,,,,,,,,,,,,,
spp. listed (7/364),Pavetta,corymbosa (Dc.) F. N. Williams,Yes,153,"Detected (Bouchardat & Dragendorff & Mayer), A",,,,Yes,23/202,,,Yes,Extraction,Vitro,Active,,,"IC50 > 20 & = 5.54 ± 0.79 μg/mL (DCM, A, 3D7 & K1)",23,,,,,,,,,,
,Pavetta,crassipes K. Schum.,Yes,59/61,"Detected (refers to alkaloidal extract), Wp [59] Isolated, U [61]",,,,Yes,59/62,,,Yes,Extraction,Vitro,Active [61],Active [61],,"IC50 < 4 μg/mL (crude alkaloidal, W2) [59], IC50 = 1.02 & 1.23 μg/mL (CHCl3, D6 & W2) [61]",59/61,Compounds tested [134],,,,,,,,,
,Pavetta,harborii S.Moore,Yes,242,"Isolated, U",simple amine,,,,,,,,,,,,,,,,,,,,,,,,
,Pavetta,lanceolata Eckl.,Yes,243,"Isolated, A",indole,beta-carboline,,,,,,,,,,,,,,,,,,,,,,,
,Pavetta,lynesii Bridson,,,,,,,Yes,205,,,,,,,,,,,,,,,,,,,,
,Pavetta,schumanniana F. Hoffm. ex K. Schum.,Yes,242,"Isolated, U",simple amine,,,Yes,64,,,,,,,,,,,,,,,,,,,,
,Pavetta,tomentosa Roxb. ex Sm.,Yes,171,"Detected (phytochemical screening), L",,,,,,,,,,,,,,,,,,,,,,,,,
NRIF (10 spp.),Payera,,,,,,,,,,,,,,,,,,,,,,,,,,,,,
spp. listed (4/43),Pentagonia,gymnopoda (Standl.) Standl.,Yes,68,"Detected (Dragendorff), F",,,,,,,,Yes,Extraction,Vitro,Inactive,Inactive,Yes,"IC50 > 10 μg/mL (aq B, W2)",158,,,,,,,,,,
,Pentagonia,macrophylla Benth.,Yes,68,"Detected (Dragendorff), F & Fl",,,,,,,,Yes,Extraction,Vitro,Inactive,Inactive,Yes,"IC50 > 10 μg/mL (80% EtOH L & S, W2)",158,,,,,,,,,,
,Pentagonia,nuciformis Dwyer,Yes,68,"Not detected (Dragendorff), L",,,,,,,,Yes,Extraction,Vitro,Inactive,Inactive,Yes,"IC50 > 10 μg/mL (80% EtOH L & S, W2)",158,,,,,,,,,,
,Pentagonia,pinnatifida Seem.,Yes,68,"Detected (Dragendorff), L",,,,,,,,,,,,,,,,,,,,,,,,,
,Pentagonia,wendlandii Hook. f.,Yes,68,"Detected (Dragendorff), Fl",,,,,,,,,,,,,,,,,,,,,,,,,
NRIF (1 sp.),Pentaloncha,,,,,,,,,,,,,,,,,,,,,,,,,,,,,
spp. listed (1/19),Pentanisia,ouranogyne S. Moore,,,,,,,Yes,6,,,,,,,,,,,,,,,,,,,,
NRIF (2 spp.),Pentanopsis,,,,,,,,,,,,,,,,,,,,,,,,,,,,,
spp. listed (3/16),Pentas,lanceolata (Forssk.) Deflers,Yes,146,"Isolated, A",quinoline; indole,quinoline; glycoside; monoterpenoid; indolizidine; beta-carboline,,Yes,66,,,Yes,Extraction,Vitro,Inactive,,Yes,"IC50 = 16.22 ± 1.80 μg/mL (MeOH Rb, 3D7)",66,Compounds tested [142],,,No,,,Yes,Cycloartanes,C22,
,Pentas,micrantha Baker,,,,,,,,,,,Yes,Extraction,Vitro,Active,Active,,"IC50 = 4.0 & 3.4 μg/mL (MeOH R, D6 & W2)",142,Compounds tested,,,,,,,,,
,Pentas,zanzibarica (Klotzsch) Bvatke,,,,,,,Yes,199,,,,,,,,,,,,,,,,,,,,
NRIF (2 spp.),Pentodon,,,,,,,,,,,,,,,,,,,,,,,,,,,,,
NRIF (48 spp.),Peponidium,,,,,,,,,,,,,,,,,,,,,,,,,,,,,
NRIF (2 spp.),Perakanthus,,,,,,,,,,,,,,,,,,,,,,,,,,,,,
NRIF (14 spp.),Perama,,,,,,,,,,,,,,,,,,,,,,,,,,,,,
NRIF (1 sp.),Peripeplus,,,,,,,,,,,,,,,,,,,,,,,,,,,,,
NRIF (1 sp.),Petitiocodon,,,,,,,,,,,,,,,,,,,,,,,,,,,,,
NRIF (1 sp.),Phellocalyx,,,,,,,,,,,,,,,,,,,,,,,,,,,,,
NRIF (22 spp.),Phialanthus,,,,,,,,,,,,,,,,,,,,,,,,,,,,,
NRIF (4 spp.),Phialiphora,,,,,,,,,,,,,,,,,,,,,,,,,,,,,
NRIF (1 sp.),Phuopsis,,,,,,,,,,,,,,,,,,,,,,,,,,,,,
NRIF (2 spp.),Phyllis,,,,,,,,,,,,,,,,,,,,,,,,,,,,,
NRIF (1 sp.),Phyllocrater,,,,,,,,,,,,,,,,,,,,,,,,,,,,,
NRIF (1 sp.),Phyllomelia,,,,,,,,,,,,,,,,,,,,,,,,,,,,,
NRIF (14 spp.),Phyllopentas,,,,,,,,,,,,,,,,,,,,,,,,,,,,,
NRIF (2 spp.),Phylohydrax,,,,,,,,,,,,,,,,,,,,,,,,,,,,,
NRIF (1 sp.),Picardaea,,,,,,,,,,,,,,,,,,,,,,,,,,,,,
NRIF (1 sp.),Pimentelia,,,,,,,,,,,,,,,,,,,,,,,,,,,,,
NRIF (2 spp.),Pinarophyllon,,,,,,,,,,,,,,,,,,,,,,,,,,,,,
NRIF (1 sp.),Pinckneya,,,,,,,,,,,,,,,,,,,,,,,,,,,,,
NRIF (3 spp.),Pitardella,,,,,,,,,,,,,,,,,,,,,,,,,,,,,
spp. listed (1/3),Pittoniotis,trichantha Griseb.,,,,,,,,,,,Yes,Extraction,Vitro,Inactive,Inactive,Yes,"IC50 > 10 μg/mL (MeOH L, W2)",158,,,,,,,,,,
NRIF (1 sp.),Placocarpa,,,,,,,,,,,,,,,,,,,,,,,,,,,,,
NRIF (4 spp.),Planaltina,,,,,,,,,,,,,,,,,,,,,,,,,,,,,
NRIF (14 spp.),Platycarpum,,,,,,,,,,,,,,,,,,,,,,,,,,,,,
NRIF (1 sp.),Plectroniella,,,,,,,,,,,,,,,,,,,,,,,,,,,,,
NRIF (1 sp.),Pleiocoryne,,,,,,,,,,,,,,,,,,,,,,,,,,,,,
spp. listed (1/35),Plocama,calabrica (L. f.) M Backlund & Thulin,,,,,,,,,,,Yes,Extraction,Vitro,Active,Active,Yes,"IC50 = 2.7 μg/mL (CH3Cl R, K1)",13,,,,,,,,,,
NRIF (1 sp.),Plocaniophyllon,,,,,,,,,,,,,,,,,,,,,,,,,,,,,
spp. listed (2/3),Pogonopus,speciosus (Jacq.) K. Schum.,Yes,68/102,"Detected (Dragendorff), L [68] Isolated, U [102]",MIA; bisisoquinoline,beta-carboline; quinolizidine; bisisoquinoline; ,,Yes,209,,,,,,,,,,,,,,,,,,,,
,Pogonopus,tubulosus (A. Rich. ex DC.) K. Schum.,Yes,102,"Isolated, U",MIA; bisisoquinoline,monoterpenoid; beta-carboline; quinolizidine; bisisoquinoline; MIA glycoside,,Yes,209,,,,,,,,,,,,,,,,,,,,
NRIF (24 spp.),Polysphaeria,,,,,,,,,,,,,,,,,,,,,,,,,,,,,
NRIF (1 sp.),Polyura,,,,,,,,,,,,,,,,,,,,,,,,,,,,,
NRIF (1 sp.),Pomax,,,,,,,,,,,,,,,,,,,,,,,,,,,,,
NRIF (22 spp.),Porterandia,,,,,,,,,,,,,,,,,,,,,,,,,,,,,
NRIF (6 spp.),Portlandia,,,,,,,,,,,,,,,,,,,,,,,,,,,,,
spp. listed (2/22),Posoqueria,grandiflora Standl.,Yes,68,"Detected (Dragendorff), Fl",,,,,,,,,,,,,,,,,,,,,,,,,
,Posoqueria,latifolia (Rudge) Schult.,Yes,68,"Detected (Dragendorff), L",,,,,,,,Yes,Extraction,Vitro,Inactive,Inactive,Yes,"IC50 > 10 μg/mL (80% EtOH L & S, W2)",158,,,,,,,,,,
NRIF (4 spp.),Pouchetia,,,,,,,,,,,,,,,,,,,,,,,,,,,,,
NRIF (50 spp.),Praravinia,,,,,,,,,,,,,,,,,,,,,,,,,,,,,
NRIF (1 sp.),Preussiodora,,,,,,,,,,,,,,,,,,,,,,,,,,,,,
spp. listed (3/16),Prismatomeris,fragrans E. T. Geddes,,,,,,,,,,,Yes,Isolation,Vitro,Inactive,Weak,Yes,"IC50 = 5.9  μg/mL [11.8 μM] (oleanolic acid acetate compd. 9 (triterpene), K1)",156,Compounds tested,,,No,,,Yes,Sterols,C32,
,Prismatomeris,sessiliflora Pierre ex Pit.,,,,,,,,,,,Yes,Isolation,Vitro,Inactive,Weak,Yes,IC50 = 13 μg/mL & 1.56 μg/mL [51 μM & 5.82 μM] (rubiadin & Rubiadin-1-methyl ether),154,Compounds tested,,,,,,,,,
,Prismatomeris,tetrandra subsp. malayana (Ridl.) J. T. Johanss.,,,,,,,,,,,Yes,Isolation,Vitro,Inactive,Inactive,,No activity shown for compounds (IC50 > 10 μg/mL),155,Compounds tested,,,,,,,,,
NRIF (1 sp.),Pseudaidia,,,,,,,,,,,,,,,,,,,,,,,,,,,,,
NRIF (1 sp.),Pseudocoptosperma,,,,,,,,,,,,,,,,,,,,,,,,,,,,,
NRIF (1 sp.),Pseudodiplospora,,,,,,,,,,,,,,,,,,,,,,,,,,,,,
NRIF (1 sp.),Pseudogalium,,,,,,,,,,,,,,,,,,,,,,,,,,,,,
NRIF (1 sp.),Pseudohamelia,,,,,,,,,,,,,,,,,,,,,,,,,,,,,
NRIF (1 sp.),Pseudomantalania,,,,,,,,,,,,,,,,,,,,,,,,,,,,,
NRIF (2 spp.),Pseudomiltemia,,,,,,,,,,,,,,,,,,,,,,,,,,,,,
No relevant info fonud (5 spp.),Pseudomussaenda,,,,,,,,,,,,,,,,,,,,,,,,,,,,,
NRIF (1 sp.),Pseudonesohedyotis,,,,,,,,,,,,,,,,,,,,,,,,,,,,,
NRIF (3 spp.),Pseudopyxis,,,,,,,,,,,,,,,,,,,,,,,,,,,,,
spp. listed (19/1642),Psychotria,alba Ruiz & Pav.,Yes,163,"Detected (indole chromophore identified in HPLC/DAD), U",,,,,,,,,,,,,,,,,,,,,,,,,
,Psychotria,bahiensis DC.,Yes,KN,"Isolated, U",MIA,,,,,,,,,,,,,,,,,,,,,,,,
,Psychotria,brachyceras Müll. Arg.,Yes,72,"Isolated, U",MIA,MIA glycoside; beta-carboline,,,,,,,,,,,,,,,,,,,,,,,
,Psychotria,brachypoda (Müll. Arg.) Britton,Yes,72,"Isolated, U",MIA,MIA glycoside; beta-carboline,,,,,,,,,,,,,,,,,,,,,,,
,Psychotria,bullata,,,,,,,,,Yes,65,,,,,,,,,,,,,,,,,,
,Psychotria,calocarpa Kurz,Yes,72,"Isolated, U",PIA,2x PIA; pyrrolidine; ,,,,,,,,,,,,,,,,,,,,,,,
,Psychotria,chagrensis Standl.,,,,,,,,,,,Yes,Extraction,Vitro,Inactive,Inactive,Yes,"IC50 > 10 μg/mL (80% EtOH L & S, W2)",158,,,,,,,,,,
,Psychotria,henryi H. Lév,Yes,72,"Isolated, U",PIA,2x PIA,,,,,,,,,,,,,,,,,,,,,,,
,Psychotria,laciniata Vell.,Yes,163,"Detected (indole chromophore identified in HPLC/DAD), U",,,,Yes,209,,,,,,,,,,,,,,,,,,,,
,Psychotria,leiocarpa Cham. & Schltdl.,Yes,163,"Detected (specific compound identified in HPLC/DAD), U",,,,,,,,,,,,,,,,,,,,,,,,,
,Psychotria,malayana Jack,Yes,72,"Isolated, U",PIA; bisquinoline; beta-carboline,2x PIA; 3x PIA; bisquinoline; beta-carboline,bisquinoline is calycanthine; beta-carboline is actually gamma carboline here,,,,,,,,,,,,,,,,,,,,,,
,Psychotria,marginata Sw.,,,,,,,,,,,Yes,Extraction,Vitro,Inactive,Inactive,Yes,"IC50 > 10 μg/mL (80% EtOH L & S, W2)",158,,,,,,,,,,
,Psychotria,milnei (A. Gray) K. Schum,Yes,72,"Isolated, U",PIA; bisquinoline; beta-carboline,3x PIA; 4x PIA; 6x PIA; bisquinoline; beta-carboline,calycanthine derivedfor 3x PIA; bisquinoline = calycanthine,,,,,,,,,,,,,,,,,,,,,,
,Psychotria,nuda (Cham. & Schltld.) Wawra,Yes,102,"Isolated, U",MIA,MIA glycoside; beta-carboline,,,,,,,,,,,,,,,,,,,,,,,
,Psychotria,orosiana Standl.,,,,,,,,,,,Yes,Extraction,Vitro,Inactive,Inactive,Yes,"IC50 > 10 μg/mL (80% EtOH L & B, W2)",158,,,,,,,,,,
,Psychotria,pilifera Hutch.,Yes,72,"Isolated, U",PIA,3x PIA; ,,,,,,,,,,,,,,,,,,,,,,,
,Psychotria,sarmentosoides Valeton,YEs,163,"Detected (indole chromophore identified in HPLC/DAD), U",,,,,,,,,,,,,,,,,,,,,,,,,
,Psychotria,stachyoides Benth.,Yes,72,"Isolated, U",MIA;,MIA glycoside;,,,,,,,,,,,,,,,,,,,,,,,
,Psychotria,suterella Müll. Arg.,Yes,102,"Isolated, U",MIA;,MIA glycoside and apocynaceous MIA; beta-carboline,,,,,,,,,,,,,,,,,,,,,,,
,Psychotria,viridis Ruiz & Pav.,Yes,72,"Isolated, U",indole,DMT; beta carboline,,Yes,209,,,,,,,,,,,,,,,,,,,,
spp. listed (5/92),Psydrax,acutiflorus (Hiern) Bridson,Yes,22,"Detected (Dragendorff), L & T",,,,Yes,25,,,Yes,Extraction,Vitro,Active,Weak,Yes,"IC50 = 9.5 & 8.8 μg/mL (diisopropyl ether L + T, W2 & D10)",22,,,,,,,,,,
,Psydrax,arnoldianus (De Wild. & T. Durand) Bridson,Yes,26,"Isolated, SB",macrocylic peptide,,,,,,,,,,,,,,,,,,,,,,,,
,Psydrax,dicoccos Gaertn.,Yes,27,"Isolated, B",bisindole; MIA,,,,,,,,,,,,,,,,,,,,,,,,
,Psydrax,palma (K. Schum.) Bridson,,,,,,,,,,,Yes,Extraction,Vitro,Inactive,Inactive,Yes,"IC50 > 64 μg/mL (80% MeOH Sb, Ghanaian CQR)",30,,,,,,,,,,
,Psydrax,subcordatus (DC.) Bridson,,,,,,,Yes,24,Yes,24,,,,,,,,,,,,,,,,,,
NRIF (12 spp.),Psyllocarpus,,,,,,,,,,,,,,,,,,,,,,,,,,,,,
NRIF (1 sp.),Pteridocalyx,,,,,,,,,,,,,,,,,,,,,,,,,,,,,
NRIF (1 sp.),Pubistylus,,,,,,,,,,,,,,,,,,,,,,,,,,,,,
NRIF (1 sp.),Puffia,,,,,,,,,,,,,,,,,,,,,,,,,,,,,
NRIF (1 sp.),Pygmaeothamnus,,,,,,,,,,,,,,,,,,,,,,,,,,,,,
spp. listed (2/68 spp.),Pyrostria,major (A. Rich. ex DC.) Kainul. & Razafim.,,,,,,,,,,,Yes,Isolation,Vitro,Inactive,Active,Yes,"IC50 = 4.1 ± 0.8 μM (methylated 1,7-bis(3,4-dihydroxyphenyl)-3,5-dihydroxyheptyl 3-O-β-D-glucopyranoside (compd. 4b), FcB1 strain)",29,specific plant compound tested!,,,,,,,,,
,Pyrostria,phyllanthoidea (Baill.) Bridson,,,,,,,Yes,121,,,,,,,,,,,,,,,,,,,,
NRIF (1 sp.),Rachicallis,,,,,,,,,,,,,,,,,,,,,,,,,,,,,
NRIF (1 sp.),Ramonadoxa,,,,,,,,,,,,,,,,,,,,,,,,,,,,,
NRIF (2 spp.),Ramosmania,,,,,,,,,,,,,,,,,,,,,,,,,,,,,
spp. listed (5/112),Randia,aculeata L.,Yes,68,"Detected (Dragendorff), L",,,,,,,,,,,,,,,,,,,,,,,,,
,Randia,aculeata var. aculeata,Yes,68,"Detected (Dragendorff), L",,,,,,,,,,,,,,,,listed as cf. so be cautious of taxonomy,,,,,,,,,
,Randia,altiscandens (Ducke) C. M. Taylor,Yes,68,"Detected (Dragendorff), L",,,,,,,,,,,,,,,,,,,,,,,,,
,Randia,armata (Sw.) DC.,Yes,68,"Detected (Dragendorff), L & Fl",,,,Yes,209,,,Yes,Extraction,Vitro,Inactive,Inactive,Yes,"IC50 > 10 μg/mL (80% EtOH L & Br, W2)",158,,,,,,,,,,
,Randia,lasiantha (Standl.) Standl.,Yes,68,"Detected (Dragendorff), L",,,,,,,,,,,,,,,,,,,,,,,,,
,Randia,mira Dwyer,Yes,68,"Not detected (Dragendorff), L",,,,,,,,,,,,,,,,,,,,,,,,,
spp. listed (1/1),Raritebe,palicoureoides subsp. dwyerianum J. H. Kirkbr.,Yes,68,"Detected (Dragendorff), L & F",,,,,,,,,,,,,,,,,,,,,,,,,
,Razafimandimbisonia,,,,,,,,,,,,,,,,,,,,,,,,,,,,,
spp. listed (8/43),Remijia,amphithrix Standl.,,,,,,,Yes,209,,,,,,,,,,,,,,,,,,,,
,Remijia,ferruginea (A. St.-Hil.) DC.,Yes,166,"Detected (Draggendorff), B",,,,Yes,14,Yes,14,Yes,Extraction,Vivo,Inactive,Weak,Yes,48% reduction in parasitemia in p. berghei infested mice after 4 days of 1000 mg/kg dose of bark.,166,,,,,,,,,,
,Remijia,firmula (Mart. ex Klotzsch) Wedd.,,,,,,,Yes,209,,,,,,,,,,,,,,,,,,,,
,Remijia,macrocnemia (Mart.) Wedd.,,,,,,,Yes,209,,,,,,,,,,,,,,,,,,,,
,Remijia,macrophylla (H.Karst.) Benth. & Hook.f. ex Flueck.,,,,,,,Yes,209,,,,,,,,,,,,,,,,,,,,
,Remijia,trianae Wernham,,,,,,,Yes,209,,,,,,,,,,,,,,,,,,,,
,Remijia,ulei K. Krause,,,,,,,Yes,209,,,,,,,,,,,,,,,,,,,,
,Remijia,vellozoi (A. St.-Hil.) DC.,,,,,,,Yes,209,,,,,,,,,,,,,,,,,,,,
spp. listed (1/7),Rennellia,elliptica Korth.,,,,,,,,,,,Yes,Extraction,Vitro,Active,Active,,"IC50 = 4 μg/mL (DCM R, 3D7)",142,Compounds tested,,,,,,,,,
NRIF (21 spp.),Retiniphyllum,,,,,,,,,,,,,,,,,,,,,,,,,,,,,
NRIF (2 spp.),Rhadinopus,,,,,,,,,,,,,,,,,,,,,,,,,,,,,
NRIF (1 sp.),Rhaphidura,,,,,,,,,,,,,,,,,,,,,,,,,,,,,
spp. listed (2/2),Rhodopentas,bussei (K. Krause) Kårehed & B. Bremer,,,,,,,Yes,"5, 205",,,Yes,Extraction,Vitro,Inactive,Weak [5],"Yes [5, 205]","IC50 = 23.3 & 27.9 μg/mL (MeOH Rb, D6 and W2) [5] 59.92 ± 4.41 inhibition at 100 μg/mL (EtOH A, Dd2) [205]","5, 205",,,,,,,,,,
,Rhodopentas,parvifolia (Hiern) Kårehed & B.Bremer,,,,,,,Yes,208,,,,,,,,,,,,,,,,,,,,
spp. listed (1/17),Richardia,brasiliensis Gomes,,,,,,,Yes,209,,,,,,,,,,,,,,,,,,,,
,Richardia,grandiflora (Cham. & Schltdl.) Steud.,,,,,,,,,,,,,,,,,,,,,,No,,,Yes,Sterols,C31,
NRIF (30 spp.),Ridsdalea,,,,,,,,,,,,,,,,,,,,,,,,,,,,,
NRIF (1 sp.),Riodocea,,,,,,,,,,,,,,,,,,,,,,,,,,,,,
NRIF (1 sp.),Riqueuria,,,,,,,,,,,,,,,,,,,,,,,,,,,,,
NRIF (2 spp.),Robbrechtia,,,,,,,,,,,,,,,,,,,,,,,,,,,,,
NRIF (1 sp.),Robynsia,,,,,,,,,,,,,,,,,,,,,,,,,,,,,
spp. listed (1/13),Rogiera,amoena Planch.,Yes,68,"Detected (Dragendorff), L",,,,,,,,,,,,,,,,,,,,,,,,,
NRIF (1 sp.),Roigella,,,,,,,,,,,,,,,,,,,,,,,,,,,,,
spp. listed (1/3),Ronabea,latifolia Aubl.,,,,,,,,,,,Yes,Extraction,Vitro,Inactive,Inactive,Yes,"IC50 > 10 μg/mL (80% EtOH L & S, W2)",158,,,,,,,,,,
spp. listed (2/154),Rondeletia,hameliifolia Dwyer & M. V. Hayden,Yes,68,"Not detected (Dragendorff), L & Fl",,,,,,,,,,,,,,,,,,,,,,,,,
,Rondeletia,panamensis DC.,Yes,68,"Not detected (Dragendorff), L",,,,,,,,,,,,,,,,,,,,,,,,,
spp. listed (1/4),Rosenbergiodendron,formosum (Jacq.) Fagerl.,Yes,68,"Detected (Dragendorff), L",,,,,,,,,,,,,,,,,,,,,,,,,
spp. listed (5/23),Rothmannia,engleriana (K. Schum.) Keay,,,,,,,Yes,76,,,,,,,,,,,,,,,,,,,,
,Rothmannia,hispida (K. Schum.) Fagerl.,,,,,,,Yes,144,,,,,,,,,,,,,,,,,,,,
,Rothmannia,longiflora Salisb.,Yes,244,"Isolated, Fr",pyridine,,,,,,,Yes,Extraction,Vitro,Inactive,,,"IC50 > 100 μg/mL (MeOH, K1)",134,,,,,,,,,,
,Rothmannia,talbotii (Wernham) Keay,Yes,245,"Isolated, W",azepane,,azepane = unsaturated 7-membered ring with 1 N atom,,,,,,,,,,,,,,,,,,,,,,
,Rothmannia,urcelliformis (Hiern) Bullock ex Robyns,,246,"Isolated, Fr",pyridine,,,,,,,,,,,,,,,,,,,,,,,,
NRIF (2 spp.),Rovaeanthus,,,,,,,,,,,,,,,,,,,,,,,,,,,,,
,Rubia,argyi (H.Lév. & Vaniot) H.Hara,Yes,247,"Isolated, R",macrocyclic peptide,,,,,,,,,,,,,,,,,,,,,,,,
spp. listed (1/88),Rubia,cordifolia L.,Yes,248,"Isolated, R",macrocyclic peptide,,,,,,,Yes,Extraction,Vitro,Active,Active,Yes,"IC50 = 1.20 μg/mL (MeOH L/S/Se, P. knowlesi)",193,,182,PubMed Central,,,,,,,
,Rubia,podantha Diels,Yes,249,"Isolated, R & Rh",macrocyclic peptide,,,,,,,,,,,,,,,,,,,,,,,,
,Rubia,schumanniana E.Pritz.,Yes,250,"Isolated, R & Rh",macrocyclic peptide,,,,,,,,,,,,,,,,,,,,,,,,
,Rubia,yunnanensis Diels,Yes,251,"Isolated, R",macrocyclic peptide,,,,,,,,,,,,,,,,,,,,,,,,
NRIF (3 spp.),Rubovietnamia,,,,,,,,,,,,,,,,,,,,,,,,,,,,,
spp. listed (6/143),Rudgea,cornifolia (Kunth) Standl.,Yes,40,"Isolated, L",indole,,,Yes,159,,,,,,,,,,,,,,,,,,,,
,Rudgea,coronata subsp. coronata,Yes,163,"Detected (indole chromophore identified in HPLC/DAD), U",,,,,,,,,,,,,,,,,,,,,,,,,
,Rudgea,jasminoides (Cham.) Müll. Arg.,Yes,163,"Detected (indole chromophore identified in HPLC/DAD), U",,,,,,,,,,,,,,,,,,,,,,,,,
,Rudgea,panamensis (Dwyer) C. M. Taylor,,,,,,,,,,,Yes,Extraction,Vitro,Inactive,Inactive,Yes,"IC50 > 10 μg/mL (80% EtOH L & S, W2)",158,,,,,,,,,,
,Rudgea,panurensis Müll.Arg.,,,,,,,Yes,209,,,,,,,,,,,,,,,,,,,,
,Rudgea,recurva Müll. Arg.,Yes,163,"Detected (indole chromophore identified in HPLC/DAD), U",,,,,,,,,,,,,,,,,,,,,,,,,
spp. listed (3/17),Rustia,costaricensis (Standl.) Lorence,Yes,68,"Detected (Dragendorff), Fl",,,,,,,,,,,,,,,,,,,,,,,,,
,Rustia,formosa (Cham. & Schltdl. ex DC.) Klotzsch,,,,,,,Yes,209,,,,,,,,,,,,,,,,,,,,
,Rustia,occidentalis (Benth.) Hemsl.,Yes,68,"Detected (Dragendorff), L & Fl & F",,,,,,,,,,,,,,,,,,,,,,,,,
Spp. listed (1/21),Rutidea,parviflora DC,Yes,252,"Isolated, SB",quinoline,,,,,,,,,,,,,,,,,,,,,,,,
spp. listed (2/82),Rytigynia,nigerica (S. Moore) Robyns,,,,,,,Yes,145,,,,,,,,,,,,,,,,,,,,
,Rytigynia,obscura Robyns,,,,,,,Yes,205,,,,Extraction,Vitro,Inactive,,Yes,"22.35 ± 5.42 inhibition at 100 μg/mL (EtOH L, Dd2) [205]",205,,,,,,,,,,
spp. listed (3/159),Sabicea,amazonensis Wernham,,,,,,,Yes,"88, 209",,,,,,,,,,,,,,,,,,,,
,Sabicea,panamensis Wernham,Yes,68,"Detected (Dragendorff), L",,,,,,,,,,,,,,,,,,,,,,,,,
,Sabicea,villosa Willd. ex Schult.,Yes,68,"Detected (Dragendorff), L & Fl",,,,Yes,"104, 209",,,Yes,Extraction,Vitro,Active,Active,Yes,"IC50 = 5.3 ± 1.1 μg/mL (Hex A, FcB1)",104,,,,,,,,,,
NRIF (2 spp.),Sacosperma,,,,,,,,,,,,,,,,,,,,,,,,,,,,,
NRIF (22 spp.),Saldinia,,,,,,,,,,,,,,,,,,,,,,,,,,,,,
NRIF (4 spp.),Salzmannia,,,,,,,,,,,,,,,,,,,,,,,,,,,,,
spp. listed (2/44),Saprosma,hainanensis Merr.,Yes,102,"Isolated, U",quinoline; ,,,,,,,,,,,,,,,,,,,,,,,,
,Saprosma,ternata (Wall.) Hook. f.,Yes,102,"Isolated, U",unclear,,,,,,,,,,,,,,,,,,,,,,,,
spp. listed (3/20),Schismatoclada,concinna Bak.,,,,,,,Yes,65,,,,,,,,,,,,,,,,,,,,
,Schismatoclada,farahimpensis Bak.,,,,,,,Yes,65,,,,,,,,,,,,,,,,,,,,
,Schismatoclada,viburnoides Bak.,,,,,,,Yes,65,,,,,,,,,,,,,,,,,,,,
NRIF (4 spp.),Schizenterospermum,,,,,,,,,,,,,,,,,,,,,,,,,,,,,
spp. listed (2/9),Schizocalyx,cuspidatus (A. St.-Hil.) Kainul. & B. Bremer,Yes,15,"Detected (phytochemical screening), SB",,,,Yes,"14, 209",Yes,14,,,,,,,,,,,,,,,,,,
,Schizocalyx,veraguensis (Dwyer) Kainul. & B. Bremer,Yes,68,"Detected (Dragendorff), F",,,,,,,,Yes,Extraction,Vitro,Inactive,Inactive,Yes,"IC50 > 10 μg/mL (80% EtOH L & S, W2)",158,,,,,,,,,,
NRIF (2 spp.),Schizocolea,,,,,,,,,,,,,,,,,,,,,,,,,,,,,
NRIF (1 sp.),Schizomussaenda,,,,,,,,,,,,,,,,,,,,,,,,,,,,,
NRIF (17 spp.),Schmidtottia,,,,,,,,,,,,,,,,,,,,,,,,,,,,,
spp. listed (1/58),Schradera,rotundata Standl. ex Steyerm.,Yes,68,"Detected (Dragendorff), L",,,,,,,,,,,,,,,,,,,,,,,,,
,Schumanniophyton ,magnificum (K.Schum.) Harms,Yes,253,"Isolated, RB",pyridine; piperidine,,,Yes,203,,,,,,,,,,,,,,,,,,,,
spp. listed (2/3),Schumanniophyton ,problematicum (A. Chev.) Aubrév.,Yes,102,"Isolated, U",piperidine,,,,,,,,,,,,,,,,,,,,,,,,
NRIF (1 sp.),Schwendenera,,,,,,,,,,,,,,,,,,,,,,,,,,,,,
Spp. listed (1/25),Scleromitrion,diffusum (Willd.) R.J.Wang,Yes,254,"Isolated, A",simple amide,,amide,,,,,,,,,,,,,,,,,,,,,,
NRIF (28 spp.),Scolosanthus,,,,,,,,,,,,,,,,,,,,,,,,,,,,,
NRIF (1 sp.),Scyphiphora,,,,,,,,,,,,,,,,,,,,,,,,,,,,,
NRIF (2 spp.),Scyphostachys,,,,,,,,,,,,,,,,,,,,,,,,,,,,,
NRIF (22 spp.),Sericanthe,,,,,,,,,,,,,,,,,,,,,,,,,,,,,
Spp. listed (1/1),Serissa,japonica (Thunb.) Thunb.,,,,,,,,,,,,,,,,,,,,,,No,,,Yes,Sterols,C40,"Species listed as Serissa serissiodes, synonym"
NRIF (1 sp.),Seychellea,,,,,,,,,,,,,,,,,,,,,,,,,,,,,
NRIF (3 spp.),Shaferocharis,,,,,,,,,,,,,,,,,,,,,,,,,,,,,
NRIF (1 sp.),Sherardia,,,,,,,,,,,,,,,,,,,,,,,,,,,,,
NRIF (13 spp.),Sherbournia,,,,,,,,,,,,,,,,,,,,,,,,,,,,,
NRIF (1 sp.),Siemensia,,,,,,,,,,,,,,,,,,,,,,,,,,,,,
spp. listed (6/42),Simira,"alba (Mart.) Delprete, Margalho & Groppo",Yes,102,"Isolated, U ",MIA,,,,,,,,,,,,,,,Simira mexicana also has a paper about its alkaloids but I did not have access to this,,,No,,,Yes,Sterols,C41,"Species listed as Simira glaziolii, synonym"
,Simira,grazielae Peixoto,Yes,255,"Isolated, W",MIA,,,,,,,,,,,,,,,,,,,,,,,,
,Simira,maxonii (Standl.) Steyerm.,Yes,"68, 256","Detected (Dragendorff), L & Fl [68] Isolated, R [256]",MIA; indole,beta carboline,,,,,,,,,,,,,,,,,,,,,,,
,Simira,panamensis (Dwyer) C. M. Taylor,Yes,68,"Detected (Dragendorff), F",,,,,,,,,,,,,,,,,,,,,,,,,
,Simira,rubescens (Benth.) Bremek. ex Steyerm.,,,,,,,Yes,209,,,,,,,,,,,,,,,,,,,,
,Simira,rubra (Mart.) Steyerm.,Yes,KN,"Isolated, U",indole,beta carboline,,,,,,,,,,,,,,,,,,,,,,,
,Simira,williamsii (Standl.) Steyerm.,Yes,102,"Isolated, U ",MIA,,,,,,,,,,,,,,,,,,,,,,,,
NRIF (1 sp.),Singaporandia,,,,,,,,,,,,,,,,,,,,,,,,,,,,,
All spp. listed (1/1),Sinoadina,racemosa (Siebold & Zucc.) Ridsdale,Yes,"KN, 39","Isolated, U [KN] Detected (TLC), L [39]",MIA ,,,,,,,,,,,,,,,,,,,,,,,,
NRIF (19 spp.),Sipanea,,,,,,,,,,,,,,,,,,,,,,,,,,,,,
NRIF (8 spp.),Sipaneopsis,,,,,,,,,,,,,,,,,,,,,,,,,,,,,
NRIF (1 sp.),Siphonandrium,,,,,,,,,,,,,,,,,,,,,,,,,,,,,
spp. listed (2/21),Solenandra,mexicana (A. Gray) Borhidi,Yes,68,"Detected (Dragendorff), L",,,,Yes,"73, 209",,,Yes,Isolation,Vitro,Inactive,Active,Yes,"IC50 = 3.6 & 1.6 μg/mL [10 μM & 4.7μM](O-methylexostemin, poW & Dd2)",73,,,,No,,,Yes,Sterols and sterol glycosides,C6,
,Solenandra,sanctae-luciae (Kentish) Paudyal & Delprete,,,,,,,Yes,74,,,,,,,,,,,,,,,,,,,,
spp. listed (1/11),Sommera,donnell-smithii Standl.,Yes,68,"Detected (Dragendorff), L & Fr",,,,,,,,,,,,,,,,,,,,,,,,,
spp. listed (10/290),Spermacoce,alata (Aubl.) DC.,,,,,,,Yes,168,,,,,,,,,,,,,,,,,,,,
,Spermacoce,capitata Ruiz & Pav,Yes,168,"Isolated, A",MIA,,,,,,,,,,,,,,,,,,,,,,,,
,Spermacoce,exilis (L.O. Wiliams) C. D. Adamns ex W. C. Burger & C.M. Taylor,Yes,169,"Detected (Dragendorff F, Hager P, Wagner P)",,,,,,,,,,,,,,,,,,,,,,,,,
,Spermacoce,hispida L.,Yes,169,"Detected (Dragendorff F, Hager P, Wagner P)",,,,,,Yes,168,,,,,,,,,,,,,,,,,,
,Spermacoce,latifolia Aubl.,Yes,168,,,,,,,,,,,,,,,,,,,,,,,,,,
,Spermacoce,ocymoides Burm. F.,Yes,169,"Detected (Dragendorff F, Hager P, Wagner P)",,,,Yes,209,,,,,,,,,,,,,,,,,,,,
,Spermacoce,princeae (K. Schum.) Verdc.,,,,,,,Yes,76,,,Yes,Extraction,Vitro,Inactive,Inactive,Yes,"IC50 > 100 μg/mL (Hex & CHCl3 & EtOAc & MeOH & aq, K39)",167,,,,,,,,,,
,Spermacoce,remota Lam.,Yes,96,"Detected (Dragendorff), L",,,,,,,,,,,,,,,,,,,,,,,,,
,Spermacoce,tenuior L.,Yes,168,,,,,,,,,,,,,,,,,,,,,,,,,,
,Spermacoce,verticillata L. ,Yes,"102, 168","Isolated, U [102] Isolated, A & R [168]",indole; bisindole,,,,,,,,,,,,,,,,,,,,,,,,
Spp. listed (1/1),Spermadictyon,suaveolens Roxb.,Yes,257,"Detected (phytochemical screening), S",,,,,,,,,,,,,,,,,,,,,,,,,
NRIF (9 spp.),Sphinctanthus,,,,,,,,,,,,,,,,,,,,,,,,,,,,,
NRIF (8 spp.),Squamellaria,,,,,,,,,,,,,,,,,,,,,,,,,,,,,
NRIF (13 spp.),Stachyarrhena,,,,,,,,,,,,,,,,,,,,,,,,,,,,,
NRIF (20 spp.),Staelia,,,,,,,,,,,,,,,,,,,,,,,,,,,,,
NRIF (5 spp.),Standleya,,,,,,,,,,,,,,,,,,,,,,,,,,,,,
NRIF (5 spp.),Steenisia,,,,,,,,,,,,,,,,,,,,,,,,,,,,,
NRIF (6 spp.),Stenaria,,,,,,,,,,,,,,,,,,,,,,,,,,,,,
NRIF (1 sp.),Stenosepala,,,,,,,,,,,,,,,,,,,,,,,,,,,,,
spp. listed (5/48),Stenostomum,acreanum (K.Krause) Achille & Delprete,,,,,,,Yes,209,,,,,,,,,,,,,,,,,,,,
,Stenostomum,acutatum DC.,Yes,,,,,,,,,,,,,,,,,,,,,No,,,Yes,Cycloartenol derivates,C1,"Species listed as Antirhea acutata, synonym"
,Stenostomum,lucidum (Sw.) C. F. Gaertn.,Yes,9,"Isolated, R",indole; bisindole,,,,,,,,,,,,,,,,,,,,,,,,
,Stenostomum,portoricense Britton & P. Wilson,Yes,11,"Isolated, R",MIA,,,,,,,,,,,,,,,,,,,,,,,,
,Stenostomum,resinosum (Vahl) Griseb.,Yes,102,"Isolated, U ",indole,,,,,,,,,,,,,,,,,,,,,,,,
NRIF (7 spp.),Stenotis,,,,,,,,,,,,,,,,,,,,,,,,,,,,,
NRIF (1 sp.),Stephanococcus,,,,,,,,,,,,,,,,,,,,,,,,,,,,,
NRIF (11 spp.),Stevensia,,,,,,,,,,,,,,,,,,,,,,,,,,,,,
NRIF (1 sp.),Steyermarckia,,,,,,,,,,,,,,,,,,,,,,,,,,,,,
NRIF (1 sp.),Stichianthus,,,,,,,,,,,,,,,,,,,,,,,,,,,,,
NRIF (4 spp.),Stilpnophylum,,,,,,,,,,,,,,,,,,,,,,,,,,,,,
NRIF (2 spp.),Stipularia,,,,,,,,,,,,,,,,,,,,,,,,,,,,,
NRIF (25 spp.),Streblosa,,,,,,,,,,,,,,,,,,,,,,,,,,,,,
NRIF (1 sp.),Streblosiopsis,,,,,,,,,,,,,,,,,,,,,,,,,,,,,
Spp. listed (1/1),Strumpfia,maritima Jacq.,,,,,,,,,,,,,,,,,,,,,,No,,,Yes,One steroid (cabraleone),C42,
NRIF (1 sp.),Stylosiphonia,,,,,,,,,,,,,,,,,,,,,,,,,,,,,
NRIF (7 spp.),Suberanthus,,,,,,,,,,,,,,,,,,,,,,,,,,,,,
NRIF (1 sp.),Synaptantha,,,,,,,,,,,,,,,,,,,,,,,,,,,,,
NRIF (1 sp.),Syringatha,,,,,,,,,,,,,,,,,,,,,,,,,,,,,
NRIF (1 sp.),Tainus,,,,,,,,,,,,,,,,,,,,,,,,,,,,,
All spp. listed (1/1),Tamilnadia,uliginosa (Retz.) Tirveng. & Sastre,Yes,35,Preliminary phytochemical screening,,,,,,,,,,,,,,,,,,,,,,,,,
NRIF (1 sp.),Tammsia,,,,,,,,,,,,,,,,,,,,,,,,,,,,,
NRIF (1 sp.),Tamridaea,,,,,,,,,,,,,,,,,,,,,,,,,,,,,
NRIF (1 sp.),Tangshuia,,,,,,,,,,,,,,,,,,,,,,,,,,,,,
spp. listed (6/192),Tarenna,asiatica (L.) Kuntze ex K. Schum.,Yes,171,Wagner,,,,,,,,,,,,,,,,,,,,,,,,,
,Tarenna,bipindensis (K.Schum.) Bremek.,Yes,258,"Isolated, U",indole,beta-carboline,,,,,,,,,,,,,,,,,,,,,,,
,Tarenna,gracilipes (Hayata) Ohwi,,,,,,,,,,,,,,,,,,,,,,No,,,Yes,Cycloartenol glycosides,C43/C44,
,Tarenna,obtusifolia Merr.,,,,,,,,,,,,,,,,,,,,,,No,,,Yes,Sterols,C45,
,Tarenna,pavettoides (Harv.) Sim,,,,,,,,,,,Yes,Extraction,Vitro,Inactive,,Yes,"IC50 = 27.88 ± 18.05 μg/mL (MeOH Rb, 3D7)",66,,,,,,,,,,
,Tarenna,vanprukii Craib,Yes,170,"Isolated, L",MIA,,,,,,,,,,,,,,,,,,,,,,,,
NRIF (2 spp.),Tarennoidea,,,,,,,,,,,,,,,,,,,,,,,,,,,,,
NRIF (1 sp.),Temnocalyx,,,,,,,,,,,,,,,,,,,,,,,,,,,,,
NRIF (1 sp.),Temnopteryx,,,,,,,,,,,,,,,,,,,,,,,,,,,,,
NRIF (1 sp.),Tennantia,,,,,,,,,,,,,,,,,,,,,,,,,,,,,
NRIF (2 spp.),Tessiera,,,,,,,,,,,,,,,,,,,,,,,,,,,,,
NRIF (1 sp.),Thamnoldenlandia,,,,,,,,,,,,,,,,,,,,,,,,,,,,,
NRIF (4 spp.),Theligonum,,,,,,,,,,,,,,,,,,,,,,,,,,,,,
NRIF (15 spp.),Thiollierea,,,,,,,,,,,,,,,,,,,,,,,,,,,,,
NRIF (1 sp.),Thogsennia,,,,,,,,,,,,,,,,,,,,,,,,,,,,,
spp. listed (2/187),Timonius,gammillii Elmer,,,,,,,,,,,Yes,Extraction,Vitro,Inactive,Inactive,Yes,"IC50 > 10 μg/mL (MeOH Sb, D6 & W2)",172,,,,,,,,,,
,Timonius,kaniensis Valeton,Yes,173,"Isolated, B",quinoline,,,,,,,,,,,,,,,,,,,,,,,,
spp. listed (1/2),Tinadendron,noumeanum (Baill.) Achille,Yes,91,"Isolated, B",quinoline,,,,,,,,,,,,,,,,,,,,,,,,
NRIF (2 spp.),Tobagoa,,,,,,,,,,,,,,,,,,,,,,,,,,,,,
spp. listed (1/21),Tocoyena,pittieri (Standl.) Standl.,Yes,68,"Detected (Dragendorff), L",,,,,,,,,,,,,,,,,,,,,,,,,
NRIF (1 sp.),Tortuella,,,,,,,,,,,,,,,,,,,,,,,,,,,,,
NRIF (1 sp.),Trailliaedoxa,,,,,,,,,,,,,,,,,,,,,,,,,,,,,
NRIF (13 spp.),Triainolepis,,,,,,,,,,,,,,,,,,,,,,,,,,,,,
NRIF (81 spp.),Tricalysia,,,,,,,,,,,,,,,,,,,,,,,,,,,,,
NRIF (13 spp.),Trichostachys,,,,,,,,,,,,,,,,,,,,,,,,,,,,,
NRIF (3 spp.),Triflorensia,,,,,,,,,,,,,,,,,,,,,,,,,,,,,
NRIF (1 sp.),Tromlyca,,,,,,,,,,,,,,,,,,,,,,,,,,,,,
NRIF (2 spp.),Tulearia,,,,,,,,,,,,,,,,,,,,,,,,,,,,,
spp. listed (13/36),Uncaria,acida (W.Hunter) Roxb.,Yes,KN,"Isolated, U ",MIA,,,,,,,,,,,,,,,,,,,,,,,,
,Uncaria,africana G.Don,Yes,KN,"Isolated, U ",MIA,,,,,,,,,,,,,,,,,,,,,,,,
,Uncaria,attenuata Korth.,Yes,102,"Isolated, U ",MIA,Continue with KN once finished reviewing existing sources.,,,,,,,,,,,,,,,,,,,,,,,
,Uncaria,borneensis Havil.,Yes,102,"Isolated, U ",MIA,,,,,,,,,,,,,,,,,,,,,,,,
,Uncaria,callophylla Blume ex Korth,Yes,102,"Isolated, U ",MIA; bisindole,,,,,,,,,,,,,,,,,,,,,,,,
,Uncaria,cordata (Lour.) Merr.,Yes,102,"Isolated, U ",MIA,,,,,,,,,,,,,,,,,,,,,,,,
,Uncaria,elliptica R. Br. ex G. Don,Yes,27,"Isolated, B",MIA; bisindole,,,,,,,,,,,,,,,,,,,,,,,,
,Uncaria,gambir (W.Hunter) Roxb.,Yes,KN,"Isolated, U ",MIA; bisindole,,,,,,,,,,,,,,,,,,,,,,,,
,Uncaria,guianensis (Aubl.) J. F. Gmel.,Yes,102,"Isolated, U ",MIA,,,Yes,"18, 209",,,,,,,,,,,,,,,,,,,,
,Uncaria,hirsuta Havil.,Yes,102,"Isolated, U ",MIA; bisindole,,,,,,,,,,,,,,,,,,,,,,,,
,Uncaria,homomalla Miq.,Yes,KN,"Isolated, U ",MIA,,,,,,,,,,,,,,,,,,,,,,,,
,Uncaria,laevigata Wall. ex G.Don,Yes,KN,"Isolated, U ",MIA,,,,,,,,,,,,,,,,,,,,,,,,
,Uncaria,lancifolia Hutch.,Yes,KN,"Isolated, U ",MIA,,,,,,,,,,,,,,,,,,,,,,,,
,Uncaria,lanosa var. glabrata (Blume) Ridsdale,Yes,102,"Isolated, U ",MIA,,,,,,,,,,,,,,,,,,,,,,,,
,Uncaria,lanosa Wall.,Yes,KN,"Isolated, U ",MIA,,,,,,,,,,,,,,,,,,,,,,,,
,Uncaria,longiflora (Poir.) Merr.,Yes,102,"Isolated, U ",MIA,,,,,,,,,,,,,,,,,,,,,,,,
,Uncaria,longiflora var. longiflora,Yes,102,"Isolated, U ",,,,,,,,,,,,,,,,,,,,,,,,,
,Uncaria,macrophylla Wall.,Yes,102,"Isolated, U ",MIA,,,,,,,,,,,,,,,,,,,,,,,,
,Uncaria,orientalis Guillaumin,Yes,KN,"Isolated, U ",MIA,,,,,,,,,,,,,,,,,,,,,,,,
,Uncaria,scandens (Sm.) Wall.,Yes,KN,"Isolated, U ",MIA,,,,,,,,,,,,,,,,,,,,,,,,
,Uncaria,sessilifructus Roxb.,Yes,KN,"Isolated, U ",MIA,,,,,,,,,,,,,,,,,,,,,,,,
,Uncaria,sinensis (Oliv.) Havil.,Yes,102,"Isolated, U ",MIA,,,,,,,,,,,,,,,,,,,,,,,,
,Uncaria,tomentosa (Willd. ex Schult.) DC.,Yes,68/102,"Detected (Dragendorff), L [68] Isolated, U [102]",MIA,,,Yes,209,,,,,,,,,,,,,,,,,,,,
,Uncaria ,rhynchophylla (Miq.) Miq.,Yes,102,"Isolated, U ",MIA,,,,,,,,,,,,,,,,,,,,,,,,
spp. listed (1/121),Urophyllum,arboreum (Reinw. ex Blume) Korth,Yes,124,"""Simple qualitative methods"". Phytochemical screening",,,,Yes,124,,,,,,,,,,,,,,,,,,,,
NRIF (7 spp.),Valantia,,,,,,,,,,,,,,,,,,,,,,,,,,,,,
spp. listed (3/58),Vangueria,agrestis (Schweinf. ex Hiern) Lantz,Yes,59,"Detected (crude alkaloid extract), U",,,,Yes,59,,,Yes,Extraction,Vitro,Active,,Yes,"4 < IC50 < 10 μg/mL (crude alkaloidal, W2)",59,,,,,,,,,,
,Vangueria,infausta subsp. infausta,Yes,179,"Detected (Alkaloids show anticholinesterase properties), U",,,,Yes,"175, 205",,,Yes,Extraction,Vitro,Active,Active,Yes,"IC50 = 1.84 μg/mL (DCM R, NF54)",175,,,,,,,,,,
,Vangueria,madagascariensis J. F. Gmel.,,,,,,,Yes,176,,,Yes,"Extraction, Isolation",Vitro,Inactive,Weak [179],Yes,"IC50 = 13.36 & 33.98 μg/mL  (MeOH, D6 & 3D7) [189] IC50 = 3.29 & 4.53 μg/mL ( 4,5-dicaffeoyl quinic acid methyl ester, D6 & W2) [178]",178/189,Compounds tested [178],,,,,,,,,
NRIF (18 spp.),Vangueriella,,,,,,,,,,,,,,,,,,,,,,,,,,,,,
NRIF (4 spp.),Vangueriopsis,,,,,,,,,,,,,,,,,,,,,,,,,,,,,
NRIF (5 spp.),Vidalasia,,,,,,,,,,,,,,,,,,,,,,,,,,,,,
NRIF (11 spp.),Villaria,,,,,,,,,,,,,,,,,,,,,,,,,,,,,
NRIF (8 spp.),Virectaria,,,,,,,,,,,,,,,,,,,,,,,,,,,,,
NRIF (2 spp.),Wandersong,,,,,,,,,,,,,,,,,,,,,,,,,,,,,
spp. listed (1/8),Warszewiczia,coccinea (Vahl) Klotzsch,Yes,68,"Detected (Dragendorff), L",,,,,,,,Yes,Extraction,Vitro,Inactive,Inactive,Yes,"IC50 > 10 μg/mL (80% EtOH L & Br, W2)",158,,,,,,,,,,
,Wendlandia,burkillii Cowan,,,,,,,Yes,SB [198] [206],,,,,,,,,,,,,,,,,,,,
spp. listed (3/82),Wendlandia,heynei (Schult.) Santapau & Merchant,Yes,180,,,,,,,,,,,,,,,,,,,,,,,,,,
,Wendlandia,ligustroides (Boiss. & Hohen.) Blakelock,,,,,,,,,,,Yes,Extraction,Vitro,Active,Active,Yes,"IC50 = 3.1 μg/mL (CH3Cl A, K1)",13,,,,,,,,,,
spp. listed (1/1),Wittmackanthus,stanleyanus (M. R. Schomb.) Kuntze,Yes,68,"Detected (Dragendorff), L & Fl",,,,,,,,,,,,,,,,,,,,,,,,,
NRIF (32 spp.),Xanthophytum,,,,,,,,,,,,,,,,,,,,,,,,,,,,,
NRIF (1 sp.),Xantonneopsis,,,,,,,,,,,,,,,,,,,,,,,,,,,,,
NRIF (1 sp.),Zuccarinia,,,,,,,,,,,,,,,,,,,,,,,,,,,,,
