Name,Any_info,Genus,Species,Tested_for_Alkaloids,Ref_Alks,Alkaloids,Alkaloid_Subclass,Alkaloid_class_notes,History_Antimalarial,Ref_H_Mal,Tested_Antimalarial,Activity_Antimalarial,Authors_Activity_Label,Positive_Control_Used,Given_Activities,Ref_Activity,General_notes,MPNS_Sources,Details,Family
Acokanthera schimperi (A. DC.) Schweinf.,spp. listed (1/5),Acokanthera,schimperi (A. DC.) Schweinf.,,,,,,Yes,68,Yes,,Active,No,"34.8%, 600 mg/kg, 4 days, mice (MeOH L, P. berghei, ANKA)",67,in vivo,,,Apocynaceae
Adenium multiflorum Klotzsch,spp. listed (2/6),Adenium,multiflorum Klotzsch,Yes,69,"Detected (Wagner's reagent), A",,,,,,,,,,,,,,Apocynaceae
Adenium obesum (Forssk.) Roem. & Schult.,,Adenium,obesum (Forssk.) Roem. & Schult.,,,,,,,,Yes,Inactive,Inactive,Yes,"IC50 > 12.5 μg/mL (MeOH A, K1)",91,Quoted as inactive,,,Apocynaceae
Aganosma heynei (Spreng.) I. M. Turner,spp. listed (1/9),Aganosma,heynei (Spreng.) I. M. Turner,Yes,292,"Detected (phytochemical screening), R",,,,,,,,,,,,,,Apocynaceae
Alafia barteri Oliv.,spp. listed (3/26),Alafia,barteri Oliv.,Yes,71,"Detected (Dragendorff's reagent), R & L",,,Yes,71,Yes,Active,Active,Yes,"IC50 = 1.5 ± 0.7 μg/mL (aq L, CQS)",71,,,,Apocynaceae
Alafia caudata Stapf,,Alafia,caudata Stapf,Yes,72,"Isolated, R",Pyrrolizidine,,,,,,,,,,,,,Apocynaceae
Alafia multiflora (Stapf) Stapf,,Alafia,multiflora (Stapf) Stapf,Yes,72,"Isolated, U",Pyrrolizidine,,,,,,,,,,,,,Apocynaceae
Allamanda cathartica L.,spp. listed (2/15),Allamanda,cathartica L.,Yes,48/280,"Detected (various reagents), F & L & R & St",,,Yes,79,Yes,Active,Active,Yes,Ethanol Leaf extract shows similar concentration dependent in vivo antioxidant effects to tocopherol.,49,,,,Apocynaceae
Allamanda schottii Pohl,,Allamanda,schottii Pohl,Yes,50,"Detected (Dragendorff's & Mayer's), Fl",,,,,,,,,,,,,,Apocynaceae
Alstonia angustifolia Wall. ex A. DC.,spp. listed (14/44),Alstonia,angustifolia Wall. ex A. DC.,Yes,109,"Isolated, U",Bisindole; indole,,,,Yes,,Active,Yes,"ED50 = 2.92 μM (Villastonine, U)",109,More compounds tested,,,Apocynaceae
Alstonia angustiloba Miq.,,Alstonia,angustiloba Miq.,Yes,90,"Detected (Dragendorff's precipitation assay), L",,,,,Yes,Active,Active,Yes,"EC50 = 0.46 & > 10 μg/mL (DCM:MeOH L, K1 & 3D7) ",90,,,,Apocynaceae
Alstonia boonei De Wild.,,Alstonia,boonei De Wild.,Yes,128,"Isolated, SB",Indole,,Yes,128,Yes,Inactive,Active [110],Yes [110],"MIC = 0.2 mg/ml (EtOH SB, U) [110] IC50 > 50 μg/mL (EtOH SB, FcB1) [146] ",110/146,,,,Apocynaceae
Alstonia congensis Engl.,,Alstonia,congensis Engl.,Yes,111,"Isolated, SB",Indole,,,,Yes,Active,Active,Yes,"IC50 = 2.15 μg/mL (alkaloidal L, K1)",111,,,,Apocynaceae
Alstonia longifolia (A. DC.) Pichon,,Alstonia,longifolia (A. DC.) Pichon,Yes,38,"Detected (Paper chromatography), R",,,,,,,,,,,,,,Apocynaceae
Alstonia macrophylla Wall. ex G. Don,,Alstonia,macrophylla Wall. ex G. Don,Yes,108,"Isolated, RB",Bisindole,,,,Yes,Active,,,"IC50 = 5.7 μg/mL (MeOH RB, K1)",112,Compounds tested [258],,,Apocynaceae
Alstonia mairei H. Lév.,,Alstonia,mairei H. Lév.,Yes,247,"Isolated, L & T",Indole,,,,,,,,,,,,,Apocynaceae
Alstonia pneumatophora Backer ex Den berger,,Alstonia,pneumatophora Backer ex Den berger,Yes,247,"Detected (2D NMR & MS), L",,,,,,,,,,,,,,Apocynaceae
Alstonia rostrata C. E. C. Fisch.,,Alstonia,rostrata C. E. C. Fisch.,Yes,201,"Isolated, SB",Indole,,,,,,,,,,,,,Apocynaceae
Alstonia rupestris Kerr,,Alstonia,rupestris Kerr,Yes,108,"Isolated, A",Indole,,,,,,,,,,,,,Apocynaceae
Alstonia scholaris (L.) R. Br.,,Alstonia,scholaris (L.) R. Br.,Yes,88,"Detected (GC-MS), SB",,,Yes,79/88,Yes,Weak,Weak,Yes,"IC50 = 15.46 μg/mL (EtOH RB, 3D7)",88,,,,Apocynaceae
Alstonia spectabilis R. Br.,,Alstonia,spectabilis R. Br.,,,,,,Yes,88,Yes,Active,Active,Yes,"IC50 = 1.23 μg/mL (EtOH RB, 3D7).",88,,,,Apocynaceae
Alstonia venenata R. Br.,,Alstonia,venenata R. Br.,Yes,79,"Unclear (Go with Detected?), R",,,,,,,,,,,,,,Apocynaceae
Alstonia yunnanensis Diels,,Alstonia,yunnanensis Diels,Yes,247,"Isolated, U",Indole,,,,,,,,,,,,,Apocynaceae
Alyxia stellata (J. R. Forst. & G. Forst.) Roem. & Schult.,spp. listed (1/106),Alyxia,stellata (J. R. Forst. & G. Forst.) Roem. & Schult.,Yes,280,"Detected (various reagents), Br & F & L & S",,,,,Yes,Weak,Weak,Yes,"IC50 = 20 & >20 μg/mL (MeOH Wp, HB3 & FCB1)",73,,,,Apocynaceae
Ambelania acida Aubl.,spp. listed (1/3),Ambelania,acida Aubl.,Yes,65,"Detected (Dragendorff's), S",,,,,,,,,,,,,,Apocynaceae
Amphineurion marginatum (Roxb.) D. J. Middleton,All spp. listed (1/1),Amphineurion,marginatum (Roxb.) D. J. Middleton,Yes,72,"Isolated, R",Pyrrolizidine,,Yes,70,Yes,Weak,Inactive,Yes,"IC50 = 45.2 & 50 μg/mL (DCM B, W2 & THP1)",70,,,,Apocynaceae
Amsonia elliptica (Thunb.) Roem. & Schult.,spp. listed (3/16),Amsonia,elliptica (Thunb.) Roem. & Schult.,Yes,76,"Isolated, R",Indole,,,,,,,,,,,,,Apocynaceae
Amsonia tabernaemontana Walter,,Amsonia,tabernaemontana Walter,Yes,74,"Isolated, R",Bisindole,,,,,,,,,,,,,Apocynaceae
Amsonia tomentosa var. tomentosa,,Amsonia,tomentosa var. tomentosa,Yes,75,"Isolated, Wp",Indole; Piperidine,,,,,,,,,,,,,Apocynaceae
Anisopus mannii N. E. Br.,spp. listed (1/2),Anisopus,mannii N. E. Br.,Yes,77,"Isolated, B",Pyridine; quinoline,,,,,,,,,,,,,Apocynaceae
Anodendron affine (Hook. & Arn.) Druve,spp. listed (1/17),Anodendron,affine (Hook. & Arn.) Druve,Yes,78,"Isolated, L & S",pyrrolizidine,,,,,,,,,,,,,Apocynaceae
Apteranthes europaea (Guss.) Murb.,spp. listed (2/7),Apteranthes,europaea (Guss.) Murb.,Yes,96,"Detected (unclear), A",,,,,,,,,,,,,,Apocynaceae
Apteranthes tuberculata (N. E. Br.) Meve & Liede,,Apteranthes,tuberculata (N. E. Br.) Meve & Liede,,,,,,,,Yes,Active,Weak,Yes,"IC50 = 7.94 μg/mL (MeOH ext. pet. ether frac. A, K1)",91,,,,Apocynaceae
Asclepias curassavica L.,spp. listed (1/206),Asclepias,curassavica L.,Yes,51,"Detected (GC-MS), Wp",,,Yes,52,,,,,,,,,,Apocynaceae
Aspidosperma album (Vahl) Benoist ex Pichon,spp. listed (32/78),Aspidosperma,album (Vahl) Benoist ex Pichon,Yes,2,"Isolated, SB",indole,,Yes,1,,,,,,,,,,Apocynaceae
Aspidosperma auriculatum Markgr.,More info may be found from source 16,Aspidosperma,auriculatum Markgr.,Yes,5,"Unclear (isolated or detected?), U",,,Yes,1,,,,,,,,,,Apocynaceae
Aspidosperma carapanauba Pichon,,Aspidosperma,carapanauba Pichon,Yes,16,"Isolated, U",indole,,,,,,,,,,,,,Apocynaceae
Aspidosperma cuspa (Kunth) S. F. Blake ex Pittier,,Aspidosperma,cuspa (Kunth) S. F. Blake ex Pittier,Yes,7,"Isolated, B",indole,,Yes,1,,,,,,,,,,Apocynaceae
Aspidosperma cylindrocarpon Müll. Arg.,,Aspidosperma,cylindrocarpon Müll. Arg.,Yes,8,"Isolated, B",indole; pyrrolizidine,,,1,Yes,Weak,Weak,Yes,"IC50 = 44 & 39 μg/ml (EtOH TrW, W2 & 3D7)",295,,,,Apocynaceae
Aspidosperma desmanthum Benth. Ex Müll. Arg.,,Aspidosperma,desmanthum Benth. Ex Müll. Arg.,Yes,11,"Isolated, L & SB & RB",Indole; pyrrolizidine,,Yes,1,Yes,Active,Active,Yes,"IC50 = 0.007 μg/ml (aspidocarpine, K1)",300,Compound tested,,,Apocynaceae
Aspidosperma discolor A. DC.,,Aspidosperma,discolor A. DC.,Yes,4,"Isolated, SB",indole; indolizidine,,Yes,1,,,,,,,,,,Apocynaceae
Aspidosperma excelsum Benth. ex Müll. Arg.,,Aspidosperma,excelsum Benth. ex Müll. Arg.,Yes,3,"Isolated, B",indole; quinolizidine,,Yes,1,Yes,Active,Active [298],Yes [298],"IC50 = 42 μg/ml (EtOH TrB, 3D7) [23], IC50 = 3.60 & 3.34 & 2.32 μg/mL (EtOH & neutral frac. & alkaloid frac. B, W2) [298]",23/298,,,,Apocynaceae
Aspidosperma illustre (Vell.) Kuhim. & Piraja,,Aspidosperma,illustre (Vell.) Kuhim. & Piraja,Yes,40,"Isolated, SB",indole; quinolizidine,,,,,,,,,,,,,Apocynaceae
Aspidosperma macrocarpon Mart.,,Aspidosperma,macrocarpon Mart.,Yes,12,"Isolated, L",indole; indolizidine,,,,Yes,Active,Active,Yes,"IC50 = 4.9 μg/ml (EtOH RB, FcB1)",66,,,,Apocynaceae
Aspidosperma megalocarpon Müll. Arg.,,Aspidosperma,megalocarpon Müll. Arg.,Yes,13,"Isolated, RB",indole; indolizidine,,Yes,1,Yes,Active,Active,Yes,"IC50 = 8 & 25 μg/mL (MeOH TrB, D2 & F32)",294,Compounds also tested,,,Apocynaceae
Aspidosperma megaphyllum Woodson,,Aspidosperma,megaphyllum Woodson,,,,,,Yes,41,,,,,,,,,,Apocynaceae
Aspidosperma nigricans Handro,,Aspidosperma,nigricans Handro,Yes,5,"Isolated, TrB",indole; isoquinoline,,,,Yes,Active,Active [47],Yes [47],"IC50 =  1.2 μM (olivacine, K1 strain). [IC50 = 0.3 μg/mL]",46/47,"Compound tested (sp. contains olivacine [46], which is antimalarial [47]) ",,,Apocynaceae
Aspidosperma oblongum A. DC.,,Aspidosperma,oblongum A. DC.,Yes,5/16,"Isolated, U [5], Isolated, Se [16]",indole; quinolizidine,,Yes,1,Yes,Active,Active,Yes,"IC50 = 4.7425 & 0.8474 μg/ml (EtOH L+TrW+TrB, W2 & D6)",296,,,,Apocynaceae
Aspidosperma obscurinervium Azambuja,,Aspidosperma,obscurinervium Azambuja,Yes,9,"Isolated, B",indole; quinolizidine,,,,,,,,,,,,,Apocynaceae
Aspidosperma olivaceum Müll. Arg.,,Aspidosperma,olivaceum Müll. Arg.,Yes,5,"Isolated, TrB",indole; isoquinoline; for notes: ,unusual azabicyclononane structure,Yes,1,Yes,Active,Active,Yes,"IC50 = 5.0 - 7 & 5.0 - 25.5 μg/ml (DCM+EtOH L+TrW+TrB, W2 & 3D7)",295,,,,Apocynaceae
Aspidosperma pachypterum Müll. Arg.,,Aspidosperma,pachypterum Müll. Arg.,Yes,65,"Detected (Dragendorff's), A",,,,,,,,,,,,,,Apocynaceae
Aspidosperma parvifolium A. DC.,,Aspidosperma,parvifolium A. DC.,Yes,14,"Isolated, TrB",indole,,Yes,1,Yes,Active,Active [300],Yes [300],"IC50 = 32.8 & 20.5 μg/ml (EtOH TrB, W2 & 3D7) [1], IC50 = 0.018 μg/mL (ellipticine, K1) [300] ",1/300,"Compound also tested (uleine), see source notes. Ellipticine is compound tested [300]",,,Apocynaceae
Aspidosperma polyneuron Müll Arg.,,Aspidosperma,polyneuron Müll Arg.,Yes,16,"Isolated, U",indole; quinolizidine,,Yes,1,Yes,Active,Active,,"   (Total alkaloids TrB, P. cathemerium)",1,"No activity given, but quoted as active",,,Apocynaceae
Aspidosperma pyrifolium Mart.,,Aspidosperma,pyrifolium Mart.,Yes,5,"Isolated, U",indole; indolizidine,,Yes,1,Yes,Active,,,"IC50 = 3.2-28.5 μM (8 alkaloids, FcM29) [IC50 = 1.0 μg/mL]",297/306,Compounds tested. Specific activity values for each compound given in source 306,,,Apocynaceae
Aspidosperma quebracho-blanco Schltdl,,Aspidosperma,quebracho-blanco Schltdl,Yes,10,"Isolated, B",indole; indolizidine; quinolizidine ,unusual azabicyclononane structure,Yes,1,Yes,Active,Active,Yes,"IC50 = 3.9 & 1.22 μg/ml (EtOH:H2O 7:3 TrB, F32 & FBIT) ",33,Leaf extract inactive,,,Apocynaceae
Aspidosperma ramiflorum Müll. Arg.,,Aspidosperma,ramiflorum Müll. Arg.,Yes,15,"Detected (Dragendorff's), SB",,,Yes,1,Yes,Active,Active,Yes,"IC50 = 19.7 - 36.5 & 1.0 - 48.0 μg/ml (DCM+EtOH L+TrW+TrB, W2 & 3D7)",295,,,,Apocynaceae
Aspidosperma rigidum Rusby,,Aspidosperma,rigidum Rusby,Yes,17,"Isolated, L & B & R",indole; indolizidine,,Yes,1,Yes,Active,Active,Yes,"IC50 < 10 μg/ml (EtOH TrB, 3D7)",23,,,,Apocynaceae
Aspidosperma sandwithianum Markgr.,,Aspidosperma,sandwithianum Markgr.,Yes,39,"Isolated, SB",indole,unusual azabicyclononane structure,Yes,1,,,,,,,,,,Apocynaceae
Aspidosperma schultesii Woodson,,Aspidosperma,schultesii Woodson,Yes,17,"Isolated, B",indole; indolizidine,,Yes,1,,,,,,,,,,Apocynaceae
Aspidosperma spruceanum Benth. Ex Müll. Arg.,,Aspidosperma,spruceanum Benth. Ex Müll. Arg.,Yes,5,"Isolated, TrB",,,Yes,1,Yes,Active,Active,Yes,"IC50 =< 6.0 - 65.0 & <6.0 - >100 μg/ml (DCM+EtOH L+TrW+TrB, W2 & 3D7)",295,,,,Apocynaceae
Aspidosperma subincanum Mart,,Aspidosperma,subincanum Mart,Yes,5,"Isolated, TrB & cork",indole; isoquinoline; ,,Yes,204,Yes,Weak,,Yes,"IC50 = 25.28  ± 1.52 μg/mL (EtOH B, W2)",41,Compounds also tested,,,Apocynaceae
Aspidosperma tomentosum Mart,,Aspidosperma,tomentosum Mart,Yes,5/6,"Isolated, TrB [5] Isolated, B [6]",indole,,Yes,1,Yes,Active,Active,Yes,"IC50 = 6.7 μg/ml (DCM R, FcB1)",25,,,,Apocynaceae
Aspidosperma ulei Markg.,,Aspidosperma,ulei Markg.,Yes,16/299,"Isolated, RW [16], Isolated, RW & SB & RB [299]",indolizine; indole,,Yes,1,Yes,Active,Weak,Yes,"IC50 = 4.5 to > 50 μg/ml (5 alkaloids L+TrW+RW+RB, K1)",299,Compounds tested,,,Apocynaceae
Aspidosperma eburneum allemão ex Saldanha,,Aspidosperma,eburneum allemão ex Saldanha,Yes,5,"Isolated, B",indole; isoquinoline,,,,,,,,,,,,,Apocynaceae
Aspidosperma multiflorum A. DC.,,Aspidosperma,multiflorum A. DC.,Yes,5,"Isolated, U",indole; indolizidine,,,,,,,,,,,,,Apocynaceae
Aspidosperma pichonianum Woodson,,Aspidosperma,pichonianum Woodson,,,,,,,,,,,,,,,,,Apocynaceae
Bahiella infundibuliflora J. F. Morales,spp. listed (1/2),Bahiella,infundibuliflora J. F. Morales,Yes,144,"Detected (LC-MS), L",,,,,,,,,,,,,,Apocynaceae
Baissea axillaris (Benth.) Hua,spp. listed (1/18),Baissea,axillaris (Benth.) Hua,Yes,82,"Not detected (phytochemical test), L",,,,,,,,,,,,,,Apocynaceae
Beaumontia grandiflora Wall.,spp. listed (1/9),Beaumontia,grandiflora Wall.,Yes,83,"Isolated, S",Steroidal,,,,,,,,,,,,,Apocynaceae
Boucerosia diffusa (wight),spp. listed (1/8),Boucerosia,diffusa (wight),Yes,94,"Detected (phytochemical screening), A",,,,,,,,,,,,,,Apocynaceae
Bousigonia angustifolia Pierre ex Spire,spp. listed (2/3),Bousigonia,angustifolia Pierre ex Spire,Yes,84,"Isolated, T & L",monoterpenoid; indole; pyridine,,,,,,,,,,,,,Apocynaceae
Bousigonia mekongensis Pierre,,Bousigonia,mekongensis Pierre,Yes,84,"Isolated, T & L",monoterpenoid; indole,,,,,,,,,,,,,Apocynaceae
Buckollia volubilis (Schltr.) Venter & R. L. Verh.,spp. listed (1/2),Buckollia,volubilis (Schltr.) Venter & R. L. Verh.,,,,,,Yes,103,,,,,,,,,,Apocynaceae
Callichilia barteri (Hook. f.) Stapf,spp. listed (2/6),Callichilia,barteri (Hook. f.) Stapf,Yes,85,"Isolated, U",indole; piperidine,,,,,,,,,,,,,Apocynaceae
Callichilia subsessilis (Benth.) Stapf,,Callichilia,subsessilis (Benth.) Stapf,Yes,86,"Isolated, R",indole; indolizidine,,,,,,,,,,,,,Apocynaceae
Calotropis gigantea (L.) W. T. Aiton,spp. listed (2/3),Calotropis,gigantea (L.) W. T. Aiton,Yes,87/90,"Detected (phytochemical screening), L & S & Fl [90] Detected (dragendorff's precipitation assay), L",,,Yes,88,Yes,Active,Active [90],Yes [90],"IC50= 12.17  ± 1.18 μg/mL (MeOH L, 3D7) [87]  IC50 = 66.39 (EtOH R, 3D7) [88] IC50 = 0.97 & 3.29 μg/mL (DCM:MeOH L, K1 & 3D7) [90]",87/88/90,,,,Apocynaceae
Calotropis procera (Aiton) W. T. Aiton,,Calotropis,procera (Aiton) W. T. Aiton,Yes,89,"Isolated, U",,"Article quotes other articles, which I do not have access to",Yes,89,Yes,Active,Active [36],Yes [36],"IC50 < 25 μg/mL  (MeOH F, W2) [34]  IC50 = 2.5 μg/mL (EtOH L, 3D7) [36] IC50 = 110 & 520 μg/mL (EtOH , MRC 20 & MRC 76) [89]",34/36/89,,,,Apocynaceae
Caralluma adscendens var. adscendens,spp. listed (3/31),Caralluma,adscendens var. adscendens,Yes,291,"Detected (phytochemical screening), U",,,,,,,,,,,,,,Apocynaceae
Caralluma dalzielii N. E. Br.,,Caralluma,dalzielii N. E. Br.,Yes,274,"Detected (phytochemical screening), L [274] Isolated, Wp [307]",Pyridine,Nicotinoyl group as substituent on pregnane glycoside with big saccharide chains,,,,,,,,,,274.0,PubMed,Apocynaceae
Caralluma fimbriata Wall.,,Caralluma,fimbriata Wall.,Yes,93,"Detected (Phytochemical screening), Wp",,,,,,,,,,,,,,Apocynaceae
Carissa carandas L.,spp. listed (3/9),Carissa,carandas L.,Yes,105,"Detected (literature review), U",,,,,,,,,,,,,,Apocynaceae
Carissa macrocarpa (Eckl.) A. DC.,,Carissa,macrocarpa (Eckl.) A. DC.,Yes,104,"Not detected (Dragendorff's), L & S & R",,,,,,,,,,,,,,Apocynaceae
Carissa spinarum L.,,Carissa,spinarum L.,Yes,99,"Detected (Phytochemical screening), L & S & SB & F",,,Yes,97/98,Yes,Active,Active,Yes,"IC50 = 6.41 μg/mL (CHCl3 RB, D6)",97,,,,Apocynaceae
Cascabela thevetia (L.) Lippold,spp. listed (1/6),Cascabela,thevetia (L.) Lippold,Yes,37,"Detected (phytochemical screening), L",,,Yes,261,Yes,Inactive,Weak [159],Yes [159],"IC50 > 100 μg/ml (EtOH L, 3D7) [36] IC50= 58.83 μg/ml (EtOH Se, U) [159]",36/159,,,,Apocynaceae
Catharanthus pusillus (Murray) G. Don,spp. listed (2/9),Catharanthus,pusillus (Murray) G. Don,Yes,266,"Isolated, R & L",indole; quinolizidine,,,,,,,,,,,,,Apocynaceae
Catharanthus roseus (L.) G. Don,,Catharanthus,roseus (L.) G. Don,Yes,35,"Isolated, L",indole; quinolizidine,,Yes,79,Yes,Weak,Weak [36],Yes [36],"IC50 = 32.3 & 36.1 μg/ml (H2O L, D6 & W2) [34], IC50 = 16 μg/ml (EtOH Wp, 3D7) [36]",34/36,,,,Apocynaceae
Caudanthera edulis (Edgew.) Meve & Liede,spp. listed (2/4),Caudanthera,edulis (Edgew.) Meve & Liede,Yes,107,"Detected (Dragendorff's & Mayer's), U",,,Yes,275,,,,,,,,275.0,PubMed,Apocynaceae
Caudanthera sinaica (Decne.) Plowes,,Caudanthera,sinaica (Decne.) Plowes,,,,,,,,Yes,Inactive,Inactive,Yes," IC50 > 64.0 μg/mL (MeOH L, K1)",95,Inactive,,,Apocynaceae
Cerbera manghas L.,spp. listed (2/6),Cerbera,manghas L.,Yes,114,"Detected (unclear), U",,,Yes,114,,,,,,,,,,Apocynaceae
Cerbera odollam Gaertn.,,Cerbera,odollam Gaertn.,Yes,115,"Detected (Mayer's), L",,,,,,,,,,,,,,Apocynaceae
Ceropegia bulbosa Roxb.,spp. listed (4/420),Ceropegia,bulbosa Roxb.,Yes,118,"Isolated, R",Pyridine,,,,,,,,,,,,,Apocynaceae
Ceropegia juncea Roxb.,,Ceropegia,juncea Roxb.,Yes,117,"Isolated, Wp",Pyridine,,,,,,,,,,,,,Apocynaceae
Ceropegia media (H. Huber) Ansari,,Ceropegia,media (H. Huber) Ansari,Yes,121,"Detected (GC-MS), U",,,,,,,,,,,,,,Apocynaceae
"Ceropegia sahyadrica var. karulensis (Punekar, Tamhankar, Lakshmin., Kumaran, Raut, S. K. Srivast. & Kavade) Kambale & S. R. Yadav",,Ceropegia,"sahyadrica var. karulensis (Punekar, Tamhankar, Lakshmin., Kumaran, Raut, S. K. Srivast. & Kavade) Kambale & S. R. Yadav",Yes,120,"Detected (GC-MS), L & Tuber",,,,,,,,,,,,,,Apocynaceae
Chilocarpus costatus Miq.,spp. listed (1/14),Chilocarpus,costatus Miq.,,,,,,,,Yes,Active,Active,Yes,"IC50 = 1.3 ± 1.5 μg/mL (CHCl3 S, K1)",122,,,,Apocynaceae
Chloropetalum denticulatum (Vahl) Morillo,spp. listed (1/4),Chloropetalum,denticulatum (Vahl) Morillo,Yes,53,"Detected (Dragendorff's & Wagner's), La",,,,,,,,,,,,,,Apocynaceae
Chonemorpha fragrans (Moon) Alston,spp. listed (1/10),Chonemorpha,fragrans (Moon) Alston,Yes,124,"Isolated, R",Steroidal,,,,,,,,,,,,,Apocynaceae
Condylocarpon isthmicum (Vell.) A. DC.,spp. listed (1/7),Condylocarpon,isthmicum (Vell.) A. DC.,,,,,,,,Yes,Inactive,Inactive,Yes,Inactive/low activity,66,"Authors reported only high activities, but tested more. Could be anything above around 20 μg/mL",,,Apocynaceae
Cosmostigma cordatum (Poir.) M. R. Almeida,spp. listed (1/3),Cosmostigma,cordatum (Poir.) M. R. Almeida,Yes,119,"Detected (unclear), U",,,,,,,,,,,,,,Apocynaceae
Craspidospermum verticillatum Bojer ex Decne.,All spp. listed (1/1),Craspidospermum,verticillatum Bojer ex Decne.,Yes,126,"Isolated, U",indole; quinolizidine,,,,,,,,,,,,,Apocynaceae
Crioceras dipladeniiflorus (Stapf) K. Schum.,All spp. listed (1/1),Crioceras,dipladeniiflorus (Stapf) K. Schum.,Yes,126,"Isolated, L",indole; quinolizidine,unusual azabicyclononane structure,,,,,,,,,,,,Apocynaceae
Cryptolepis apiculata K. Schum.,spp. listed (9/42),Cryptolepis,apiculata K. Schum.,Yes,284,"Not detected (Dragendorff's), L",,,,,,,,,,,,,,Apocynaceae
Cryptolepis buchananii R. Br. ex Roem. & Schult.,,Cryptolepis,buchananii R. Br. ex Roem. & Schult.,Yes,119,"Detected (unclear), U",,,,,,,,,,,,,,Apocynaceae
Cryptolepis capensis Schltr.,,Cryptolepis,capensis Schltr.,Yes,284,"Not detected (Dragendorff's), L",,,,,,,,,,,,,,Apocynaceae
Cryptolepis cryptolepioides (SChltr.) Bullock,,Cryptolepis,cryptolepioides (SChltr.) Bullock,Yes,284,"Not detected (Dragendorff's), L",,,,,,,,,,,,,,Apocynaceae
Cryptolepis decidua (Planch. ex Benth.) N. E. Br.,,Cryptolepis,decidua (Planch. ex Benth.) N. E. Br.,Yes,150,"Detected (MS), U",,,,,,,,,,,,,,Apocynaceae
Cryptolepis hypoglauca K. Schum.,,Cryptolepis,hypoglauca K. Schum.,Yes,284,"Detected (Dragendorff's), L",,,,,,,,,,,,,,Apocynaceae
Cryptolepis nigrescens (Wennberg) L. Joubert & Bruyns,,Cryptolepis,nigrescens (Wennberg) L. Joubert & Bruyns,Yes,290,"Detected (Dragendorff's & Mayer's & Wagner's), L",,,Yes,193,Yes,Weak,Weak,Yes,"IC50 = 21.2 ± 3.0 μg/mL (EtOH L, FcB1) ",146,,,,Apocynaceae
Cryptolepis obtusa N. E. Br.,,Cryptolepis,obtusa N. E. Br.,Yes,284,"Not detected (Dragendorff's), L",,,,,,,,,,,,,,Apocynaceae
Cryptolepis sanguinolenta (Lindl.) Schltr.,,Cryptolepis,sanguinolenta (Lindl.) Schltr.,Yes,127,"Isolated, R",indole; quinoline; isoquinoline,,Yes,128,Yes,Active,Active,Yes,"IC50 = 0.19 & 0.56 & 1.48 μM (DMSO cryptolepine, F32 & FcB1 & FcR3)  [IC50 = 0.0 μg/mL]",127,Compound tested,,,Apocynaceae
Cynanchum maximoviczii Pobed.,spp. listed (2/256),Cynanchum,maximoviczii Pobed.,Yes,132,"Isolated, R",Steroidal; pyridine,,,,,,,,,,,,,Apocynaceae
Cynanchum wilfordii (Maxim.) Hook. f.,,Cynanchum,wilfordii (Maxim.) Hook. f.,Yes,131,"Isolated, R",Steroidal; pyridine,,,,,,,,,,,,,Apocynaceae
Decalepis arayalpathra (J. Joseph & V. Chandras.) Venter,spp. listed (3/5),Decalepis,arayalpathra (J. Joseph & V. Chandras.) Venter,Yes,139,"Detected (phytochemical screening), R",,,,,,,,,,,,,,Apocynaceae
Decalepis hamiltonii Wight & Arn.,,Decalepis,hamiltonii Wight & Arn.,Yes,293,"Detected (Dragendorff's), R",,,,,,,,,,,,,,Apocynaceae
Decalepis nervosa (Wight & Arn.) Venter,,Decalepis,nervosa (Wight & Arn.) Venter,Yes,138,"Detected (phytochemical screening), L",,,,,,,,,,,,,,Apocynaceae
Desmidorchis penicillata (Deflers) Plowes,spp. listed (2/14),Desmidorchis,penicillata (Deflers) Plowes,,,,,,,,Yes,Active,,Yes,"IC50 = 6.7 ± 0.9 μg/mL (MeOH U, K1)",92,,,,Apocynaceae
Desmidorchis retrospiciens Ehrenb.,,Desmidorchis,retrospiciens Ehrenb.,,,,,,,,Yes,Inactive,Inactive,Yes,"IC50 > 12.5 μg/mL (MeOH A, K1)",91,Quoted as inactive,,,Apocynaceae
Dictyophleba lucida (K. Schum) Pierre,spp. listed (1/6),Dictyophleba,lucida (K. Schum) Pierre,Yes,140,"Detected (unclear), U",,,,,,,,,,,,,,Apocynaceae
Diplorhynchus condylocarpon (Müll. Arg.) Pichon,All spp. listed (1/1),Diplorhynchus,condylocarpon (Müll. Arg.) Pichon,,,,,,Yes,125,Yes,Inactive,Inactive,Yes," IC50 > 100 μg/mL (DCM R, D10)",100,Inactive,,,Apocynaceae
Dischidia formosana Maxim.,spp. listed (1/126),Dischidia,formosana Maxim.,Yes,237,"Isolated, U",isoquinoline,,,,,,,,,,,,,Apocynaceae
Ditassa eximia Decne.,spp. listed (2/114),Ditassa,eximia Decne.,Yes,144,"Detected (tentative LC-MS), L",,,,,,,,,,,,,,Apocynaceae
Ditassa lenheirensis Silveira,,Ditassa,lenheirensis Silveira,Yes,144,"Detected (tentative LC-MS), L",,,,,,,,,,,,,,Apocynaceae
Dyera costulata (Miq.) Hook. F.,spp. listed (1/2),Dyera,costulata (Miq.) Hook. F.,Yes,90,"Detected (Dragendorff's precipitation assay), L",,,,,Yes,Active,Active,Yes,"EC50 = 7.52 & 2.13 μg/mL (DCM:MeOH L, K1 & 3D7)",90,,,,Apocynaceae
Echites panduratus,spp. listed (2/14),Echites,panduratus,Yes,282,"Isolated, R",Pyrrolizidine,,,,,,,,,,,,,Apocynaceae
Echites umbellatus Jacq.,,Echites,umbellatus Jacq.,Yes,143,"Detected (LC-MS/MS), L & Ne & Sa",,,,,,,,,,,,,,Apocynaceae
Eucorymbia alba Stapf,All spp. listed (1/1),Eucorymbia,alba Stapf,Yes,144,"Detected (LC-MS), L",,,,,,,,,,,,,,Apocynaceae
Fischeria stellata (Vell.) E. Fourn.,spp. listed (1/8),Fischeria,stellata (Vell.) E. Fourn.,Yes,53,"Detected (Dragendorff's & Wagner's), La",,,,,,,,,,,,,,Apocynaceae
Funtumia africana (Benth.) Stapf,All spp. listed (2/2),Funtumia,africana (Benth.) Stapf,,,,,,Yes,148,Yes,,Active,Yes,"68.1 ± 9.0% inhibition at 10 μg/mL (EtOAc L, FcB1)",149,"In vitro, paper didn’t give IC50 values",,,Apocynaceae
Funtumia elastica (Preuss) Stapf,,Funtumia,elastica (Preuss) Stapf,Yes,145,"Isolated, SB",Steroidal; simple amine; pyrrolidine,,Yes,147,Yes,Active,Active,Yes,"IC50 = 3.3 μg/mL (EtOH SB, FcB1)",145,Compounds tested [258],,,Apocynaceae
Galactophora schomburgkiana,spp. listed (1/6),Galactophora,schomburgkiana,Yes,144,"Detected (LC-MS), L",,,,,,,,,,,,,,Apocynaceae
Geissospermum argenteum Woodson,All spp. listed (5/5),Geissospermum,argenteum Woodson,,,,,,Yes,19,Yes,,,,"Active as a preventative, 83% inhibition in (intra)hepatic stage",20,,,,Apocynaceae
Geissospermum laeve (Vell.) Miers,,Geissospermum,laeve (Vell.) Miers,Yes,18,"Isolated, SB",indole; quinolizidine,unusual azabicyclononane structure,Yes,18,Yes,Active,Active,Yes,"IC50 = 2.22 μg/mL (MeOH SB, D10)",18,"used commonly as a prophylactic [20], like geissospermum argentum. Compounds tested [258]",,,Apocynaceae
Geissospermum sericeum Miers,,Geissospermum,sericeum Miers,Yes,21,"Isolated, B",indole; quinolizidine,unusual azabicyclononane structure,Yes,21,Yes,Active,[21],Yes [21],"IC50 = 1.78 μg/mL (90% v/v MeOH B, K1) [21], IC50 = 5.6 & 2.2 (EtoH U, W2 & D6) [296]",21/296,Compounds tested [258],,,Apocynaceae
Geissospermum urceolatum A. H. Gentry,,Geissospermum,urceolatum A. H. Gentry,Yes,45,"Detected? (refers to total alkaloidal fraction), B",,,,,,,,,,,,,,Apocynaceae
Geissospermum reticulatum A. H. Gentry,,Geissospermum,reticulatum A. H. Gentry,Yes,24,"Isolated, B",indole; indolizidine,,,,,,,,,,,,,Apocynaceae
Gomphocarpus fruticosus (l.) W. T. Aiton,spp. listed (2/20),Gomphocarpus,fruticosus (l.) W. T. Aiton,,,,,,,,Yes,Weak,Inactive [100],Yes [100],"IC50 > 64 μg/mL (MeOH U, K1) [92] IC50 = 26 μg/mL (DCM:MeOH 1:1 F, D10) [100]",92/100,,,,Apocynaceae
Gomphocarpus semilunatus A. Rich.,,Gomphocarpus,semilunatus A. Rich.,,,,,,Yes,34,Yes,Weak,Weak,Yes,"IC50 = 27.2 μg/mL (MeOH Wp, W2)",34,,,,Apocynaceae
Gongronema napalense (Wall.) Decne.,spp. listed (1/10),Gongronema,napalense (Wall.) Decne.,,,,,,,,Yes,Active,Active,Yes,"IC50 = 2.33 & 2.02 μg/mL (gongroneside A, D6 & W2)",153,Compound tested,,,Apocynaceae
Gonioma kamassi E. Mey.,All spp. listed (2/2),Gonioma,kamassi E. Mey.,Yes,156,"Isolated, B",indole,unusual azabicyclononane structure,,,,,,,,,,,,Apocynaceae
Gonioma malagasy Markgr. & Boiteau,,Gonioma,malagasy Markgr. & Boiteau,Yes,155,"Isolated, SB",indole; indolizidine,unusual azabicyclononane structure,,,Yes,Active,Weak,,"IC50 = 2.8 μM (goniomedine B, FcB1) [IC50 = 1.8 μg/mL]",155,Compound tested,,,Apocynaceae
Gymnema decaisneanum Wight,spp. listed (5/34),Gymnema,decaisneanum Wight,Yes,158,"Detected (Dragendorff's & Hager's), L & S & R",,,,,,,,,,,,,,Apocynaceae
Gymnema elegans Wight & Arn.,,Gymnema,elegans Wight & Arn.,Yes,158,"Detected (Dragendorff's & Hager's), L & S & R",,,,,,,,,,,,,,Apocynaceae
Gymnema inodorum (Lour.) Decne.,,Gymnema,inodorum (Lour.) Decne.,,,,,,,,Yes ,,Active,,"52.28%, 100 mg/kg, mice (aq L, P. berghei ANKA)",157,in vivo,,,Apocynaceae
Gymnema latifolium Wall. ex Wight,,Gymnema,latifolium Wall. ex Wight,Yes,158,"Detected (Dragendorff's & Hager's), L & S & R",,,,,,,,,,,,,,Apocynaceae
Gymnema sylvestre (Retz.) R. Br. ex Sm.,,Gymnema,sylvestre (Retz.) R. Br. ex Sm.,Yes,119/158,"Detected (unclear), U [119] Detected (Dragendorff's & Hager's), L & S & R [158]",,,,,Yes ,Inactive,Inactive,Yes,"IC50 = 69.3 μg/mL (MeOH Climber, W2)",101,,,,Apocynaceae
Hancornia speciosa Gomes,All spp. listed (1/1),Hancornia,speciosa Gomes,Yes,160,"Detected (phytochemical screening), L",,,,,Yes,Inactive,Inactive,Yes,Inactive/low activity,66,"Authors reported only high activities, but tested more. Could be anything above around 20 μg/mL",,,Apocynaceae
Haplophyton cimicidum A. DC.,Al spp. listed (2/2),Haplophyton,cimicidum A. DC.,Yes,162,"Isolated, Wp",indole; indolizidine,,,,,,,,,,,,,Apocynaceae
Haplophyton crooksi (L. D. Benson) L. D. Benson,,Haplophyton,crooksi (L. D. Benson) L. D. Benson,Yes,161,"Isolated, Wp",indole; piperidine,,,,,,,,,,,,,Apocynaceae
Hemidesmus indicus (L.) R. Br.,All spp. listed (1/1),Hemidesmus,indicus (L.) R. Br.,Yes,119,"Detected (unclear), U",,,,,Yes,Inactive,Inactive,Yes,"IC50 > 100 μg/mL (EtOAc R, 3D7)",163,,,,Apocynaceae
Himatanthus articulatus (Vahl) Woodson,,Himatanthus,articulatus (Vahl) Woodson,Yes,30,"Detected (phytochemical screening), La ",,,Yes,19/28/54,Yes,Weak,Active [29],Yes [29],"IC50 > 10 μg/ml (EtOH B, F32 & D2) [22]  IC50 = 22.9 μg/ml (DCM B, W2 strain) [29]",22/29,"Authors reported only high activities, but tested more, hence this could be anything above 10 μg/mL [22]",,,Apocynaceae
Himatanthus attenuatus (Benth.) Woodson,spp. listed (7/9),Himatanthus,attenuatus (Benth.) Woodson,Yes,43,"Detected (GC-MS), R",,,,,,,,,,,,,,Apocynaceae
Himatanthus bracteatus (A. DC.) Woodson,,Himatanthus,bracteatus (A. DC.) Woodson,Yes,27,"Detected (HPLC), SB",,,,,,,,,,,,,,Apocynaceae
Himatanthus obovatus (Müll. Arg.) Woodson,,Himatanthus,obovatus (Müll. Arg.) Woodson,,,,,,,,Yes,Inactive,Inactive,Yes,Inactive/low activity,66,"Authors reported only high activities, but tested more. Could be anything above around 20 μg/mL",,,Apocynaceae
Himatanthus revolutus (Huber) Spina & Kin.-Gouv.,,Himatanthus,revolutus (Huber) Spina & Kin.-Gouv.,,,,,,Yes,54,,,,,,,,,,Apocynaceae
Himatanthus tarapotensis (K. Schum. Ex Markgr.) Plumel,,Himatanthus,tarapotensis (K. Schum. Ex Markgr.) Plumel,Yes,44,"Detected (Bertrand's & Dragendorff's & Mayer's & Wagner's), U",,,,,,,,,,,,,,Apocynaceae
Himatanthus drasticus (Mart.) Plumel,,Himatanthus,drasticus (Mart.) Plumel,Yes,31,"Detected (phytochemical screening), B",,,,,,,,,,,,,,Apocynaceae
Holarrhena congolensis Stapf,All spp. listed (5/5),Holarrhena,congolensis Stapf,Yes,167,"Isolated, U",Steroidal; simple amine; pyrrolidine,,,,,,,,,,,,,Apocynaceae
Holarrhena curtisii King & Gamble,,Holarrhena,curtisii King & Gamble,Yes,168,"Isolated, L",Steroidal; simple amine,aminoglycosteroids and aminosteroids,,,,,,,,,,,,Apocynaceae
Holarrhena floribunda (G. Don) T. Durand & Schinz,,Holarrhena,floribunda (G. Don) T. Durand & Schinz,Yes,166,"Detected (MS, GC & TLC), Callus",,,Yes,200,,,,,,,,,,Apocynaceae
Holarrhena mitis (Vahl) R. Br. Ex Roem. & Schult.,,Holarrhena,mitis (Vahl) R. Br. Ex Roem. & Schult.,,,,,,,,,,,,,,"3 studies on the alkaloids of this species were found, but they were all in french & full texts could not be located online.",,,Apocynaceae
Holarrhena pubescens Wal. ex G. Don,,Holarrhena,pubescens Wal. ex G. Don,Yes,36,"Detected (chemical analysis), U",,,Yes,125,Yes,Active,Active,No,"IC50 = 4.5 μg/mL (EtOH B, 3D7)",36,,,,Apocynaceae
Hoodia gordonii (Masson) Sweet ex Decne.,spp. listed (1/13),Hoodia,gordonii (Masson) Sweet ex Decne.,Yes,169,"Detected (Wagner's reagent), Wp",,,,,,,,,,,,,,Apocynaceae
Hoya verticillata var. verticillata,spp. listed (1/541),Hoya,verticillata var. verticillata,Yes,170,"Detected (Dragendorff's & Hager's & Mayer's & Wagner's), S",,,,,,,,,,,,,,Apocynaceae
Hunteria umbellata (K. Schum.) Hallier f.,spp. listed (2/12),Hunteria,umbellata (K. Schum.) Hallier f.,Yes,286,"Detected (phytochemical screening), F",,,Yes,147,Yes,Active,Active,Yes,"IC50 = 2.2 ± 0.9 μg/mL (EtOH U, FcB1)",147,,,,Apocynaceae
Hunteria zeylanica (Retz.) Gardner ex Thwaites,,Hunteria,zeylanica (Retz.) Gardner ex Thwaites,Yes,171,"Isolated, B",indole; quinolizidine,,,,Yes,Active,Active,Yes,"IC50 = 0.05 μM (bisnicalaterine C, 3D7)  [IC50 = 0.0 μg/mL]",171,specific isolated chemicals were tested,,,Apocynaceae
Ichnocarpus frutescens,spp. listed (1/3),Ichnocarpus,frutescens,Yes,172,"Detected (phytochemical studies), U",,,,,,,,,,,,,,Apocynaceae
Ischnolepis natalensis (Schltr.) Venter,spp. listed (1/2),Ischnolepis,natalensis (Schltr.) Venter,Yes,144,"Detected (tentative LC-MS), L",,,,,,,,,,,,,,Apocynaceae
Kanahia laniflora (Forssk.) R. Br.,spp. listed (1/2),Kanahia,laniflora (Forssk.) R. Br.,,,,,,,,Yes,Weak,,Yes,"IC50 = 27.9 ± 4.9 μg/mL (MeOH U, K1)",173,,,,Apocynaceae
Kibatalia laurifolia (Ridl.) Woodson,spp. listed (2/15),Kibatalia,laurifolia (Ridl.) Woodson,Yes,174,"Isolated, L",Steroidal; simple amine,,,,,,,,,,,,,Apocynaceae
Kibatalia macrophylla (Pierre ex Hua) Woodson,,Kibatalia,macrophylla (Pierre ex Hua) Woodson,Yes,277,"Isolated, L",Steroidal; simple amine,,,,,,,,,,,277.0,PubMed,Apocynaceae
Kopsia arborea Blume,spp. listed (16/24),Kopsia,arborea Blume,Yes,177,"Isolated, U",indole; indolizidine; pyrrolidine,An N atom located within a 10-membered ring,,,,,,,,,,,,Apocynaceae
Kopsia dasyrachis Ridl.,,Kopsia,dasyrachis Ridl.,Yes,176,"Isolated, L",indole; indolizidine; quinoline,,,,Yes,Active,Active,Yes,"IC50 = 4.62 & > 50 μg/mL (DCM:MeOH L, Gombak A & D10)",113,,,,Apocynaceae
Kopsia deverrei L. Allorge,,Kopsia,deverrei L. Allorge,Yes,187,"Isolated, SB",monoterpene; indole; quinolizidine; ,,,,,,,,,,,,,Apocynaceae
Kopsia flavida Blume,,Kopsia,flavida Blume,Yes,183,"Isolated, L",indole; indolizidine,,,,,,,,,,,,,Apocynaceae
Kopsia fruticosa (Roxb.) A. DC.,,Kopsia,fruticosa (Roxb.) A. DC.,Yes,79/90,"Source claims all species in genus contain alkaloids [79] Detected (dragendorff's precipitation assay), L [90]",,,Yes,79,Yes,Active,Active,Yes,"EC50 = 1.01 μg/mL (MeOH L, K1) Inactive against 3D7",90,,,,Apocynaceae
Kopsia grandifolia D. J. Middleton,,Kopsia,grandifolia D. J. Middleton,Yes,186,"Isolated, L & S",indole,N on ring junction of 5- & 8- membered rings,,,,,,,,,,,,Apocynaceae
Kopsia griffithii King & Gamble,,Kopsia,griffithii King & Gamble,Yes,179,"Isolated, L",indole; pyridine; quinolizidine; indolizidine,,,,,,,,,,,,,Apocynaceae
Kopsia hainanensis Tsiang,,Kopsia,hainanensis Tsiang,Yes,178,"Isolated, S",indole; indolizidine,,,,,,,,,,,,,Apocynaceae
Kopsia lapidilecta Sleesen,,Kopsia,lapidilecta Sleesen,Yes,189,"Isolated, B & L",indole; indolizidine,N on ring junction of 5- & 8- membered rings & 10 membered heterocycle,,,,,,,,,,,,Apocynaceae
Kopsia larutensis King & Gamble,,Kopsia,larutensis King & Gamble,Yes,182,"Isolated, L",indole; quinolizidine,,,,,,,,,,,,,Apocynaceae
Kopsia macrophylla Hook. f.,,Kopsia,macrophylla Hook. f.,Yes,188,"Isolated, U",piperidine,,,,,,,,,,,,,Apocynaceae
Kopsia pauciflora Hook. f.,,Kopsia,pauciflora Hook. f.,Yes,180,"Isolated, L",indole; indolizidine,,,,,,,,,,,,,Apocynaceae
Kopsia profunda Markgr.,,Kopsia,profunda Markgr.,Yes,185,"Isolated, S",indole; indolizidine,,,,,,,,,,,,,Apocynaceae
Kopsia singapurensis Ridl.,,Kopsia,singapurensis Ridl.,Yes,184,"Isolated, U",quinoline; piperidine; indolizidine; pyrrolidine,,,,,,,,,,,,,Apocynaceae
Kopsia tenuis Leenh. & Steems,,Kopsia,tenuis Leenh. & Steems,Yes,181,"Isolated, L",indole,N on ring junction of 5- & 8- membered rings,,,,,,,,,,,,Apocynaceae
Kopsia teoi L. Allorge,,Kopsia,teoi L. Allorge,Yes,175,"Isolated, S",peptide; indolizidine,peptide essentially has carbonyl instead of connecting bond to complete an indole ring,,,,,,,,,,,,Apocynaceae
Lacmellea panamensis (Woodson) Markgr.,spp. listed (1/24),Lacmellea,panamensis (Woodson) Markgr.,,,,,,,,Yes,,,,"IC50 > 10 μg/mL (80% EtOH L, W2)",303,,,,Apocynaceae
Landolphia buchananii (Hallier f.) Stapf,spp. listed (6/63),Landolphia,buchananii (Hallier f.) Stapf,,,,,,Yes,102,,,,,,,,,,Apocynaceae
Landolphia dulcis (Sabine ex G. Don) Pichon,,Landolphia,dulcis (Sabine ex G. Don) Pichon,,,,,,,,Yes,Weak,Weak,Yes,"IC50 = 31  μg/mL (EtOH W, K1)",192,,,,Apocynaceae
Landolphia heudelotii A. DC.,,Landolphia,heudelotii A. DC.,,,,,,,,Yes,Active,Active,Yes,"IC50 = 0.5 μg/mL (DCM L, K1)",194,,,,Apocynaceae
Landolphia owariensis P. Beauv.,,Landolphia,owariensis P. Beauv.,Yes,190,"Detected (phytochemical screening), L",,,Yes,190,Yes,,Active,Yes,"51.71%, 200 mg/kg, 5 days, mice (MeOH L, P. berghei NK65)",190,A potent propylactic effect was observed,,,Apocynaceae
Landolphia uniflora (Stapf) Pichon,,Landolphia,uniflora (Stapf) Pichon,Yes,195,"Detected (Dragendorff's & Mayer's & Wagner's), L & SB ",,,,,,,,,,,,,,Apocynaceae
Landolphia lanceolata (K. Schum.) Pichon,,Landolphia,lanceolata (K. Schum.) Pichon,,,,,,Yes,191,Yes,Weak,Weak,Yes,"IC50 = 11 ± 4 μg/mL (DCM R, FcM29)",191,,,,Apocynaceae
Laubertia boissieri A. DC.,spp. listed (1/4),Laubertia,boissieri A. DC.,Yes,144,"Detected (LC-MS), L",,,,,,,,,,,,,,Apocynaceae
Leptadenia lanceolata (Poir.) Goyder,spp. listed (4/6),Leptadenia,lanceolata (Poir.) Goyder,Yes,198,"Detected (Dragendorff's), R",,,Yes,106,,,,,,,,,,Apocynaceae
Leptadenia lanceolata var. lanceolata,,Leptadenia,lanceolata var. lanceolata,,,,,,Yes,249,,,,,,,,,,Apocynaceae
Leptadenia madagascariensis Decne.,,Leptadenia,madagascariensis Decne.,,,,,,Yes,196,Yes,Active,Weak,Yes,"IC50 = 9 μg/mL (DCM A, W2)",196,,,,Apocynaceae
Leptadenia pyrotechnica (Forssk.) Decne.,,Leptadenia,pyrotechnica (Forssk.) Decne.,Yes,197,"Detected (GC-MS), A",,,,,,,,,,,,,,Apocynaceae
Leptadenia reticulata (Retz.) Wight & Arn.,,Leptadenia,reticulata (Retz.) Wight & Arn.,Yes,199,"Detected (""st&ard biochemical procedure""), Callus & Cell culture",,,,,,,,,,,,,,Apocynaceae
Leuconotis eugeniifolia (Wall. ex G. Don) A. DC.,spp. listed (2/4),Leuconotis,eugeniifolia (Wall. ex G. Don) A. DC.,Yes,308,"Isolated, L",indole; indolizidine; quinolizidine; peptide,peptide essentially has carbonyl instead of connecting bond to complete an indole ring,,,Yes,Active,Active,Yes,"IC50 = 3.0 ± 1.3 μg/mL (CHCl3 L, K1) ",122,,,,Apocynaceae
Leuconotis griffithii Hook. f.,,Leuconotis,griffithii Hook. f.,Yes,123,"Isolated, L",indole; indolizidine,,,,Yes,Active,Active,Yes,"IC50 = 0.007 μM (bisleucocurine, 3D7)  [IC50 = 0.0 μg/mL]",123,bisleucocurine (alkaloid) & 5 other isolated compounds were tested for antimalarial properties,,,Apocynaceae
Macoubea guianensis Aubl.,spp. listed (1/3),Macoubea,guianensis Aubl.,Yes,202,"Isolated, Se",indole; indolizidine; ,,,,,,,,,,,,,Apocynaceae
"Macropharynx isthmica (Woodson) J. F. Morales, M. E. Endress & Liede",spp. listed (2/15),Macropharynx,"isthmica (Woodson) J. F. Morales, M. E. Endress & Liede",Yes,144,"Detected (LC-MS), L",,,,,,,,,,,,,,Apocynaceae
"Macropharynx peltata (Vell.) J. F. Morales, M. E. Endress & Liede",,Macropharynx,"peltata (Vell.) J. F. Morales, M. E. Endress & Liede",Yes,144,"Detected (LC-MS), L",,,,,,,,,,,,,,Apocynaceae
Malouetia arborea (Vell.) Miers,spp. listed (4/31),Malouetia,arborea (Vell.) Miers,Yes,203,"Isolated, U",steroidal; pyrrolidine,,,,,,,,,,,,,Apocynaceae
Malouetia bequaertiana Woodson,,Malouetia,bequaertiana Woodson,Yes,203,"Isolated, U",steroidal; quarternary amine; pyrrolidine; ,,,,,,,,,,,,,Apocynaceae
Malouetia glandulifera Miers,,Malouetia,glandulifera Miers,Yes,203,"Detected (unclear), U",Steroidal; simple amine,,,,,,,,,,,,,Apocynaceae
Malouetia tamaquarina (Aubl.) A. DC.,,Malouetia,tamaquarina (Aubl.) A. DC.,Yes,203,"Isolated, U",steroidal; pyrrolidine,,,,,,,,,,,,,Apocynaceae
Mandevilla boliviensis (J. J. Veitch),spp. listed (1/179),Mandevilla,boliviensis (J. J. Veitch),Yes,144,"Detected (tentative LC-MS), L",,,,,,,,,,,,,,Apocynaceae
Marsdenia cundurango Rchb. f.,spp. listed (7/296),Marsdenia,cundurango Rchb. f.,Yes,205,"Isolated, B",Pyridine,,,,,,,,,,,,,Apocynaceae
Marsdenia edulis S. Watson,,Marsdenia,edulis S. Watson,Yes,154,"Detected (GC-MS & total alkaloid count), L",,,,,,,,,,,,,,Apocynaceae
Marsdenia glabra Constantin,,Marsdenia,glabra Constantin,Yes,144,"Detected (LC-MS), L",,,,,,,,,,,,,,Apocynaceae
Marsdenia latifolia (Benth.) K. Schum,,Marsdenia,latifolia (Benth.) K. Schum,Yes,154,"Detected (GC-MS & total alkaloid count), L",,,Yes,151,Yes,Active,Active,Yes,"IC50 = 36.27, 9.45 & 7.05 μg/mL (MeOH several frac. S & R, W2)",151,,,,Apocynaceae
Marsdenia rostrata R. Br.,,Marsdenia,rostrata R. Br.,Yes,81,"Isolated, U",Steroidal; pyridine,,,,,,,,,,,,,Apocynaceae
Marsdenia tenacissima (Roxb.) Moon,,Marsdenia,tenacissima (Roxb.) Moon,Yes,206,"Detected (phytochemical screening), R",,,,,,,,,,,,,,Apocynaceae
Marsdenia tinctoria R. Br.,,Marsdenia,tinctoria R. Br.,Yes,144,"Detected (tentative LC-MS), L",,,,,,,,,,,,,,Apocynaceae
Melodinus acutiflorus F. Muell.,spp. listed (11/24),Melodinus,acutiflorus F. Muell.,Yes,211,"Isolated, L",,,,,,,,,,,,,,Apocynaceae
Melodinus aeneus Baill.,,Melodinus,aeneus Baill.,Yes,210,"Isolated, U",indole; indolizidine; pyridine; oxazole,,,,,,,,,,,,,Apocynaceae
Melodinus australis (F. Muell.) Pierre,,Melodinus,australis (F. Muell.) Pierre,Yes,210,"Isolated, U",indole; quarternary amine; quinolizidine; indolizidine,"unusual azabicyclononane structure, also 9-membered heterocycle",,,,,,,,,,,,Apocynaceae
Melodinus axillaris W. T. Wang,,Melodinus,axillaris W. T. Wang,Yes,210,"Isolated, U",indole; indolizidine; quinolizidine; piperidine; pyridine; oxazole,,,,,,,,,,,,,Apocynaceae
Melodinus balansae Baill.,,Melodinus,balansae Baill.,Yes,212,"Isolated, SB & A",indole; indolizidine; quinolizidine; ,,,,,,,,,,,,,Apocynaceae
Melodinus cochinchinensis (Lour.) Merr.,,Melodinus,cochinchinensis (Lour.) Merr.,Yes,150,"Isolated, U",monoterpene; indole; indolizidine; peptide,"peptide essentially has carbonyl instead of connecting bond to complete an indole ring, unusual N atom in ring junction between 6 membered and 7 membered rings",,,,,,,,,,,,Apocynaceae
Melodinus fusiformis Champ. ex Benth.,,Melodinus,fusiformis Champ. ex Benth.,Yes,201,"Isolated, U",indole; indolizidine; quinolizidine,,,,,,,,,,,,,Apocynaceae
Melodinus philliraeoides Labill.,,Melodinus,philliraeoides Labill.,Yes,210,"Isolated, L",indole; indolizidine; quinolizidine; pyridine; isoxazole; quinoline; tertiary amine,,,,,,,,,,,,,Apocynaceae
Melodinus reticulatus Boiteau,,Melodinus,reticulatus Boiteau,Yes,210,"Isolated, U",indole; indolizidine,,,,,,,,,,,,,Apocynaceae
Melodinus scandens J.R.Forst & G.Forst,,Melodinus,scandens J.R.Forst & G.Forst,Yes,209,"Isolated, S & L",indole; indolizidine; quinolizidine,,,,,,,,,,,,,Apocynaceae
Melodinus tenuicaudatus Tsiang & P. T. Li,,Melodinus,tenuicaudatus Tsiang & P. T. Li,Yes,208,"Isolated, U",indole; quinolizidine; indolizidine,,,,,,,,,,,,,Apocynaceae
Metastelma harleyi Fontella,spp. listed (1/100),Metastelma,harleyi Fontella,Yes,144,"Detected (tentative LC-MS), L",,,,,,,,,,,,,,Apocynaceae
Microplumeria anomala (Müll. Arg.) Markgr.,All spp. listed (1/1),Microplumeria,anomala (Müll. Arg.) Markgr.,Yes,213,"Isolated, B",indole; indolizidine,,,,,,,,,,,,,Apocynaceae
Minaria magisteriana (Rapini) T. U. P. Konno & Rapini,spp. listed (1/22),Minaria,magisteriana (Rapini) T. U. P. Konno & Rapini,Yes,144,"Detected (tentative LC-MS), L",,,,,,,,,,,,,,Apocynaceae
Mondia whitei (Hook. f.) Skeels,spp. listed (1/2),Mondia,whitei (Hook. f.) Skeels,,,,,,Yes,103,Yes,Inactive,Inactive,Yes,"IC50 > 1000 μg/mL (50% EtOH R, 3D7)",214,,,,Apocynaceae
Monolluma quadrangula (Forssk.) Plowes,spp. listed (1/5),Monolluma,quadrangula (Forssk.) Plowes,,,,,,,,Yes,Weak,,Yes,"IC50 = 27.5  ± 4.3 μg/mL (MeOH U, K1)",173,,,,Apocynaceae
Motandra paniculata (Poir.) I. M. Turner,spp. listed (1/3),Motandra,paniculata (Poir.) I. M. Turner,,,,,,Yes,147,Yes,Weak,Weak,Yes,"IC50 = 16.3 ± 1.8 μg/mL (EtOH U, FcB1)",147,,,,Apocynaceae
Nerium oleander L.,All spp. listed (1/1),Nerium,oleander L.,Yes,116,"Detected (Dragendorff's precipitation assay), L",,,Yes,79,,,,,,,,,,Apocynaceae
Ochrosia alyxioides Guillaumin,,Ochrosia,alyxioides Guillaumin,Yes,225,"Isolated, L",,,,,,,,,,,,,,Apocynaceae
Ochrosia compta K. Schum.,,Ochrosia,compta K. Schum.,Yes,222,"Isolated, TrB & RB",indole; indolizidine; quarternary amine; ,,,,,,,,,,,,,Apocynaceae
Ochrosia miana Baill. ex Guillaumin,,Ochrosia,miana Baill. ex Guillaumin,Yes,220,"Isolated, B",indole; quinolizidine,,,,,,,,,,,,,Apocynaceae
Ochrosia moorei (F. Muell.) Benth.,,Ochrosia,moorei (F. Muell.) Benth.,Yes,226,"Isolated, S & L",indole; pyridine; isoquinoline,,,,Yes,Active,,,"IC50 = 0.007 μM (aspidocarpine, MDR K1) [IC50 = 0.0 μg/mL]",258,Compound only tested,,,Apocynaceae
Ochrosia nakaiana (Koidz.) Koidz. ex H. Hara,,Ochrosia,nakaiana (Koidz.) Koidz. ex H. Hara,Yes,224,"Isolated, B",indole; piperidine; quinolizidine; monoterpenoid; quarternary amine,,,,,,,,,,,,,Apocynaceae
Ochrosia poweri F. M. Bailey,,Ochrosia,poweri F. M. Bailey,Yes,223,"Isolated, L",indole; quinolizidine,,,,,,,,,,,,,Apocynaceae
Ochrosia acuminata Trimen ex Valeton,spp. listed (13/44),Ochrosia,acuminata Trimen ex Valeton,Yes,219,"Isolated, R",indole; quinolizidine; isoquinoline,,,,,,,,,,,,,Apocynaceae
Ochrosia borbonica J. F. Gmel.,,Ochrosia,borbonica J. F. Gmel.,Yes,217,"Isolated, S & L",indole; quinolizidine,,,,,,,,,,,,,Apocynaceae
Ochrosia elliptica Labill.,,Ochrosia,elliptica Labill.,Yes,216,"Isolated, cell suspension culture",indole; quinolizidine,8-membered ring w/ N atom (with 2 atom bridge - N atom as rin-junction),,,,,,,,,,,,Apocynaceae
Ochrosia glomerata (Blume) F. Muell,,Ochrosia,glomerata (Blume) F. Muell,,,,,,,,Yes,Active,Active,Yes,"IC50 = 2.7 & 7.1 μg/mL (MeOH R, D6 & W2)",215,,,,Apocynaceae
Ochrosia mulsantii Montrouz.,,Ochrosia,mulsantii Montrouz.,Yes,218,"Isolated, L",indole; quinolizidine; isoquinoline,,,,,,,,,,,,,Apocynaceae
Ochrosia oppositifolia (Lam.) K. Schum.,,Ochrosia,oppositifolia (Lam.) K. Schum.,Yes,201,"Isolated, B",indole; pyridine,,,,,,,,,,,,,Apocynaceae
Ochrosia silvatica Däniker,,Ochrosia,silvatica Däniker,Yes,221,"Isolated, TrB",indole; isoquinoline; quinolizidine,8-membered ring w/ N atom (with 2 atom bridge - N atom as rin-junction),,,,,,,,,,,,Apocynaceae
Oncinotis nitida Benth.,spp. listed (2/7),Oncinotis,nitida Benth.,Yes,228,"Isolated, SB & RB",spermidine,seventeen membered lactam ring; ,,,,,,,,,,,,Apocynaceae
Oncinotis tenuiloba Stapf,,Oncinotis,tenuiloba Stapf,Yes,227,"Isolated, L",spermidine,,,,,,,,,,,,,Apocynaceae
Oxypetalum banksii R. Br. ex Schult.,spp. listed (1/135),Oxypetalum,banksii R. Br. ex Schult.,Yes,53,"Detected (Dragendorff's & Wagner's), La",,,,,,,,,,,,,,Apocynaceae
Pachypodium lamerei Drake,spp. listed (1/22),Pachypodium,lamerei Drake,Yes,229,"Detected (tentative LC-MS), L",,,,,,,,,,,,,,Apocynaceae
Parahancornia fasciculata (Poir.) Benoist,spp. listed (1/7),Parahancornia,fasciculata (Poir.) Benoist,Yes,230,"Isolated, B",indole; quinolizidine,,Yes,42,Yes,Inactive,Weak,Yes,"IC50 > 62.0 ± 1.92 μM (lupeol,W2)",42,lupeol (& its synthesised derivatives) are NOT alkaloids,,,Apocynaceae
Parsonsia alboflavescens (Denst.) Mabb.,spp. listed (5/85),Parsonsia,alboflavescens (Denst.) Mabb.,Yes,143,"Detected (LC-MS), L & Ne & Sa & Se",,,,,,,,,,,,,,Apocynaceae
Parsonsia eucalyptophylla F. Muell.,,Parsonsia,eucalyptophylla F. Muell.,Yes,143,"Detected (LC-MS), U",,,,,,,,,,,,,,Apocynaceae
Parsonsia heterophylla A. Cunn.,,Parsonsia,heterophylla A. Cunn.,Yes,143,"Detected (LC-MS), U",,,,,,,,,,,,,,Apocynaceae
Parsonsia oligantha (K. Schum.) D. J. Middleton,,Parsonsia,oligantha (K. Schum.) D. J. Middleton,Yes,143,"Detected (LC-MS), L",,,,,,,,,,,,,,Apocynaceae
Parsonsia straminea (R. Br.) F. Muell,,Parsonsia,straminea (R. Br.) F. Muell,Yes,143,"Detected (LC-MS), L & Fl",,,,,,,,,,,,,,Apocynaceae
Pattalias palustris (Pursh) Fishbein,spp. listed (1/2),Pattalias,palustris (Pursh) Fishbein,Yes,144,"Detected (tentative LC-MS), L",,,,,,,,,,,,,,Apocynaceae
Pentalinon andrieuxii (Müll. Arg.) B. F. Hansen & Wunderlin,spp. listed (1/2),Pentalinon,andrieuxii (Müll. Arg.) B. F. Hansen & Wunderlin,,,,,,,,Yes,Weak,Active,Yes,"IC50 = 22.5 μM (betulinic acid, F32) [IC50 = 10.3 μg/mL]",231,Compound tested,,,Apocynaceae
Pentatropis capensis (L. f.) Bullock,spp. listed (1/4),Pentatropis,capensis (L. f.) Bullock,Yes,119,"Detected (unclear), U",,,,,,,,,,,,,,Apocynaceae
Pentopetia albicans (Jum. & H. Perrier) Klack.,spp. listed (1/23),Pentopetia,albicans (Jum. & H. Perrier) Klack.,Yes,284,"Not detected (Dragendorff's), L",,,,,,,,,,,,,,Apocynaceae
Peplonia adnata (E. Fourn.) U. C. S. Silva & Rapini,spp. listed (2/9),Peplonia,adnata (E. Fourn.) U. C. S. Silva & Rapini,Yes,144,"Detected (tentative LC-MS), L",,,,,,,,,,,,,,Apocynaceae
Peplonia axillaris (Vell.) Fontella & Rapini,,Peplonia,axillaris (Vell.) Fontella & Rapini,Yes,53,"Detected (Dragendorff's & Wagner's), La",,,,,,,,,,,,,,Apocynaceae
Pergularia daemia (Forssk.) Chiov.,All spp. listed (2/2),Pergularia,daemia (Forssk.) Chiov.,Yes,119,"Detected (unclear), U",,,Yes,148,Yes,Inactive,Inactive,Yes,"IC50 = 203.8 & 244.1 μg/mL (MeOH B, 3D7 & K1)",165,,,,Apocynaceae
Pergularia daemia subsp. daemia,,Pergularia,daemia subsp. daemia,Yes,234,"Detected (TLC - unspecified reagent), Wp",,,,,,,,,,,,,,Apocynaceae
Pergularia tomentosa L.,,Pergularia,tomentosa L.,Yes,235,"Detected (standard procedure, L & S",,,,,,,,,,,,,,Apocynaceae
Periploca hydaspidis Falc.,spp. listed (3/17),Periploca,hydaspidis Falc.,Yes,236,"Detected (Mayer's), S & R",,,,,,,,,,,,,,Apocynaceae
Periploca linearifolia Quart.-Dill. & A. Rich,,Periploca,linearifolia Quart.-Dill. & A. Rich,,,,,,Yes,103,Yes,Inactive,Inactive,Yes,"IC50 > 100 μg/mL (aq RB, D6 & W2)",34,,,,Apocynaceae
Periploca somaliensis Browicz,,Periploca,somaliensis Browicz,,,,,,,,Yes,Inactive,Inactive,Yes,"IC50 > 12.5 μg/mL (MeOH A, K1)",91,Quoted as inactive,,,Apocynaceae
Petchia ceylanica (Wight) Livera,spp. listed (3/8),Petchia,ceylanica (Wight) Livera,Yes,238,"Isolated, L",indole; indolizidine,,,,,,,,,,,,,Apocynaceae
Petchia cryptophlebia (Baker) Leeuwenb.,,Petchia,cryptophlebia (Baker) Leeuwenb.,Yes,279,"Isolated, U",indole; indolizidine,,Yes,279,,,,,,,,279.0,PubMed,Apocynaceae
Petchia erythrocarpa (Vatke) Leeuwenb.,,Petchia,erythrocarpa (Vatke) Leeuwenb.,,,,,,Yes,278,,,,,,,,278.0,PubMed Central,Apocynaceae
Picralima nitida (Stapf) T. Durand & H. Durand,All spp. listed (1/1),Picralima,nitida (Stapf) T. Durand & H. Durand,Yes,128,"Isolated, U",indole; quinolizidine,,Yes,128,Yes,Weak,Weak,,"IC50 = 10.9 μg/ml (MeOH Se, W2)",239,Compound tested [258],,,Apocynaceae
Pleiocarpa mutica Benth.,spp. listed (3/6),Pleiocarpa,mutica Benth.,Yes,240/241,"Isolated, R [240], Isolated, SB [241]",indole; indolizidine; quinolizidine,,Yes,240,Yes,Weak,Weak,Yes,"IC50 = 16.7 μg/ml (MeOH R, K1)",240,,,,Apocynaceae
Pleiocarpa pycnantha (K. Schum.) Stapf,,Pleiocarpa,pycnantha (K. Schum.) Stapf,Yes,241,"Isolated, R & B & L & RB",indole; indolizidine; quinolizidine,,,,,,,,,,,,,Apocynaceae
Pleiocarpa rostrata Benth.,,Pleiocarpa,rostrata Benth.,Yes,241,"Isolated, L & SB & B & RB",pyridine; quinoline; indole; tropane; indolizidine; quinolizidine; ,,,,,,,,,,,,,Apocynaceae
Pleioceras barteri Baill.,spp. listed (1/5),Pleioceras,barteri Baill.,Yes,207,"Detected (phytochemical screening), U",,,,,,,,,,,,,,Apocynaceae
Plumeria alba L.,spp. listed (5/19),Plumeria,alba L.,,,,,,Yes ,79/88,Yes,Active,Weak,Yes,"IC50 = 36.39 μg/ml (EtOH SB, 3D7)",88,,,,Apocynaceae
Plumeria obtusa L.,,Plumeria,obtusa L.,Yes,116,"Detected (Dragendorff's precipitation assay), L",,,,,,,,,,,,,,Apocynaceae
Plumeria pudica Jacq.,,Plumeria,pudica Jacq.,Yes,244,"Detected (phytochemical screening), U",,,,,,,,,,,,,,Apocynaceae
Plumeria rubra L.,,Plumeria,rubra L.,Yes,140,"Isolated, U",unclear,,Yes,261,Yes,Active,Active,,"EC50 = 2.678 & 2.389 μg/ml (hydro-alcoholic Sh, 3D7 & RKL - 9)",242,,,,Apocynaceae
Plumeria sericifolia C. Wright ex Griseb.,,Plumeria,sericifolia C. Wright ex Griseb.,Yes,243,"Isolated, U",piperidine,,,,,,,,,,,,,Apocynaceae
Prestonia amabilis J. F. Morales,spp. listed (5/65),Prestonia,amabilis J. F. Morales,Yes,143,"Detected (unclear), R & L & Fl",,,,,,,,,,,,,,Apocynaceae
Prestonia amazonica (Benth. ex Müll. Arg.) J. F. Macbr.,,Prestonia,amazonica (Benth. ex Müll. Arg.) J. F. Macbr.,Yes,245,"Detected (unclear), L",,,,,,,,,,,,,,Apocynaceae
Prestonia erecta J. F. Morales,,Prestonia,erecta J. F. Morales,Yes,144,"Detected (LC-MS), L",,,,,,,,,,,,,,Apocynaceae
Prestonia portobellensis (Beurl.) Woodson,,Prestonia,portobellensis (Beurl.) Woodson,Yes,143,"Detected (unclear), S & L & Fl",,,,,,,,,,,,,,Apocynaceae
Prestonia quinquangularis (Jacq.) Spreng.,,Prestonia,quinquangularis (Jacq.) Spreng.,Yes,143,"Detected (unclear), L",,,,,,,,,,,,,,Apocynaceae
Prestonia spp. Megagros (Vell.) Woodson,,Prestonia,spp. Megagros (Vell.) Woodson,Yes,65,"Detected (Dragendorff's), A",,,,,,,,,,,,,,Apocynaceae
Pteralyxia laurifolia (G. Don) Leeuwenb.,spp. listed (1/2),Pteralyxia,laurifolia (G. Don) Leeuwenb.,Yes,281,"Detected (various reagents), L",,,,,,,,,,,,,,Apocynaceae
Rauvolfia caffra Sond.,spp. listed (9/74),Rauvolfia,caffra Sond.,,,,,,,,Yes,Weak,Weak,Yes,"IC50 = 26.5 μg/mL (DCM F, D10)",100,,,,Apocynaceae
Rauvolfia mombasiana Stapf,,Rauvolfia,mombasiana Stapf,Yes,283,"Isolated, SB",indole; quinolizidine,,Yes,98,Yes,Weak,,,"100 < IC50 < 499 & 10 < IC50 < 49 & 10 < IC50 < 49 μg/mL (petrol ether & DCM & MeOH SB, K1) [305]",98/305,Article cited is DOI: 10.1055/s-2006-960984,,,Apocynaceae
Rauvolfia pentaphylla Huber ex Ducke,,Rauvolfia,pentaphylla Huber ex Ducke,Yes,64,"Unclear (detected or isolated?), RB. This source has more info but is illegible",,,,,,,,,,,contains reserpine (alkaloid),,,Apocynaceae
Rauvolfia sandwicensis A. DC.,,Rauvolfia,sandwicensis A. DC.,Yes,280,"Detected (various reagents), B",,,,,,,,,,,,,,Apocynaceae
Rauvolfia sprucei Müll. Arg.,,Rauvolfia,sprucei Müll. Arg.,Yes,65,"Detected (Dragendorff's), A",,,,,,,,,,,,,,Apocynaceae
Rauvolfia sumatrana Jack,,Rauvolfia,sumatrana Jack,Yes,142,"Isolated, B",indole; quinolizidine,,,,,,,,,,,,,Apocynaceae
Rauvolfia tetraphylla L.,,Rauvolfia,tetraphylla L.,Yes,63,"Isolated, A",indole; quinolizidine; pyridine; quarternary amine,tropane-like structure but 8 membered ring instead of 7,Yes,79,,,,,,,,,,Apocynaceae
Rauvolfia verticillata (Lour.) Baill.,,Rauvolfia,verticillata (Lour.) Baill.,Yes,201,"Isolated, R & Rh",,Unsure whether to put piperidine or quinoline,Yes,79,,,,,,,,,,Apocynaceae
Rauvolfia vomitoria Wennberg,,Rauvolfia,vomitoria Wennberg,Yes,128,"Detected (phytochemical screening), U",,,Yes,128,Yes,Active,Active,Yes,"IC50 = 2.5  ± 1.0 μg/mL (EtOH RB, FcB1)",146,,,,Apocynaceae
Rhazya stricta Decne.,spp. listed (1/2),Rhazya,stricta Decne.,Yes,246,"Isolated, L",indolizidine; quinolizidine; indole,unusual azabicyclononane structure,,,,,,,,,,,,Apocynaceae
Saba comorensis (Bojer ex A. DC.) Pichon,spp. listed (1/3),Saba,comorensis (Bojer ex A. DC.) Pichon,,,,,,Yes,103,,,,,,,,,,Apocynaceae
Schizozygia coffeoides Baill.,All spp. listed (1/1),Schizozygia,coffeoides Baill.,Yes,201,"Isolated, U",indolizidine; quinolizidine; indole,,,,Yes,Weak,Weak,Yes,"IC50 = 10.5 μg/mL (MeOH L, W2)",101,,,,Apocynaceae
Secamone afzelii (Reom. & Schult.) K. Schum.,spp. listed (2/139),Secamone,afzelii (Reom. & Schult.) K. Schum.,Yes,251,"Detected (phytochemical screening), L",,,Yes,200,Yes,Active,Active,Yes,"IC50  = 6.48 ± 1.25 & > 20 μg/mL (DCM A, 3D7 & K1)",250,,,,Apocynaceae
Secamone alpini Schult.,,Secamone,alpini Schult.,Yes,119,"Detected (unclear), U",,,,,,,,,,,,,,Apocynaceae
Skytanthus acutus Meyen,spp. listed (1/3),Skytanthus,acutus Meyen,Yes,252,"Isolated, L",piperidine,skytanthus,,,,,,,,,,,,Apocynaceae
Solenostemma oleifolium (Nectoux) Bullock & E. A. Bruce ex Maire,All spp. listed (1/1),Solenostemma,oleifolium (Nectoux) Bullock & E. A. Bruce ex Maire,Yes,253,"Detected (Mayer's), L & Se",,,,,,,,,,,,,,Apocynaceae
Stapelia hirsuta L.,spp. listed (1/31),Stapelia,hirsuta L.,Yes,254,"Isolated, A",simple amine; quaternary amine,,,,,,,,,,,,,Apocynaceae
Strempeliopsis strempelioides Benth.,spp. listed (1/2),Strempeliopsis,strempelioides Benth.,Yes,255,"Isolated, R",indole; quinolizidine; indolizidine; ,,,,,,,,,,,,,Apocynaceae
Streptocaulon juventas (Lour.) Merr.,spp. listed (1/5),Streptocaulon,juventas (Lour.) Merr.,,,,,,Yes,256,Yes,Active,Active,,"EC50 = 4.2 μg/mL (MeOH R, FCR-3)",256,,,,Apocynaceae
Strophanthus eminii Asch. ex Pax,spp. listed (3/39),Strophanthus,eminii Asch. ex Pax,,,,,,Yes,257,Yes,,Weak,Yes,"ID50 = 1560 mg/kg, mice (80% EtOH U, CQS) ",257,"Had to change up the format here unfortunately. Only gives ID50, no other info given.",276.0,PubMed Central,Apocynaceae
Strophanthus hispidus DC.,,Strophanthus,hispidus DC.,Yes,276,"Detected (unclear), U",,,Yes,152,,,,,,,,,,Apocynaceae
Strophanthus wallichii A. DC.,,Strophanthus,wallichii A. DC.,Yes,259,"Detected (GC-MS), R",,,,,,,,,,,,,,Apocynaceae
Tabernaemontana alternifolia L.,Revisit 201 source for more info on alkaloids,Tabernaemontana,alternifolia L.,Yes,201,"Isolated, U",quinoline; indolizidine,,,,,,,,,,,,,Apocynaceae
Tabernaemontana arborea Rose,,Tabernaemontana,arborea Rose,Yes,55,"Detected (GC-MS), R & TrB",,,,,,,,,,,,,,Apocynaceae
Tabernaemontana bovina Lour.,,Tabernaemontana,bovina Lour.,Yes,201,"Isolated, Wp",indole,fused 6 & 7 membered rings with N on ring junction; 11 membered ring?,,,,,,,,,,,,Apocynaceae
Tabernaemontana bufalina Lour.,,Tabernaemontana,bufalina Lour.,Yes,208,"Isolated, S",indole; monoterpenoid,7 membered ring w/ N on ring junction,,,,,,,,,compounds coronaridine & voacangine exhibit same AChE inhibition activities as galantamine,,,Apocynaceae
Tabernaemontana catharinensis A. DC.,,Tabernaemontana,catharinensis A. DC.,Yes,59,"Isolated, U",indole; peptide; piperidine; quinolizidine; isoquinoline; indolizidine; ,fused 6 & 8 membered rings with N on ring junction; 10 membered ring?,,,Yes,Inactive,Inactive,Yes,Inactive/low activity,66,"Authors reported only high activities, but tested more. Could be anything above around 20 μg/mL",,,Apocynaceae
Tabernaemontana coriacea Link ex Reom. & Schult.,,Tabernaemontana,coriacea Link ex Reom. & Schult.,Yes,59,"Isolated, U",indole; indolizidine; ,10 membered N ring; fused 6 & 7 membered rings with N on ring junction,,,,,,,,,,,,Apocynaceae
Tabernaemontana corymbosa Roxb. ex Wall.,,Tabernaemontana,corymbosa Roxb. ex Wall.,Yes,247,"Isolated, Sb",monoterpenoid; indole,,,,,,,,,,,,,Apocynaceae
Tabernaemontana cymosa (Jacquin) Dug&,,Tabernaemontana,cymosa (Jacquin) Dug&,Yes,60,"Isolated, Se",indole; indolizidine; quinolizidine,fused 6 & 7 membered rings with N on ring junction,Yes,22,Yes,Inactive,Inactive,Yes,"IC50 > 10 μg/mL (EtOH B, D2 & F32)",22,Quoted as inactive,,,Apocynaceae
Tabernaemontana divaricata (L.) R. Br. ex Roem. & Schult.,,Tabernaemontana,divaricata (L.) R. Br. ex Roem. & Schult.,Yes,56,"Isolated, SB",indole; indolizidine,7 membered heterocycle; fused 6 & 7 membered rings with N on ring junction,Yes ,79,,,,,,,,,,Apocynaceae
Tabernaemontana donnell-smithii Rose,,Tabernaemontana,donnell-smithii Rose,Yes,55,"Detected (GC-MS), R & TrB",,,,,,,,,,,contains vocamine,,,Apocynaceae
Tabernaemontana elegans Stapf,,Tabernaemontana,elegans Stapf,Yes,56,"Isolated, U",indole; piperidine; pyridine; simple amine,nitrile; 10 membered N ring with 1 atom bridge; fused 6 & 7 membered rings with N on ring junction,Yes,125,Yes,Weak,Weak,No,"IC50 = 59.0 & 26.9 μg/mL (hex & DCM L, 3D7) [301] IC50 = 0.331 & 0.834 μg/mL (DCM & 50% MeOH SB, NF54)",301/304,,,,Apocynaceae
Tabernaemontana heterophylla Vahl,,Tabernaemontana,heterophylla Vahl,Yes,58/59,"Isolated, RW [58] Isolated, U [59]",indole; piperidine; quinolizidine; isoquinoline; monoterpenoid,7 membered ring w/ N on ring junction,,,,,,,,,,,,Apocynaceae
Tabernaemontana hystrix Steud.,,Tabernaemontana,hystrix Steud.,Yes,59/302,"Isolated, U [59] Isolated, SB & RB & Se",indole; quinolizidine; piperidine; isoquinoline,fused 6 & 8 membered rings with N on ring junction; 8 membered ring with 1 atom bridge (N on bridge junction); 10 membered N ring;,Yes,26,Yes,Active,Active [302],,"IC50 = 411 nM (voacamine, CQR) [26], IC50 = 495 & 671 ng/mL (crude alkaloid SB, D6 & W2 strains) [302]",26/302,Compound tested [26] & [302],,,Apocynaceae
Tabernaemontana laeta Mart.,,Tabernaemontana,laeta Mart.,Yes,59,"Isolated, U",indole; piperidine; quinolizidine; isoquinoline,10 membered N ring; fused 6 & 7 membered rings with N on ring junction,,,,,,,,,,,,Apocynaceae
Tabernaemontana linkii A. DC.,,Tabernaemontana,linkii A. DC.,,,,,,,,,,,,,,,,,Apocynaceae
Tabernaemontana litoralis Kunth.,,Tabernaemontana,litoralis Kunth.,,,,,,,,,,,,,,,,,Apocynaceae
Tabernaemontana markgrafiana J. F. Macbr.,,Tabernaemontana,markgrafiana J. F. Macbr.,Yes,62,"Isolated, B",monoterpenoid; indole; quinolizidine,7 membered ring w/ N on ring junction,,,,,,,,,,,,Apocynaceae
Tabernaemontana pachysiphon Stapf,,Tabernaemontana,pachysiphon Stapf,Yes,56,"Isolated, L & R & SB",indole; indolizidine; monoterpenoid;,,,,Yes,Active,Active,Yes,"IC50 = 4.8 & 3.9 μg/mL (aq & MeOH F, D6) & IC50 = 4.4 μg/mL (aq F, W2)",101,,,,Apocynaceae
"Tabernaemontana panamensis (Markgr., Boiteua & L. Allorge) Leeuwenb.",,Tabernaemontana,"panamensis (Markgr., Boiteua & L. Allorge) Leeuwenb.",,,,,,,,Yes,,,,"IC50 > 10 & > 10  μg/mL (80% EtOH L & S, W2)",303,,,,Apocynaceae
Tabernaemontana pandacaqui Poir.,,Tabernaemontana,pandacaqui Poir.,Yes,56,"Detected (source refers to alkaloid fraction), S",,,Yes,88,,,,,,,,,,Apocynaceae
Tabernaemontana peduncularis Wall.,,Tabernaemontana,peduncularis Wall.,,,,,,,,Yes,Active,Active,Yes,"IC50 = 1.1 ± 1.0 μg/mL (CHCl3 S, K1)",122,,,,Apocynaceae
Tabernaemontana sananho Ruiz & Pav.,,Tabernaemontana,sananho Ruiz & Pav.,Yes,61,"Isolated, L",indole; monoterpenoid; piperidine,7 membered ring w/ N on ring junction; 8 membered N ring,,,,,,,,,,,,Apocynaceae
Tabernaemontana sessilifolia Baker,,Tabernaemontana,sessilifolia Baker,Yes,201,"Isolated, Sb",indole; monoterpenoid,7 membered heterocycle w/ N atom on ring junction (3 membered ring),,,Yes,Active,Active,Yes,"IC50 = 1.2 μM (tabernaelegantine D, FcB1) [IC50 = 0.8 μg/mL]",201,Compounds tested,,,Apocynaceae
Tabernaemontana siphilitica (L.f.) Leeuwenb.,,Tabernaemontana,siphilitica (L.f.) Leeuwenb.,Yes,59,"Isolated, U",indole; quinoline,fused 6 & 7 membered rings with N on ring junction,,,,,,,,,,,,Apocynaceae
Tabernaemontana solanifolia A. DC.,,Tabernaemontana,solanifolia A. DC.,Yes,59,"Isolated, U ",indole; quinolizidine,fused 6 & 8 membered rings with N on ring junction,,,,,,,,,,,,Apocynaceae
Tabernaemontana stapfiana Britten,,Tabernaemontana,stapfiana Britten,Yes,288,"Detected (phytochemical screening), U",,,,,,,,,,,,,,Apocynaceae
Tabernaemontana alba Mill.,spp. listed (33/123),Tabernaemontana,alba Mill.,Yes,55,"Detected (GC-MS), R & TrB",,,,,,,,,,,,,,Apocynaceae
Tabernaemontana amygdalifolia Jacq.,,Tabernaemontana,amygdalifolia Jacq.,Yes,56,"Isolated, B",indole; quinolizidine; ,bridgehead N atom across 7 membered ring,,,,,,,,,,,,Apocynaceae
Tabernaemontana angulata Mart. ex Müll. Arg.,,Tabernaemontana,angulata Mart. ex Müll. Arg.,Yes,59,"Isolated, U",indole; ,7 membered ring w/ N on ring junction,,,,,,,,,,,,Apocynaceae
Tabernaemontana citrifolia L.,,Tabernaemontana,citrifolia L.,Yes,56,"Isolated, U",indole; ,7 membered ring w/ N on ring junction,,,,,,,,,,,,Apocynaceae
Tabernaemontana rupicola Benth.,,Tabernaemontana,rupicola Benth.,Yes,59,"Isolated, U",indole; quinoline; ,"7 membered ring w/ N on ring junction; Contains montanine, interesting, different structure to other T. sp.",,,Yes,Active,,,"IC50 = 1.6 & 6.5 μg/mL (Alkaloidal & EtOAC SB, FcB1)",56,,,,Apocynaceae
Tabernaemontana salzmannii A. DC.,,Tabernaemontana,salzmannii A. DC.,Yes,56/59,"Isolated, RB [56] Isolated, U [59]",indole; quinolizidine; isoquinoline,7 membered ring w/ N on ring junction,,,,,,,,,,,,Apocynaceae
Tabernaemontana undulata Vahl,,Tabernaemontana,undulata Vahl,,,,,,,,Yes,Weak,,Yes,"IC50 = 25 & 40 μg/mL (MeOH L, F32 & D2) ",298,,,,Apocynaceae
Tabernanthe iboga Baill.,spp. listed (1/2),Tabernanthe,iboga Baill.,Yes,260,"Isolated, R",indole; ,7 membered ring w/ N on ring junction connected to ,,,,,,,,,,,,Apocynaceae
Telosma pallida (Roxb.) Craib,spp. listed (1/9),Telosma,pallida (Roxb.) Craib,Yes,233,"Isolated, R",indolizidine,,,,,,,,,,,,,Apocynaceae
Temnadenia odorifera (vell.) J. F. Morales,spp. listed (2/3),Temnadenia,odorifera (vell.) J. F. Morales,Yes,144,"Detected (LC-MS), L",,,,,,,,,,,,,,Apocynaceae
Temnadenia violacea (Vell.) Miers,,Temnadenia,violacea (Vell.) Miers,Yes,144,"Detected (LC-MS), L",,,,,,,,,,,,,,Apocynaceae
Trachelospermum jasminoides (Lindl.) Lem.,spp. listed (1/9),Trachelospermum,jasminoides (Lindl.) Lem.,Yes,262,"Isolated, L & S",indole; monoterpenoid; ,7 membered ring w/ N on ring junction - like in tabernaemontana; 8-membered ring w/ N atom connected to bridging C atoms; weird piperidine in conoflorine,,,,,,,,,,,,Apocynaceae
Urceola polymorpha (Pierre ex Spire) D. J. Middleton & Livsh.,spp. listed (1/21),Urceola,polymorpha (Pierre ex Spire) D. J. Middleton & Livsh.,Yes,141,"Detected (Dragendorff's), L",,,,,,,,,,,,,,Apocynaceae
Vallaris glabra (L.) Kuntze,spp. listed (2/3),Vallaris,glabra (L.) Kuntze,Yes,90,"Detected (Dragendorff's precipitation assay), L",,,,,Yes,Active,Active,Yes,"IC50 = 0.85 μg/mL (DCM L, K1)",90,,,,Apocynaceae
Vallaris solanacea (Roth) Kuntze,,Vallaris,solanacea (Roth) Kuntze,Yes,263,"Detected (phytochemical screening), L & S",,,,,,,,,,,,,,Apocynaceae
Vallesia glabra (Cav.) Link,spp. listed (1/11),Vallesia,glabra (Cav.) Link,Yes,32,"Detected (Dragendorff's & Mayer's), U",,,Yes,33,Yes,Active,Active,Yes,"IC50 = 3.75 ± 1.06 μg/mL (70% EtOH B, F32)",33,,,,Apocynaceae
Vinca erecta Regel & Schmalh.,spp. listed (4/7),Vinca,erecta Regel & Schmalh.,Yes,267,"Isolated, U",indole; indolizidine; quinolizidine,,Yes,,,,,,,,,,,Apocynaceae
Vinca herbacea Waldst. & Kit.,,Vinca,herbacea Waldst. & Kit.,Yes,268,"Detected (spectrophotomeric determination), R",,,,,,,,,,,,,,Apocynaceae
Vinca major L.,,Vinca,major L.,Yes,265,"Isolated, A",indole; ,,,79,,,,,,,,,,Apocynaceae
Vinca minor L.,,Vinca,minor L.,Yes,264,"Isolated, A",,,,,,,,,,,,,,Apocynaceae
Vincetoxicum atratum (Bung) C. Morren,spp. listed (12/250),Vincetoxicum,atratum (Bung) C. Morren,,,,,,Yes,135,,,,,,,,,,Apocynaceae
Vincetoxicum auriculatum (Royle ex Wight) Kuntze,,Vincetoxicum,auriculatum (Royle ex Wight) Kuntze,Yes,137,"Isolated, U",,,,,,,,,,,,,,Apocynaceae
Vincetoxicum dalzellii (Hook. f.) Kuntze,,Vincetoxicum,dalzellii (Hook. f.) Kuntze,Yes,289,"Detected (phytochemical screening), U",,,,,,,,,,,,,,Apocynaceae
Vincetoxicum forrestii (Schltr.) C. Y. Wu & D. Z. Li,,Vincetoxicum,forrestii (Schltr.) C. Y. Wu & D. Z. Li,Yes,133,"Isolated, R",,,Yes,,,,,,,,,,,Apocynaceae
Vincetoxicum hirundinaria Medik.,,Vincetoxicum,hirundinaria Medik.,Yes,80,"Isolated, R & A",,,,,,,,,,,Antofine is the alkaloid discussed,,,Apocynaceae
Vincetoxicum mongolicum Maxim.,,Vincetoxicum,mongolicum Maxim.,Yes,129,"Isolated, U",,,,,,,,,,,,,,Apocynaceae
Vincetoxicum mukdenense Kitag.,,Vincetoxicum,mukdenense Kitag.,Yes,130,"Isolated, R",,,,136,,,,,,,,,,Apocynaceae
Vincetoxicum nigrum (L.) Moench,,Vincetoxicum,nigrum (L.) Moench,Yes,80,"Isolated, Sh / Detected (HPLC & LRESIMS), Se",,,,,,,,,,,,,,Apocynaceae
Vincetoxicum pumilum Decne.,,Vincetoxicum,pumilum Decne.,Yes,80,"Unclear (detected or isolated?), R",,,,,,,,,,,,,,Apocynaceae
Vincetoxicum rossicum (Kleopow) Barbar.,,Vincetoxicum,rossicum (Kleopow) Barbar.,Yes,80,"Isolated, Sh / Detected (HPLC & LRESIMS), Se",,,,,,,,,,,,,,Apocynaceae
Vincetoxicum spirale (Forssk.) D. Z. Li,,Vincetoxicum,spirale (Forssk.) D. Z. Li,Yes,232,"Detected (phytochemical screening), U",,,Yes,,,,,,,,,,,Apocynaceae
Vincetoxicum stocksii Ali & Khatoon,,Vincetoxicum,stocksii Ali & Khatoon,,,,,,Yes,248,Yes,,Weak,Yes,"40% inhibition at 10 μg/mL (EtOH Wp, D6)",269,,,,Apocynaceae
Vincetoxicum tanakae (Maxim.) Franch. & Sav.,,Vincetoxicum,tanakae (Maxim.) Franch. & Sav.,Yes,134,"Isolated, U",,,,,,,,,,,,,,Apocynaceae
Voacanga africana Stapf,spp. listed (8/13),Voacanga,africana Stapf,Yes,271,"Isolated, U",,,,272,,,,,,,,,,Apocynaceae
Voacanga bracteata Stapf,,Voacanga,bracteata Stapf,Yes,271,"Isolated, U",,,,,,,,,,,,,,Apocynaceae
Voacanga chalotiana Pierre ex Stapf,,Voacanga,chalotiana Pierre ex Stapf,Yes,271,"Isolated, U",,,,,,,,,,,,,,Apocynaceae
Voacanga foetida (Blume) Rolfe,,Voacanga,foetida (Blume) Rolfe,Yes,142,"Isolated, L",,,,,,,,,,,,,,Apocynaceae
Voacanga globosa (Blaco) Merr.,,Voacanga,globosa (Blaco) Merr.,Yes,271,"Isolated, U",,,,,,,,,,,,,,Apocynaceae
Voacanga grandifolia (Miq.) Rolfe,,Voacanga,grandifolia (Miq.) Rolfe,Yes,270,"Isolated, L",,,,,Yes,Active,Active,Yes,"IC50 = 3.3 μM (isovobtusine-N-oxide, 3D7) [IC50 = 2.4 μg/mL]",270,,,,Apocynaceae
Voacanga megacarpa Merr.,,Voacanga,megacarpa Merr.,Yes,271,"Isolated, U",,,,,,,,,,,,,,Apocynaceae
Voacanga thouarsii Roem. ex Schult.,,Voacanga,thouarsii Roem. ex Schult.,Yes,271,"Isolated, U",,,,,,,,,,,,,,Apocynaceae
Wattakaka volubilis (L.f.) Stapf,spp. listed (1/2),Wattakaka,volubilis (L.f.) Stapf,Yes,119,"Detected (unclear), U",,,,,,,,,,,,,,Apocynaceae
Wrightia antidysenterica (L.) R.Br.,spp. listed (6/33),Wrightia,antidysenterica (L.) R.Br.,Yes,144,"Detected (tentative LC-MS), L",,,,,,,,,,,,,,Apocynaceae
Wrightia arborea (Dennst.) Mabb.,,Wrightia,arborea (Dennst.) Mabb.,Yes,285,"Detected (phytochemical screening), L & B",,,,,Yes,Weak,Active,Yes,"IC50 = 25 μg/mL (EtOH L, 3D7)",164,,,,Apocynaceae
Wrightia dubia (Sims) Spreng.,,Wrightia,dubia (Sims) Spreng.,Yes,144,"Detected (tentative LC-MS), L",,,Yes,261,Yes,Weak,Weak,Yes,"IC50 = 17.3 ± 1.1 μg/ml (DCM L, FcB1)",261,,,,Apocynaceae
Wrightia karaketii D. J. Middleton,,Wrightia,karaketii D. J. Middleton,Yes,144,"Detected (tentative LC-MS), L",,,,,,,,,,,,,,Apocynaceae
Wrightia pubescens R. Br.,,Wrightia,pubescens R. Br.,,,,,,Yes,88,,,,,,,,,,Apocynaceae
Wrightia pubescens subsp. laniti (Blanco) Ngan,,Wrightia,pubescens subsp. laniti (Blanco) Ngan,Yes,201,"Isolated, U",,,,,,,,,,,,,,Apocynaceae
Wrightia pubescens subsp. penicillata (F. M. Bailey) Ngan,,Wrightia,pubescens subsp. penicillata (F. M. Bailey) Ngan,Yes,144,"Detected (LC-MS), L",,,Yes,,,,,,,,,,,Apocynaceae
Wrightia pubescens subsp. pubescens,,Wrightia,pubescens subsp. pubescens,,,,,,,273,,,,,,,,,,Apocynaceae
Wrightia tinctoria (Roxb.) R. Br.,,Wrightia,tinctoria (Roxb.) R. Br.,Yes,144,"Detected (LC-MS), L [144], Detected (phytochemical screening), L [287]",,,,,Yes,Inactive,Inactive,Yes,"IC50 = 160 μg/mL (EtOH F, 3D7)",164,,,,Apocynaceae
Xysmalobium undulatum (L.) W. T. Aiton.,spp. listed (1/42),Xysmalobium,undulatum (L.) W. T. Aiton.,,,,,,,,Yes,Active,Active,Yes,"IC50 = 6 μg/mL (DCM:MeOH 1:1 Wp, D10)",100,,,,Apocynaceae
