,Name,Genus,Species,Tested_for_Alkaloids,Ref_Alks,Alkaloids_test_notes,Alkaloids,Alk_classes_tested_for,Alkaloid_classes,Alkaloid_class_absences,Alkaloid_mainclass(conal),Alkaloid_otherclasses,Alkaloid_class_notes,Antimalarial_Use,Ref_H_Mal,History_Fever,Ref_H_Fever,Tested_Antimalarial,Extraction_Method,Type_of_Test,Activity_Antimalarial,Authors_Activity_Label,Positive_Control_Used,Given_Activities,Ref_Activity,General_notes,MPNS_notes,Details,Cardenolides,Cardenolides_details,Cardenolides_Ref,Steroids,Steroids_details,Steroids_Ref,General_Phytochem_notes,Family,Accepted_Name,Accepted_Species,Accepted_Species_ID,Accepted_ID,Accepted_Rank,Source
10,Alafia spp.,Alafia,spp.,,,,,,,,,,,,,,,,,,,,,,,,,,1.0,"One cardenolide glycoside, one steroid glycoside (leaves)",C7,1.0,"One cardenolide glycoside, one steroid glycoside (leaves)",C7,,Apocynaceae,Alafia,,,2180-1,Genus,Manual
40,Amalocalyx microlobus Pierre ex Spire,Amalocalyx,microlobus Pierre ex Spire,,,,,,,,,,,,,,,,,,,,,,,,,,,,,1.0,"Steroid derivatives, steroid glycosides (whole plant)","C8, C9",Species listed as Amalocalyx yunnanensis (synonym),Apocynaceae,Amalocalyx microlobus,Amalocalyx microlobus,76826-1,76826-1,Species,Manual
52,Apteranthes europaea var. judaica (Zohary) Plowes,Apteranthes,europaea var. judaica (Zohary) Plowes,,,,,,,,,,,,,,,,,,,,,,,,,,,,,1.0,Steroid glycosides (whole plant),C44,"Accepted variety, listed as Caralluma negevensis (synonym)",Apocynaceae,Apteranthes europaea var. judaica,Apteranthes europaea,94041-1,986798-1,Variety,Manual
53,Apteranthes tuberculata (N. E. Br.) Meve & Liede,Apteranthes,tuberculata (N. E. Br.) Meve & Liede,,,,,,,,,,,,,,,Yes,"Extraction, Fraction",Vitro,0.0,Weak,Yes,"IC50 = 7.94 μg/mL (MeOH ext. pet. ether frac. A, K1) >12.5 μg/mL (MeOH A, K1)",91,,,,,,,1.0,Steroid glycosides (aerial parts),C41,Species listed as Caralluma tuberculata (synonym),Apocynaceae,Apteranthes tuberculata,Apteranthes tuberculata,20009957-1,20009957-1,Species,Manual
54,Araujia sericifera Brot.,Araujia,sericifera Brot.,Yes,KN,"Isolated, U",1.0,,MIA; indole; monoterpene,,MIA,,,,,,,,,,,,,,,,,,,,,1.0,Steroid glycosides (roots),C19,,Apocynaceae,Araujia sericifera,Araujia sericifera,30117279-2,30117279-2,Species,Manual
55,Asclepias curassavica L.,Asclepias,curassavica L.,Yes,51,"Detected (GC-MS), Wp",1.0,,pyridine; to_confirm,,,"CCD: N-containing cardenolides, and pyridine",,1.0,"[52, 329]",,,,,,,,,,,,,,1.0,"Cardenolides, cardenolide glycosides, steroids, steroid glycosides (aerial parts, roots)","C20, C21",1.0,"Cardenolides, cardenolide glycosides, steroids, steroid glycosides (aerial parts, roots)","C20, C21",,Apocynaceae,Asclepias curassavica,Asclepias curassavica,94213-1,94213-1,Species,Manual
58,Asclepias incarnata L.,Asclepias,incarnata L.,,,,,,,,,,,,,,,,,,,,,,,,,,,,,1.0,Steroid glycosides (aerial parts),C24,,Apocynaceae,Asclepias incarnata,Asclepias incarnata,94351-1,94351-1,Species,Manual
60,Asclepias sullivantii Engelm. ex A.Gray,Asclepias,sullivantii Engelm. ex A.Gray,,,,,,,,,,,,,,,,,,,,,,,,,,,,,1.0,Steroid glycosides (aerial parts),C228,,Apocynaceae,Asclepias sullivantii,Asclepias sullivantii,94678-1,94678-1,Species,Manual
61,Asclepias syriaca L.,Asclepias,syriaca L.,Yes,KN,"Isolated, U",1.0,,pyridine,,Pyridine,,nicotine,,,,,,,,,,,,,,,,,,,1.0,Steroid glycosides (roots),C227,"One alkaloid (roots) co-occurs in this species, C232",Apocynaceae,Asclepias syriaca,Asclepias syriaca,319076-2,319076-2,Species,Manual
98,Baroniella acuminata (Choux) Bullock,Baroniella,acuminata (Choux) Bullock,,,,,,,,,,,,,,,,,,,,,,,,,,,,,1.0,Steroid glycosides (aerial parts),C28,Species listed as Baseonema acuminatum (synonym),Apocynaceae,Baroniella acuminata,Baroniella acuminata,94853-1,94853-1,Species,Manual
103,Boucerosia indica (Wight & Arn.) Plowes,Boucerosia,indica (Wight & Arn.) Plowes,,,,,,,,,,,,,,,,,,,,,,,,,,,,,1.0,Steroid glycosides (whole plant),C237,Species listed as Caralluma indica (synonym),Apocynaceae,Boucerosia indica,Boucerosia indica,986841-1,986841-1,Species,Manual
104,Boucerosia pauciflora Wight,Boucerosia,pauciflora Wight,,,,,,,,,,,,,,,,,,,,,,,,,,,,,1.0,Steroids (whole plant),C239,Species listed as Caralluma pauciflora (synonym),Apocynaceae,Boucerosia pauciflora,Boucerosia pauciflora,94979-1,94979-1,Species,Manual
105,Boucerosia umbellata (Haw.) Wight & Arn.,Boucerosia,umbellata (Haw.) Wight & Arn.,,,,,,,,,,,,,,,,,,,,,,,,,,,,,1.0,Steroid glycosides (whole plant),C42,Species listed as Caralluma lasiantha N. E. Br (synonym),Apocynaceae,Boucerosia umbellata,Boucerosia umbellata,94990-1,94990-1,Species,Manual
114,Caralluma adscendens var. gracilis Gravely & Mayur.,Caralluma,adscendens var. gracilis Gravely & Mayur.,,,,,,,,,,,,,,,,,,,,,,,,,,,,,1.0,Steroid glycosides (whole plant),C239,Accepted variety,Apocynaceae,Caralluma adscendens var. gracilis,Caralluma adscendens,95198-1,60452656-2,Variety,Manual
115,Caralluma dalzielii N. E. Br.,Caralluma,dalzielii N. E. Br.,Yes,274,"Detected (phytochemical screening), L [274] Isolated, Wp [307]",1.0,,pyridine,,Nicotinic acid ester on steroid,pyridine,Nicotinoyl group as substituent on pregnane glycoside with big saccharide chains,,,,,,,,,,,,,,274.0,PubMed,,,,1.0,Steroid glycosides (whole plant),C40,,Apocynaceae,Caralluma dalzielii,Caralluma dalzielii,95238-1,95238-1,Species,Manual
116,Caralluma fimbriata Wall.,Caralluma,fimbriata Wall.,Yes,93,"Detected (Phytochemical screening), Wp",1.0,,,,,,,,,,,,,,,,,,,,,,,,,1.0,Steroid glycosides (aerial parts) [C46] Steroid glycosides (whole plant) [C45],"C45, C46",,Apocynaceae,Caralluma fimbriata,Caralluma fimbriata,95260-1,95260-1,Species,Manual
117,Caralluma stalagmifera C.E.C.Fisch.,Caralluma,stalagmifera C.E.C.Fisch.,,,,,,,,,,,,,,,,,,,,,,,,,,,,,1.0,Steroid glycosides (whole plant),C237,,Apocynaceae,Caralluma stalagmifera,Caralluma stalagmifera,95370-1,95370-1,Species,Manual
126,Catharanthus roseus (L.) G. Don,Catharanthus,roseus (L.) G. Don,Yes,35,"Isolated, U [KN] Isolated, L [35]",1.0,,MIA; indole; monoterpene; indolizidine,,MIA; indole [KN]; bisindole [KN],indole; indolizidine,,1.0,A [313],1.0,A [313],Yes,Extraction,Vitro,0.0,Weak [36],Yes [36],"IC50 = 32.3 & 36.1 μg/ml (H2O L, D6 & W2) [34], IC50 = 16 μg/ml (EtOH Wp, 3D7) [36]",34/36,,,,,,,1.0,Steroids (cultured plant cells?),"C243, C244",Many alkaloids co-occur in this species,Apocynaceae,Catharanthus roseus,Catharanthus roseus,77880-1,77880-1,Species,Manual
129,Caudanthera sinaica (Decne.) Plowes,Caudanthera,sinaica (Decne.) Plowes,,,,,,,,,,,,,,,Yes,Extraction,Vitro,0.0,Inactive,Yes," IC50 > 64.0 μg/mL (MeOH L, K1)",95,Inactive,,,,,,1.0,Steroid glycosides (whole plant),C43,Species listed as Caralluma sinaica (synonym),Apocynaceae,Caudanthera sinaica,Caudanthera sinaica,986775-1,986775-1,Species,Manual
134,Ceropegia fusca Bolle,Ceropegia,fusca Bolle,,,,,,,,,,,,,,,,,,,,,,,,,,,,,1.0,Steroid glycosides (aerial parts),C52,One steroidal ester alkaloid (aerial parts) co-occurs in this species,Apocynaceae,Ceropegia fusca,Ceropegia fusca,95585-1,95585-1,Species,Manual
141,Cionura erecta (L.) Griseb.,Cionura,erecta (L.) Griseb.,,,,,,,,,,,,,,,,,,,,,,,,,,,,,1.0,Steroids (leaves),C133,Species listed as Marsdenia erecta (synonym),Apocynaceae,Cionura erecta,Cionura erecta,95869-1,95869-1,Species,Manual
157,Cynanchum maximoviczii Pobed.,Cynanchum,maximoviczii Pobed.,Yes,132,"Isolated, R",1.0,,steroidal; pyridine,,Nicotinic acid ester on steroid,steroidal; pyridine,,,,,,,,,,,,,,,,,,,,1.0,"Steroids, steroid glycosides (roots)",C248,"Steroidal ester alkaloids (roots) occur in this species, C248",Apocynaceae,Cynanchum maximoviczii,Cynanchum maximoviczii,96387-1,96387-1,Species,Manual
158,Cynanchum menarandrense Jum. & H.Perrier,Cynanchum,menarandrense Jum. & H.Perrier,,,,,,,,,,,,,,,,,,,,,,,,,,,,,1.0,Steroid glycosides (aerial parts),C68,,Apocynaceae,Cynanchum menarandrense,Cynanchum menarandrense,96394-1,96394-1,Species,Manual
161,Cynanchum wilfordii (Maxim.) Hook. f.,Cynanchum,wilfordii (Maxim.) Hook. f.,Yes,131,"Isolated, R",1.0,,steroidal; pyridine,,Nicotinic acid ester on steroid,steroidal; pyridine,,,,,,,,,,,,,,,,,,,,1.0,Steroid derivatives (roots),C69,"Steroidal ester alkaloids (roots) occur in this species, C69, one alkaloid also co-occurs in this species, C247",Apocynaceae,Cynanchum wilfordii,Cynanchum wilfordii,96697-1,96697-1,Species,Manual
165,Desmidorchis aucheriana (Decne.) Kuntze,Desmidorchis,aucheriana (Decne.) Kuntze,,,,,,,,,,,,,,,,,,,,,,,,,,,,,1.0,"Steroids, steroid glycosides (aerial parts, whole plant)","C32, C33, C240","Species listed as Boucerosia aucheriana (synonym), C32, C33, and Caralluma aucheriana (synonym), C240",Apocynaceae,Desmidorchis aucheriana,Desmidorchis aucheriana,96815-1,96815-1,Species,Manual
166,Desmidorchis flava (N.E.Br.) Meve & Liede,Desmidorchis,flava (N.E.Br.) Meve & Liede,,,,,,,,,,,,,,,,,,,,,,,,,,,,,1.0,"Steroid glycosides (whole plant, sap)","C72, C73",,Apocynaceae,Desmidorchis flava,Desmidorchis flava,20009963-1,20009963-1,Species,Manual
167,Desmidorchis penicillata (Deflers) Plowes,Desmidorchis,penicillata (Deflers) Plowes,,,,,,,,,,,,,,,Yes,Extraction,Vitro,1.0,,Yes,"IC50 = 6.7 ± 0.9 μg/mL (MeOH U, K1)",92,,,,,,,1.0,Steroid glycosides (aerial parts),C238,"Species listed as Caralluma penicillata (synonym), C238",Apocynaceae,Desmidorchis penicillata,Desmidorchis penicillata,986779-1,986779-1,Species,Manual
168,Desmidorchis retrospiciens Ehrenb.,Desmidorchis,retrospiciens Ehrenb.,,,,,,,,,,,,,,,Yes,Extraction,Vitro,0.0,Inactive,Yes,"IC50 > 12.5 μg/mL (MeOH A, K1)",91,Quoted as inactive,,,,,,1.0,Steroid glycosides (aerial parts),"C39, C242","Species listed as Caralluma russelliana (synonym), C39, and Caralluma retrospiciens (synonym), C242",Apocynaceae,Desmidorchis retrospiciens,Desmidorchis retrospiciens,96827-1,96827-1,Species,Manual
171,Dischidia formosana Maxim.,Dischidia,formosana Maxim.,Yes,237,"Isolated, U",1.0,,isoquinoline,,isoquinoline,isoquinoline,,,,,,,,,,,,,,,,,,,,1.0,One steroid (whole plant),C249,,Apocynaceae,Dischidia formosana,Dischidia formosana,96939-1,96939-1,Species,Manual
174,Dregea sinensis Hemsl,Dregea,sinensis Hemsl,,,,,,,,,,,,,,,,,,,,,,,,,,,,,1.0,Steroid glycosides (roots),C74,,Apocynaceae,Dregea sinensis,Dregea sinensis,97241-1,97241-1,Species,Manual
175,Dregea sinensis var. corrugata (C.K.Schneid.) Y.Tsiang & P.T.Li,Dregea,sinensis var. corrugata (C.K.Schneid.) Y.Tsiang & P.T.Li,,,,,,,,,,,,,,,,,,,,,,,,,,,,,1.0,Steroid glycosides (stems),C75,Accepted variety,Apocynaceae,Dregea sinensis var. corrugata,Dregea sinensis,97241-1,874569-1,Variety,Manual
180,Epigynum auritum (C.K.Schneid.) Tsiang & P.T.Li,Epigynum,auritum (C.K.Schneid.) Tsiang & P.T.Li,Yes,143,"Not detected (pyrrolizidine) LC-MS, L [143]",,pyrrolizidine,,pyrrolizidine,,,,,,,,,,,,,,,,,,,,,,1.0,Steroid glycosides (leaves),C78,,Apocynaceae,Epigynum auritum,Epigynum auritum,78866-1,78866-1,Species,Manual
181,Epigynum cochinchinensis (Pierre) D.J.Middleton,Epigynum,cochinchinensis (Pierre) D.J.Middleton,,,,,,,,,,,,,,,,,,,,,,,,,,,,,1.0,Steroid glycosides (stems),C79,,Apocynaceae,Epigynum cochinchinensis,Epigynum cochinchinensis,977405-1,977405-1,Species,Manual
184,Funtumia africana (Benth.) Stapf,Funtumia,africana (Benth.) Stapf,Yes,C251,Isolated,1.0,,steroidal,,steroidal,,,1.0,"R [148] [325, 328]",,,Yes,Extraction,Vitro,1.0,Active [149],"Yes [149, 325]","68.1 ± 9.0% inhibition at 10 μg/mL (EtOAc L, FcB1) [149] 17.51 ± 8.07 & 14.21 ± 2.74 inhibition at 100 μg/mL (EtOH SB & L, Dd2) [325]","149, 325",,,,,,,1.0,Steroids (wood),C80,"Steroidal alkaloids (stem bark) co-occur in this species, C251, species also listed as Funtumoa latifolia (synonym), C80",Apocynaceae,Funtumia africana,Funtumia africana,79098-1,79098-1,Species,Manual
185,Funtumia elastica (Preuss) Stapf,Funtumia,elastica (Preuss) Stapf,Yes,145,"Isolated, SB",1.0,,steroidal; simple amine; pyrrole,,steroidal,steroidal; simple amine; pyrrole,,1.0,SB [147],,,Yes,Extraction,Vitro,1.0,Active,Yes,"IC50 = 3.3 μg/mL (EtOH SB, FcB1)",145,Compounds tested [258],,,,,,1.0,"Steroids (bark, leaves)",C250,"Steroidal alkaloids (stem bark) co-occur in this species, C252",Apocynaceae,Funtumia elastica,Funtumia elastica,79099-1,79099-1,Species,Manual
193,Gomphocarpus fruticosus (L.) W.T.Aiton,Gomphocarpus,fruticosus (L.) W.T.Aiton,Yes,C25,,,,,,cardenolide thiazole,,cardenolide thiazole contains sulfur so is possibly and artefact produced during the extraction process,,,,,Yes,Extraction,Vitro,0.0,Inactive [100],Yes [100],"IC50 > 64 μg/mL (MeOH U, K1) [92] IC50 = 26 μg/mL (DCM:MeOH 1:1 F, D10) [100]",92/100,,,,1.0,"Cardenolides, cardenolide thiazoles, cardenolide glycosides, steroid glycosides (leaves, whole plant)","C25, C85",1.0,"Cardenolides, cardenolide thiazoles, cardenolide glycosides, steroid glycosides (leaves, whole plant)","C25, C85","Cardenolide thiazole alkaloids (whole plant) co-occur in this species, C25, species also listed as Asclepias fruticosa (synonym), C25",Apocynaceae,Gomphocarpus fruticosus,Gomphocarpus fruticosus,97610-1,97610-1,Species,Manual
201,Gymnema griffithii Craib,Gymnema,griffithii Craib,,,,,,,,,,,,,,,,,,,,,,,,,,,,,1.0,Steroid glycosides (pericarp of fruit),C92,,Apocynaceae,Gymnema griffithii,Gymnema griffithii,98170-1,98170-1,Species,Manual
204,Gymnema sylvestre (Retz.) R. Br. ex Sm.,Gymnema,sylvestre (Retz.) R. Br. ex Sm.,Yes,119/158,"Detected (unclear), U [119] Detected (Dragendorff's & Hager's), L & S & R [158]",1.0,,,,,,,,,,,Yes ,Extraction,Vitro,0.0,Inactive,Yes,"IC50 = 69.3 μg/mL (MeOH Climber, W2)",101,,,,,,,1.0,"Steroid glycosides (leaves, roots)","C91, C93, C94","One alkaloid co-occurs in this species, C253, species also listed as Gymnema alternifolium (synonym), C93, C94",Apocynaceae,Gymnema sylvestre,Gymnema sylvestre,60454719-2,60454719-2,Species,Manual
205,Gymnema yunnanense Tsiang,Gymnema,yunnanense Tsiang,Yes,C95,Isolated,1.0,,steroidal,,steroidal,,,,,,,,,,,,,,,,,,,,,1.0,"Steroids, steroid glycosides (aerial parts?)",C95,"Steroidal ester alkaloids (aerial parts?) co-occur in this species, C95",Apocynaceae,Gymnema yunnanense,Gymnema yunnanense,98238-1,98238-1,Species,Manual
209,Hemidesmus indicus (L.) R. Br.,Hemidesmus,indicus (L.) R. Br.,Yes,"119, 335","Detected (unclear), U",1.0,? [335],,pyrrolizidine [335],,,,,,,,Yes,Extraction,Vitro,0.0,Inactive,Yes,"IC50 > 100 μg/mL (EtOAc R, 3D7)",163,,,,,,,1.0,"Steroid glycosides (roots, stems)","C96, 97",,Apocynaceae,Hemidesmus indicus,Hemidesmus indicus,60443873-2,60443873-2,Species,Manual
222,Holarrhena pubescens Wal. ex G. Don,Holarrhena,pubescens Wal. ex G. Don,Yes,"KN, 36, 330","Isolated, U [KN, 330] Detected (chemical analysis), U [36]",1.0,,steroidal; pyrrolizidine,,steroidal; ,,,1.0,R [125] [325],1.0,[79],Yes,Extraction,Vitro,1.0,Active,No,"IC50 = 4.5 μg/mL (EtOH B, 3D7)",36,,,,1.0,"Cardenolide (aza)glycosides, steroids, steroid (aza)glycosides (bark, leaves, roots)","C98, C100, C101",1.0,"Cardenolide (aza)glycosides, steroids, steroid (aza)glycosides (bark, leaves, roots)","C98, C100, C101","(Aza)glycoside alkaloids (leaves), C101, and one steroidal alkaloid (roots), C101, co-occur in this species, also listed as Holarrhena antidysenterica (synonym), C98, C101",Apocynaceae,Holarrhena pubescens,Holarrhena pubescens,79318-1,79318-1,Species,Manual
223,Hoodia gordonii (Masson) Sweet ex Decne.,Hoodia,gordonii (Masson) Sweet ex Decne.,Yes,169,"Detected (Wagner's reagent), Wp",1.0,,,,,,,,,,,,,,,,,,,,,,,,,1.0,"Steroids, steroid glycosides (aerial parts)","C103, 104, 105",,Apocynaceae,Hoodia gordonii,Hoodia gordonii,98342-1,98342-1,Species,Manual
224,Hoya carnosa (L.f.) R.Br.,Hoya,carnosa (L.f.) R.Br.,,,,,,,,,,,,,,,,,,,,,,,,,,,,,1.0,Steroid glycosides (stems (caules)),C108,,Apocynaceae,Hoya carnosa,Hoya carnosa,107308-3,107308-3,Species,Manual
225,Hoya kerrii Craib,Hoya,kerrii Craib,,,,,,,,,,,,,,,,,,,,,,,,,,,,,1.0,Steroid glycoside derivatives (stems),C106,,Apocynaceae,Hoya kerrii,Hoya kerrii,98512-1,98512-1,Species,Manual
226,Hoya longifolia Wall. ex Wight,Hoya,longifolia Wall. ex Wight,,,,,,,,,,,,,,,,,,,,,,,,,,,,,1.0,Steroids (whole plant),C254,,Apocynaceae,Hoya longifolia,Hoya longifolia,98543-1,98543-1,Species,Manual
227,Hoya verticillata var. verticillata,Hoya,verticillata var. verticillata,Yes,170,"Detected (Dragendorff's & Hager's & Mayer's & Wagner's), S",1.0,,,,,,,,,,,,,,,,,,,,,,,,,1.0,Steroids,C107,"Species listed as Hoya parasitica (synonym), C107",Apocynaceae,Hoya verticillata var. verticillata,Hoya verticillata,98729-1,77173117-1,Variety,Manual
233,Jasminanthes mucronata (Blanco) W.D.Stevens & P.T.Li,Jasminanthes,mucronata (Blanco) W.D.Stevens & P.T.Li,Yes,"C181, C182, C183, C184",Isolated,1.0,,steroidal,,steroidal,,,,,,,,,,,,,,,,,,,,,1.0,"Steroids and steroidal esters of anthranilic and nicotinic acid (aerial parts, roots, stems)","C181, 182, 183, 184","Steroidal esters alkaloids (aerial parts, roots, stems), C181, C182, C183, C184, species listed as Stephanotis japonica (synonym), C181, Stephanotis lutchuensis var. japonica (synonym?), C182, and Stephanotis mucronata (synonym), C183, C183",Apocynaceae,Jasminanthes mucronata,Jasminanthes mucronata,982441-1,982441-1,Species,Manual
236,Kibatalia laurifolia (Ridl.) Woodson,Kibatalia,laurifolia (Ridl.) Woodson,Yes,174,"Isolated, L",1.0,,steroidal; simple amine,,steroidal,steroidal; simple amine,,,,,,,,,,,,,,,,,,,,1.0,One steroid (leaves),C109,"Steroidal alkaloids (leaves) co-occur in this species, C109",Apocynaceae,Kibatalia laurifolia,Kibatalia laurifolia,79456-1,79456-1,Species,Manual
263,Leptadenia lanceolata (Poir.) Goyder,Leptadenia,lanceolata (Poir.) Goyder,Yes,"198, C111","Detected (Dragendorff's), R [198] Isolated [C111]",1.0,,steroidal ,,steroidal [C111],,,1.0,"R, RB [106]",,,,,,,,,,,,,,,,,1.0,"Steroids, steroid glycosides, steroidal esters of nicotinic acid (bark)",C111,"Steroid ester alkaloids (bark), C111, species listed as Leptadenia hastata (synonym), C111",Apocynaceae,Leptadenia lanceolata,Leptadenia lanceolata,77143808-1,77143808-1,Species,Manual
266,Leptadenia pyrotechnica (Forssk.) Decne.,Leptadenia,pyrotechnica (Forssk.) Decne.,Yes,"197, C110","Detected (GC-MS), A [197] Isolated [C110]",1.0,,steroidal ,,steroidal [C110],,,,,,,,,,,,,,,,,,,,,1.0,"Steroid glycosides, steroidal esters of nicotinic acid (whole plant)",C110,"Steroid ester alkaloids (whole plant), C110",Apocynaceae,Leptadenia pyrotechnica,Leptadenia pyrotechnica,98980-1,98980-1,Species,Manual
267,Leptadenia reticulata (Retz.) Wight & Arn.,Leptadenia,reticulata (Retz.) Wight & Arn.,Yes,199,"Detected (""standard biochemical procedure""), Callus & Cell culture",1.0,,,,,,,,,,,,,,,,,,,,,,,,,1.0,"Steroids, steroid glycosides (aerial parts)",C112,,Apocynaceae,Leptadenia reticulata,Leptadenia reticulata,20009712-1,20009712-1,Species,Manual
278,Mandevilla illustris (Vell.) Woodson,Mandevilla,illustris (Vell.) Woodson,,,,,,,,,,,,,,,,,,,,,,,,,,,,,1.0,steroid derivatives and their glycosides (rhizomes),"C115, C116",,Apocynaceae,Mandevilla illustris,Mandevilla illustris,151981-2,151981-2,Species,Manual
279,Mandevilla pentlandiana (DC.) Woodson,Mandevilla,pentlandiana (DC.) Woodson,,,,,,,,,,,,,,,,,,,,,,,,,,1.0,"cardenolide glycosides, steroid glycoside derivatives (roots)","C113, C114",1.0,"cardenolide glycosides, steroid glycoside derivatives (roots)","C113, C114",,Apocynaceae,Mandevilla pentlandiana,Mandevilla pentlandiana,152033-2,152033-2,Species,Manual
280,Mandevilla pohliana (Stadelm.) A.H.Gentry,Mandevilla,pohliana (Stadelm.) A.H.Gentry,,,,,,,,,,,,,,,,,,,,,,,,,,,,,1.0,steroid derivatives and their glycosides (rhizomes),"C117, C118","Species listed as Mandevilla velutina (synonym), C117, C118",Apocynaceae,Mandevilla pohliana,Mandevilla pohliana,280388-2,280388-2,Species,Manual
282,Marsdenia cundurango Rchb. f.,Marsdenia,cundurango Rchb. f.,Yes,205,"Isolated, B",1.0,,pyridine,,Nicotinic acid ester on steroid,pyridine,,,,,,,,,,,,,,,,,,,,1.0,"Steroids, steroid glycosides (bark)",C119,,Apocynaceae,Marsdenia cundurango,Marsdenia cundurango,99126-1,99126-1,Species,Manual
284,Marsdenia flavescens A.Cunn. ex Hook.,Marsdenia,flavescens A.Cunn. ex Hook.,,,,,,,,,,,,,,,,,,,,,,,,,,,,,1.0,Steroids (whole plant?),C128,,Apocynaceae,Marsdenia flavescens,Marsdenia flavescens,99150-1,99150-1,Species,Manual
285,Marsdenia formosana Masam.,Marsdenia,formosana Masam.,,,,,,,,,,,,,,,,,,,,,,,,,,,,,1.0,Steroid glycosides (whole plant?),C136,,Apocynaceae,Marsdenia formosana,Marsdenia formosana,99153-1,99153-1,Species,Manual
288,Marsdenia hainanensis Tsiang,Marsdenia,hainanensis Tsiang,,,,,,,,,,,,,,,,,,,,,,,,,,,,,1.0,"Steroidal esters of nicotinic acid (stems, twigs)",C135,"Steroid ester alkaloids (stems, twigs), 135",Apocynaceae,Marsdenia hainanensis,Marsdenia hainanensis,99177-1,99177-1,Species,Manual
289,Marsdenia incisa P.T. Li & Y.H. Li,Marsdenia,incisa P.T. Li & Y.H. Li,,,,,,,,,,,,,,,,,,,,,,,,,,,,,1.0,Steroid glycosides,C125,,Apocynaceae,Marsdenia incisa,Marsdenia incisa,900257-1,900257-1,Species,Manual
290,Marsdenia koi Tsiang,Marsdenia,koi Tsiang,,,,,,,,,,,,,,,,,,,,,,,,,,,,,1.0,Steroid glycosides,C129,,Apocynaceae,Marsdenia koi,Marsdenia koi,99193-1,99193-1,Species,Manual
291,Marsdenia latifolia (Benth.) K. Schum,Marsdenia,latifolia (Benth.) K. Schum,Yes,154,"Detected (GC-MS & total alkaloid count), L",1.0,,,,,,,1.0,"S, R [151]",,,Yes,Extraction,Vitro,1.0,Active,Yes,"IC50 = 36.27, 9.45 & 7.05 μg/mL (several frac. S & R, W2) 9.25 μg/mL (MeOH several frac. S & R, W2)",151,,,,,,,1.0,Steroid glycosides (leaves),C90,"Species listed as Gongronema latifolium (synonym), C90",Apocynaceae,Marsdenia latifolia,Marsdenia latifolia,99198-1,99198-1,Species,Manual
292,Marsdenia oreophila W.W. Sm.,Marsdenia,oreophila W.W. Sm.,,,,,,,,,,,,,,,,,,,,,,,,,,,,,1.0,Steroid glycosides,"C130, 132",,Apocynaceae,Marsdenia oreophila,Marsdenia oreophila,99243-1,99243-1,Species,Manual
293,Marsdenia rostrata R. Br.,Marsdenia,rostrata R. Br.,Yes,81,"Isolated, U",1.0,,steroidal; pyridine,,Nicotinic acid ester on steroid,steroidal; pyridine,,,,,,,,,,,,,,,,,,,,1.0,Steroidal esters of nicotinic acid (whole plant?),C127,"Steroid ester alkaloids (whole plant), C127",Apocynaceae,Marsdenia rostrata,Marsdenia rostrata,99275-1,99275-1,Species,Manual
294,Marsdenia roylei Wight,Marsdenia,roylei Wight,,,,,,,,,,,,,,,,,,,,,,,,,,,,,1.0,"Steroids, steroid glycosides (stems)",C120,,Apocynaceae,Marsdenia roylei,Marsdenia roylei,99281-1,99281-1,Species,Manual
295,Marsdenia taylorii Schltr. & Rendle,Marsdenia,taylorii Schltr. & Rendle,,,,,,,,,,,,,,,,,,,,,,,,,,,,,1.0,"Steroids, steroid glycosides (whole plant?)",C89,"Species listed as Gongronema taylorii (synonym), C89",Apocynaceae,Marsdenia taylorii,Marsdenia taylorii,99317-1,99317-1,Species,Manual
296,Marsdenia tenacissima (Roxb.) Moon,Marsdenia,tenacissima (Roxb.) Moon,Yes,206,"Detected (phytochemical screening), R",1.0,,,,,,,,,,,,,,,,,,,,,,,,,1.0,"Steroids, steroid glycosides (stems (canes))","C121, 122, 123, 124",Many more refs available,Apocynaceae,Marsdenia tenacissima,Marsdenia tenacissima,99319-1,99319-1,Species,Manual
297,Marsdenia tinctoria R. Br.,Marsdenia,tinctoria R. Br.,Yes,"144, C134","Detected (tentative LC-MS), L [144] Isolated [C134]",1.0,,steroidal ,,steroidal [C134],,,,,,,,,,,,,,,,,,,,,1.0,Steroidal esters of nicotinic acid (stems),C134,"Steroid ester alkaloids (stems), C134, and other alkaloids (whole plant) co-occur in this species, C255 ",Apocynaceae,Marsdenia tinctoria,Marsdenia tinctoria,99325-1,99325-1,Species,Manual
298,Marsdenia tomentosa C. Morren & Decne.,Marsdenia,tomentosa C. Morren & Decne.,Yes,"C126, C131","Isolated [C126, C131]",1.0,,steroidal ,,"steroidal [C126, C131]",,,,,,,,,,,,,,,,,,,,,1.0,"Steroids, steroid glycosides, steroidal esters of nicotinic acid (leaves, stems (caules))","C126, C131","Steroid ester alkaloids (leaves, stems (caules)), C126, C131",Apocynaceae,Marsdenia tomentosa,Marsdenia tomentosa,99328-1,99328-1,Species,Manual
315,Monolluma quadrangula (Forssk.) Plowes,Monolluma,quadrangula (Forssk.) Plowes,,,,,,,,,,,,,,,Yes,Extraction,Vitro,0.0,,Yes,"IC50 = 27.5  ± 4.3 μg/mL (MeOH U, K1)",173,,,,,,,1.0,Steroid glycosides (aerial parts),C241,"Species listed as Caralluma quandrangula (synonym), C241",Apocynaceae,Monolluma quadrangula,Monolluma quadrangula,986817-1,986817-1,Species,Manual
317,Myriopteron extensum (Wight) K.Schum.,Myriopteron,extensum (Wight) K.Schum.,,,,,,,,,,,,,,,,,,,,,,,,,,1.0,"Cardenolide glycosides, steroid glycosides (pericarps, roots, whole plant)","C137, C138, C139",1.0,"Cardenolide glycosides, steroid glycosides (pericarps, roots, whole plant)","C137, C138, C139",,Apocynaceae,Myriopteron extensum,Myriopteron extensum,99829-1,99829-1,Species,Manual
318,Nerium oleander L.,Nerium,oleander L.,Yes,116,"Detected (Dragendorff's precipitation assay), L",1.0,,,,,,,1.0,[79],1.0,[79],,,,,,,,,,,,1.0,"Cardenolides, cardenolide glycosides, steroids (leaves, root bark, stems, twigs, wood?)","C5, C140, C141, C142, C143, C144",1.0,"Cardenolides, cardenolide glycosides, steroids (leaves, root bark, stems, twigs, wood?)","C5, C140, C141, C142, C143, C144","Species listed as Nerium odorum (synonym), C5, C144",Apocynaceae,Nerium oleander,Nerium oleander,80460-1,80460-1,Species,Manual
338,Orbea variegata (L.) Haw.,Orbea,variegata (L.) Haw.,,,,,,,,,,,,,,,,,,,,,,,,,,,,,1.0,Steroid glycosides (aerial parts),"C180, C224","Species listed as Stapelia variegata (synonym), C180, C224",Apocynaceae,Orbea variegata,Orbea variegata,99924-1,99924-1,Species,Manual
339,Orthanthera viminea Wight,Orthanthera,viminea Wight,,,,,,,,,,,,,,,,,,,,,,,,,,,,,1.0,"Steroids, steroid glycosides (twigs)","C145, C146","Genus listed as Orthenthera, C145, C146 ",Apocynaceae,Orthanthera viminea,Orthanthera viminea,99950-1,99950-1,Species,Manual
341,Oxystelma esculentum (L. f.) Sm.,Oxystelma,esculentum (L. f.) Sm.,,,,,,,,,,,,,,,,,,,,,,,,,,1.0,"Cardenolide glycosides, steroid glycosides (leaves, roots)","C147, C148, C149",1.0,"Cardenolide glycosides, steroid glycosides (leaves, roots)","C147, C148, C149",,Apocynaceae,Oxystelma esculentum,Oxystelma esculentum,60458242-2,60458242-2,Species,Manual
343,Pachycarpus lineolatus (Decne.) Bullock,Pachycarpus,lineolatus (Decne.) Bullock,,,,,,,,,,,,,,,,,,,,,,,,,,,,,1.0,Steroids (roots),C152,,Apocynaceae,Pachycarpus lineolatus,Pachycarpus lineolatus,100241-1,100241-1,Species,Manual
354,Pentalinon andrieuxii (Müll. Arg.) B. F. Hansen & Wunderlin,Pentalinon,andrieuxii (Müll. Arg.) B. F. Hansen & Wunderlin,,,,,,,,,,,,,,,Yes,Isolation,Vitro,0.0,Active,Yes,"IC50 = 22.5 μM (betulinic acid, F32) [IC50 = 10.3 μg/mL]",231,Compound tested,,,,,,1.0,"Steroids, one steroid glycoside (roots)",C157,,Apocynaceae,Pentalinon andrieuxii,Pentalinon andrieuxii,942488-1,942488-1,Species,Manual
364,Periploca calophylla (Wight) Falc.,Periploca,calophylla (Wight) Falc.,,,,,,,,,,,,,,,,,,,,,,,,,,,,,1.0,"Steroids, steroid glycosides (twigs)","C169, C170",,Apocynaceae,Periploca calophylla,Periploca calophylla,100435-1,100435-1,Species,Manual
365,"Periploca chrysantha D.S. Yao, X.D. Chen & J.W. Ren",Periploca,"chrysantha D.S. Yao, X.D. Chen & J.W. Ren",,,,,,,,,,,,,,,,,,,,,,,,,,,,,1.0,Steroid glycosides (root bark),C172,,Apocynaceae,Periploca chrysantha,Periploca chrysantha,20007318-1,20007318-1,Species,Manual
366,Periploca forrestii Schltr.,Periploca,forrestii Schltr.,,,,,,,,,,,,,,,,,,,,,,,,,,1.0,"Cardenolide glycosides, steroid glycosides (roots)",C164,1.0,"Cardenolide glycosides, steroid glycosides (roots)",C164,,Apocynaceae,Periploca forrestii,Periploca forrestii,100454-1,100454-1,Species,Manual
367,Periploca graeca L.,Periploca,graeca L.,,,,,,,,,,,,,,,,,,,,,,,,,,,,,1.0,Steroid glycosides (branches),C171,,Apocynaceae,Periploca graeca,Periploca graeca,100459-1,100459-1,Species,Manual
370,Periploca sepium Bunge,Periploca,sepium Bunge,,,,,,,,,,,,,,,,,,,,,,,,,,1.0,"Cardenolides, cardenolide glycosides, steroids, steroid glycosides (root bark, whole plant)","C164, C165, C166, C167, C168",1.0,"Cardenolides, cardenolide glycosides, steroids, steroid glycosides (root bark, whole plant)","C164, C165, C166, C167, C168",many more refs available,Apocynaceae,Periploca sepium,Periploca sepium,100502-1,100502-1,Species,Manual
382,Plumeria obtusa L.,Plumeria,obtusa L.,Yes,116,"Detected (Dragendorff's precipitation assay), L",1.0,,,,,,,,,,,,,,,,,,,,,,1.0,"Cardenolides, steroids (leaves, stem bark)",C173,1.0,"Cardenolides, steroids (leaves, stem bark)",C173,,Apocynaceae,Plumeria obtusa,Plumeria obtusa,81256-1,81256-1,Species,Manual
386,Pottsia laxiflora,Pottsia,laxiflora,,,,,,,,,,,,,,,,,,,,,,,,,,,,,1.0,One steroid (roots),C174,,Apocynaceae,Pottsia laxiflora,Pottsia laxiflora,81319-1,81319-1,Species,Manual
428,Solenostemma oleifolium (Nectoux) Bullock & E. A. Bruce ex Maire,Solenostemma,oleifolium (Nectoux) Bullock & E. A. Bruce ex Maire,Yes,253,"Detected (Mayer's), L & Se",1.0,,,,,,,,,,,,,,,,,,,,,,,,,1.0,"Steroids, steroid glycosides and derivatives (aerial parts, hairy seeds, leaves, pericarps)","C175, C176, C177, C178, C179","species listed as solenostemma argel (synonym), C175, C176, C177, C178, C179 many more refs available",Apocynaceae,Solenostemma oleifolium,Solenostemma oleifolium,101435-1,101435-1,Species,Manual
429,Stapelia gigantea N.E.Br.,Stapelia,gigantea N.E.Br.,,,,,,,,,,,,,,,,,,,,,,,,,,,,,1.0,Steroid glycosides (seeds),C226,,Apocynaceae,Stapelia gigantea,Stapelia gigantea,101594-1,101594-1,Species,Manual
430,Stapelia grandiflora Masson,Stapelia,grandiflora Masson,,,,,,,,,,,,,,,,,,,,,,,,,,,,,1.0,Steroids (whole plant),C225,,Apocynaceae,Stapelia grandiflora,Stapelia grandiflora,101605-1,101605-1,Species,Manual
433,Streptocaulon juventas (Lour.) Merr.,Streptocaulon,juventas (Lour.) Merr.,,,,,,,,,,,1.0,R [256],,,Yes,Extraction,Vitro,1.0,Active,,"EC50 = 4.2 μg/mL (MeOH R, FCR-3)",256,,,,1.0,"Cardenolide glycosides, steroids (roots)","C185, C186, C187, C188, C189, C190",1.0,"Cardenolide glycosides, steroids (roots)","C185, C186, C187, C188, C189, C190","Species also listed as Streptocaulon griffithii (synonym), C188, C190, and Streptocaulon tomentosum (synonym), C189",Apocynaceae,Streptocaulon juventas,Streptocaulon juventas,102040-1,102040-1,Species,Manual
507,Telosma pallida (Roxb.) Craib,Telosma,pallida (Roxb.) Craib,Yes,233,"Isolated, R",1.0,,indolizidine,,indolizidine,indolizidine,,,,,,,,,,,,,,,,,,,,1.0,Steroid glycosides (twigs),C163," Alkaloids (roots) co-occur, C257,  species listed as Pergularia pallida (synonym), C163",Apocynaceae,Telosma pallida,Telosma pallida,102161-1,102161-1,Species,Manual
508,Telosma procumbens (Blanco) Merr.,Telosma,procumbens (Blanco) Merr.,,,,,,,,,,,,,,,,,,,,,,,,,,,,,1.0,"Steroids, steroid glycosides (stems)",C204,,Apocynaceae,Telosma procumbens,Telosma procumbens,102163-1,102163-1,Species,Manual
512,Trachelospermum asiaticum (Siebold & Zucc.) Nakai,Trachelospermum,asiaticum (Siebold & Zucc.) Nakai,,,,,,,,,,,,,1.0,"L, S, R [320]",,,,,,,,,,,,,,,1.0,Steroid glycosides (whole plant?),"C212, C213,C 214","Species also listed as Trachelospermum liukiuense (synonym), C214",Apocynaceae,Trachelospermum asiaticum,Trachelospermum asiaticum,82528-1,82528-1,Species,Manual
525,Vincetoxicum amplexicaule Siebold & Zucc.,Vincetoxicum,amplexicaule Siebold & Zucc.,,,,,,,,,,,,,,,,,,,,,,,,,,,,,1.0,Steroid glycoside derivatives (roots),C58,"Species listed as Cynanchum amplexicaule (synonym), C58",Apocynaceae,Vincetoxicum amplexicaule,Vincetoxicum amplexicaule,102666-1,102666-1,Species,Manual
526,Vincetoxicum ascyrifolium Franch. & Sav.,Vincetoxicum,ascyrifolium Franch. & Sav.,,,,,,,,,,,,,,,,,,,,,,,,,,,,,1.0,Steroid glycoside derivatives (roots),C65,"Species listed as Cynanchum ascyrifolium (synonym), C65",Apocynaceae,Vincetoxicum ascyrifolium,Vincetoxicum ascyrifolium,77176914-1,77176914-1,Species,Manual
527,Vincetoxicum atratum (Bung) C. Morren,Vincetoxicum,atratum (Bung) C. Morren,,,,,,,,,,,1.0,[135],,,,,,,,,,,,,,,,,1.0,Steroid glycoside derivatives (roots),"C60, C61","Species listed as Cynanchum atratum (synonym), C60, C61",Apocynaceae,Vincetoxicum atratum,Vincetoxicum atratum,60457664-2,60457664-2,Species,Manual
529,Vincetoxicum chekiangense (M.Cheng) C.Y.Wu & D.Z.Li,Vincetoxicum,chekiangense (M.Cheng) C.Y.Wu & D.Z.Li,,,,,,,,,,,,,,,,,,,,,,,,,,,,,1.0,Steroid glycoside derivatives (roots),C66,"Species listed as Cynanchum chekiangense (synonym), C66",Apocynaceae,Vincetoxicum chekiangense,Vincetoxicum chekiangense,946567-1,946567-1,Species,Manual
530,Vincetoxicum chinense S.Moore,Vincetoxicum,chinense S.Moore,,,,,,,,,,,,,,,,,,,,,,,,,,,,,1.0,Steroid glycoside derivatives (roots),C63,"Species listed as Cynanchum mooreanum, C63",Apocynaceae,Vincetoxicum chinense,Vincetoxicum chinense,102721-1,102721-1,Species,Manual
532,Vincetoxicum forrestii (Schltr.) C. Y. Wu & D. Z. Li,Vincetoxicum,forrestii (Schltr.) C. Y. Wu & D. Z. Li,Yes,133,"Isolated, R",1.0,,indolizidine,,indolizidine; ,indolizidine; ,phenanthroindolizidine,,,,,,,,,,,,,,,,,,,1.0,Steroid glycoside derivatives (roots),"C59, C64","Species listed as Cynanchum limprichtii (synonym), C59, and Cynanchum forrestii (synonym), C64",Apocynaceae,Vincetoxicum forrestii,Vincetoxicum forrestii,946558-1,946558-1,Species,Manual
533,Vincetoxicum glaucescens (Decne.) C.Y.Wu & D.Z.Li,Vincetoxicum,glaucescens (Decne.) C.Y.Wu & D.Z.Li,,,,,,,,,,,,,,,,,,,,,,,,,,,,,1.0,Steroid derivatives (roots),C70,"Speices listed as Cynanchum glaucescens (synonym), C70",Apocynaceae,Vincetoxicum glaucescens,Vincetoxicum glaucescens,946566-1,946566-1,Species,Manual
535,Vincetoxicum hirundinaria Medik.,Vincetoxicum,hirundinaria Medik.,Yes,80,"Isolated, R & A",1.0,,indolizidine,,indolizidine;,indolizidine;,phenanthroindolizidine,,,,,,,,,,,,,Antofine is the alkaloid discussed,,,,,,1.0,Steroid glycoside derivatives (roots),"C217, C218, C219","Many alkaloids co-occur in this species, also listed as Cynanchum vincetoxicum (synonym)",Apocynaceae,Vincetoxicum hirundinaria,Vincetoxicum hirundinaria,102810-1,102810-1,Species,Manual
537,Vincetoxicum mukdenense Kitag.,Vincetoxicum,mukdenense Kitag.,Yes,130,"Isolated, R",1.0,,indolizidine,,indolizidine;,indolizidine;,phenanthroindolizidine,1.0,[136],,,,,,,,,,,,,,,,,1.0,Steroid glycoside derivatives (roots),C67,"Species listed as Cynanchum paniculatum (synonym), C67",Apocynaceae,Vincetoxicum mukdenense,Vincetoxicum mukdenense,102886-1,102886-1,Species,Manual
541,Vincetoxicum spirale (Forssk.) D. Z. Li,Vincetoxicum,spirale (Forssk.) D. Z. Li,Yes,232,"Detected (phytochemical screening), U",1.0,,,,,,,,,,,,,,,,,,,,,,,,,1.0,One steroid (whole plant?),C256,"Species listed as Pentatropis spiralis (synonym), C256",Apocynaceae,Vincetoxicum spirale,Vincetoxicum spirale,946571-1,946571-1,Species,Manual
542,Vincetoxicum stauntonii (Decne.) C.Y.Wu & D.Z.Li,Vincetoxicum,stauntonii (Decne.) C.Y.Wu & D.Z.Li,,,,,,,,,,,,,,,,,,,,,,,,,,,,,1.0,Steroid glycoside derivatives (roots),C57,"Species listed as Cynanchum stauntonii (synonym), C57",Apocynaceae,Vincetoxicum stauntonii,Vincetoxicum stauntonii,946561-1,946561-1,Species,Manual
544,Vincetoxicum sublanceolatum (Miq.) Maxim.,Vincetoxicum,sublanceolatum (Miq.) Maxim.,,,,,,,,,,,,,,,,,,,,,,,,,,,,,1.0,Steroid glycoside derivatives (roots),C62,"Species listed as Cynanchum sublanceolatum (synonym), C62",Apocynaceae,Vincetoxicum sublanceolatum,Vincetoxicum sublanceolatum,103002-1,103002-1,Species,Manual
545,Vincetoxicum taihangense (Tsiang & H.D.Zhang) C.Y.Wu & D.Z.Li,Vincetoxicum,taihangense (Tsiang & H.D.Zhang) C.Y.Wu & D.Z.Li,,,,,,,,,,,,,,,,,,,,,,,,,,,,,1.0,Steroid glycoside derivatives (whole plant),C71,"Species listed as Cynanchum taihangense (synonym), C71",Apocynaceae,Vincetoxicum taihangense,Vincetoxicum taihangense,946568-1,946568-1,Species,Manual
555,Wattakaka lanceolata (T.Cooke) Kerr,Wattakaka,lanceolata (T.Cooke) Kerr,,,,,,,,,,,,,,,,,,,,,,,,,,,,,1.0,Steroid glycosides (roots),C77,Species listed as Dregea lanceolata (synonym),Apocynaceae,Wattakaka lanceolata,Wattakaka lanceolata,103057-1,103057-1,Species,Manual
556,Wattakaka volubilis (L.f.) Stapf,Wattakaka,volubilis (L.f.) Stapf,Yes,119,"Detected (unclear), U",1.0,,,,,,,,,,,,,,,,,,,,,,,,,1.0,Steroid glycosides (flowers),C76,Species listed as Dregea volubilis (synonym),Apocynaceae,Wattakaka volubilis,Wattakaka volubilis,103061-1,103061-1,Species,Manual
565,Wrightia tinctoria (Roxb.) R. Br.,Wrightia,tinctoria (Roxb.) R. Br.,Yes,"KN, 144","Isolated, U [KN] Detected (LC-MS), L [144], Detected (phytochemical screening), L [287]",1.0,,indole,,indole,,,,,1.0,[79],Yes,Extraction,Vitro,0.0,Inactive,Yes,"IC50 = 160 μg/mL (EtOH F, 3D7)",164,,,,,,,1.0,"Steroids (immature seed pods, seeds)","C220, C221",,Apocynaceae,Wrightia tinctoria,Wrightia tinctoria,82890-1,82890-1,Species,Manual
585,Anthospermum perrieri Homolle ex Puff,Anthospermum,perrieri Homolle ex Puff,,,,,,,,,,,,,,,,,,,,,,,,,,0.0,,,1.0,Steroids,C39,,Rubiaceae,Anthospermum perrieri,Anthospermum perrieri,930436-1,930436-1,Species,Manual
633,Chione venosa (Sw.) Urb.,Chione,venosa (Sw.) Urb.,Yes,211,"Isolated, B & R",1.0,,Misc. two N,,(di)azine,(di)azine,o-Hydroxy-acetophenone-azine,,,,,,,,,,,,,,,,0.0,,,1.0,Sterols and sterol glycosides,C2,Chione venosa (Sw.) Urb. produces (at least) one alkaloid,Rubiaceae,Chione venosa,Chione venosa,56650-2,56650-2,Species,Manual
656,Coffea arabica L.,Coffea,arabica L.,Yes,"KN, 47","Isolated, U [KN] Isolated, Fr [47]",1.0,,pyrazine; pyridine; indole; purine,,pyrazine; [KN]; pyridine [KN]; indole [KN]; purine,purine,,1.0,209,1.0,14,Yes,Extraction,Vitro,0.0,Inactive,Yes,"39.7  ± 12.4 % Inhibition at 10 μg/mL (EtOAc L, FcB1)",45,,,,0.0,,,1.0,Sterols ,C3,,Rubiaceae,Coffea arabica,Coffea arabica,747038-1,747038-1,Species,Manual
666,Condaminea corymbosa (Ruiz & Pav.) DC.,Condaminea,corymbosa (Ruiz & Pav.) DC.,Yes,68,"Detected (Dragendorff), L & Fl & F",1.0,,,,,,,,,,,,,,,,,,,,,,0.0,,,1.0,Cycloartenol derivatives,C12,,Rubiaceae,Condaminea corymbosa,Condaminea corymbosa,1010049-2,1010049-2,Species,Manual
667,Coptosapelta tomentosa (Blume) Valeton ex K.Heyne,Coptosapelta,tomentosa (Blume) Valeton ex K.Heyne,Yes,215,"Isolated, R",1.0,,simple amine,,simple amine,,simple amine on naphtoquinone,,,,,,,,,,,,,,,,0.0,,,1.0,Cycloartenol derivatives,C7,,Rubiaceae,Coptosapelta tomentosa,Coptosapelta tomentosa,747553-1,747553-1,Species,Manual
668,Coptosperma graveolens (S. Moore) Degreef,Coptosperma,graveolens (S. Moore) Degreef,,,,,,,,,,,1.0,177,,,Yes,Extraction,Vitro,0.0,Weak,Yes,"IC50 = 33.2 μg/mL (MeOH Sb, D6)",177,,,,0.0,,,1.0,Cycloartenol derivatives,C15,,Rubiaceae,Coptosperma graveolens,Coptosperma graveolens,20009937-1,20009937-1,Species,Manual
669,Cordiera sessilis (Vell.) Kuntze,Cordiera,sessilis (Vell.) Kuntze,Yes,51,"Detected (Dragendorff), L",1.0,,,,,,,,,,,,,,,,,,,,,,0.0,,,1.0,Cycloartenol derivatives,C8,,Rubiaceae,Cordiera sessilis,Cordiera sessilis,65657-2,65657-2,Species,Manual
670,Corynanthe johimbe K. Schum.,Corynanthe,johimbe K. Schum.,Yes,102,"Isolated, U",1.0,,MIA; indole; monoterpene; quinolizidine,,MIA; ,monoterpenoid; indole; quinolizidine,,,,,,,,,,,,,,,,,0.0,,,1.0,Cycloartenol derivatives,C17,,Rubiaceae,Corynanthe johimbe,Corynanthe johimbe,747599-1,747599-1,Species,Manual
671,Corynanthe pachyceras K. Schum.,Corynanthe,pachyceras K. Schum.,Yes,52,"Isolated, B",1.0,,MIA; indole; monoterpene; quinolizidine,,MIA; ,monoterpenoid; indole; quinolizidine,,,,,,Yes,Isolation,Vitro,0.0,Weak,Yes,"IC50 = 41.1 ± 2.5 μM (coryantheidine, 3D7) [IC50 = 15.3 μg/mL]",52,,,,0.0,,,1.0,dammarane derivatives,C4,,Rubiaceae,Corynanthe pachyceras,Corynanthe pachyceras,747604-1,747604-1,Species,Manual
672,Cosmibuena grandiflora (Ruiz & Pav.) Rusby,Cosmibuena,grandiflora (Ruiz & Pav.) Rusby,Yes,68,"Detected (Dragendorff), L & Fl",1.0,,,,,,,1.0,"109, 209",,,,,,,,,,,,,,0.0,,,1.0,Dammarane derivatives,C16,,Rubiaceae,Cosmibuena grandiflora,Cosmibuena grandiflora,66725-2,66725-2,Species,Manual
673,Cosmibuena valerii (Standl.) C. M. Taylor,Cosmibuena,valerii (Standl.) C. M. Taylor,Yes,68,"Detected (Dragendorff), L",1.0,,,,,,,,,,,,,,,,,,,,,,0.0,,,1.0,Pregnane derivatives,C5,,Rubiaceae,Cosmibuena valerii,Cosmibuena valerii,964800-1,964800-1,Species,Manual
674,Coussarea macrophylla (Mart.) Müll.Arg.,Coussarea,macrophylla (Mart.) Müll.Arg.,,,,,,,,,,,,,,,,,,,,,,,,,,0.0,,,1.0,Steroidal amides (alkaloids?),C18/C37,Heinsia crinita produces steroidal amides (alkaloids?),Rubiaceae,Coussarea macrophylla,Coussarea macrophylla,747706-1,747706-1,Species,Manual
675,Coussarea suaveolens (Duchass. ex Griseb.) C. M. Taylor,Coussarea,suaveolens (Duchass. ex Griseb.) C. M. Taylor,,,,,,,,,,,,,,,Yes,Extraction,Vitro,0.0,Inactive,Yes,"IC50 > 10 μg/mL (80% EtOH L & S, W2)",158,,,,0.0,,,1.0,Sterol glycosides,C33,,Rubiaceae,Coussarea suaveolens,Coussarea suaveolens,77211683-1,77211683-1,Species,Manual
676,Coutarea hexandra (Jacq.) K. Schum,Coutarea,hexandra (Jacq.) K. Schum,Yes,68,"Detected (Dragendorff), Fl",1.0,,,,,,,1.0,"14, 209",1.0,14,,,,,,,,,An in vitro APM study has been performed on coutarea latiflora but I did not have access,,,0.0,,,1.0,Sterols,C35,,Rubiaceae,Coutarea hexandra,Coutarea hexandra,67491-2,67491-2,Species,Manual
677,Craterispermum laurinum (Poir.) Benth.,Craterispermum,laurinum (Poir.) Benth.,Yes,57,"Detected (Phytochemical screening), RB & SB",1.0,,,,,,,1.0,56/62,,,,,,,,,,,,,,0.0,,,1.0,,,Greeniopsis sibuyanensis Elmer produces alkaloids and steroids (though no molecules have been isolated),Rubiaceae,Craterispermum laurinum,Craterispermum laurinum,747810-1,747810-1,Species,Manual
841,Mussaenda macrophylla Wall.,Mussaenda,macrophylla Wall.,Yes,149,"Detected (Dragendorff), L",1.0,,,,,,,,,,,,,,,,,,,,,,0.0,,,1.0,Sterol glycosides,C27,,Rubiaceae,Mussaenda macrophylla,Mussaenda macrophylla,756718-1,756718-1,Species,Manual
842,Mussaenda pubescens Dryand.,Mussaenda,pubescens Dryand.,Yes,227,"Isolated, A",1.0,,steroidal,,steroidal,,saponin amide,,,,,,,,,,,,,,,,0.0,,,1.0,Cycloartane glycosides,C23/C24/C25/C26,Steroidal amides (alkaloids?) have also been isolated from Mussaenda pubescens (see C24),Rubiaceae,Mussaenda pubescens,Mussaenda pubescens,756781-1,756781-1,Species,Manual
847,Myrmecodia pendens Merr. & L.M.Perry,Myrmecodia,pendens Merr. & L.M.Perry,,,,,,,,,,,,,,,,,,,,,,,,,,0.0,,,1.0,Steroids and sterol glycosides,C28,,Rubiaceae,Myrmecodia pendens,Myrmecodia pendens,328917-2,328917-2,Species,Manual
904,Oxyanthus pallidus Hiern,Oxyanthus,pallidus Hiern,,,,,,,,,,,,,,,,,,,,,,,,,,0.0,,,1.0,Cycloartenol glycosides,C29,,Rubiaceae,Oxyanthus pallidus,Oxyanthus pallidus,758800-1,758800-1,Species,Manual
906,Paederia foetida L.,Paederia,foetida L.,Yes,239,"Detected (phytochemical investigations), L",1.0,,,,,,,,,,,,,,,,,,,,,,0.0,,,1.0,Sterols,C30,Paederia foetida L. produces alkaloids,Rubiaceae,Paederia foetida,Paederia foetida,758897-1,758897-1,Species,Manual
974,Pentas lanceolata (Forssk.) Deflers,Pentas,lanceolata (Forssk.) Deflers,Yes,146,"Isolated, A",1.0,,MIA; monoterpene; indole; quinoline; indolizidine,,quinoline; indole,quinoline; glycoside; monoterpenoid; indolizidine; beta-carboline,,1.0,66,,,Yes,Extraction,Vitro,0.0,,Yes,"IC50 = 16.22 ± 1.80 μg/mL (MeOH Rb, 3D7)",66,Compounds tested [142],,,0.0,,,1.0,Cycloartanes,C22,,Rubiaceae,Pentas lanceolata,Pentas lanceolata,760275-1,760275-1,Species,Manual
983,Prismatomeris fragrans E. T. Geddes,Prismatomeris,fragrans E. T. Geddes,,,,,,,,,,,,,,,Yes,Isolation,Vitro,0.0,Weak,Yes,"IC50 = 5.9  μg/mL [11.8 μM] (oleanolic acid acetate compd. 9 (triterpene), K1)",156,Compounds tested,,,0.0,,,1.0,Sterols,C32,,Rubiaceae,Prismatomeris fragrans,Prismatomeris fragrans,761131-1,761131-1,Species,Manual
1032,Richardia grandiflora (Cham. & Schltdl.) Steud.,Richardia,grandiflora (Cham. & Schltdl.) Steud.,,,,,,,,,,,,,,,,,,,,,,,,,,0.0,,,1.0,Sterols,C31,,Rubiaceae,Richardia grandiflora,Richardia grandiflora,764663-1,764663-1,Species,Manual
1074,Serissa japonica (Thunb.) Thunb.,Serissa,japonica (Thunb.) Thunb.,,,,,,,,,,,,,,,,,,,,,,,,,,0.0,,,1.0,Sterols,C40,"Species listed as Serissa serissiodes, synonym",Rubiaceae,Serissa japonica,Serissa japonica,766327-1,766327-1,Species,Manual
1075,"Simira alba (Mart.) Delprete, Margalho & Groppo",Simira,"alba (Mart.) Delprete, Margalho & Groppo",Yes,102,"Isolated, U ",1.0,,MIA; indole; monoterpene,,MIA,,,,,,,,,,,,,,,Simira mexicana also has a paper about its alkaloids but I did not have access to this,,,0.0,,,1.0,Sterols,C41,"Species listed as Simira glaziolii, synonym",Rubiaceae,Simira alba,Simira alba,77209436-1,77209436-1,Species,Manual
1083,Solenandra mexicana (A. Gray) Borhidi,Solenandra,mexicana (A. Gray) Borhidi,Yes,68,"Detected (Dragendorff), L",1.0,,,,,,,1.0,"73, 209",,,Yes,Isolation,Vitro,0.0,Active,Yes,"IC50 = 3.6 & 1.6 μg/mL [10 μM & 4.7μM](O-methylexostemin, poW & Dd2)",73,,,,0.0,,,1.0,Sterols and sterol glycosides,C6,,Rubiaceae,Solenandra mexicana,Solenandra mexicana,20010093-1,20010093-1,Species,Manual
1098,Stenostomum acutatum DC.,Stenostomum,acutatum DC.,Yes,,,,,,,,,,,,,,,,,,,,,,,,,0.0,,,1.0,Cycloartenol derivates,C1,"Species listed as Antirhea acutata, synonym",Rubiaceae,Stenostomum acutatum,Stenostomum acutatum,767116-1,767116-1,Species,Manual
1102,Strumpfia maritima Jacq.,Strumpfia,maritima Jacq.,,,,,,,,,,,,,,,,,,,,,,,,,,0.0,,,1.0,One steroid (cabraleone),C42,,Rubiaceae,Strumpfia maritima,Strumpfia maritima,767228-1,767228-1,Species,Manual
1106,Tarenna gracilipes (Hayata) Ohwi,Tarenna,gracilipes (Hayata) Ohwi,,,,,,,,,,,,,,,,,,,,,,,,,,0.0,,,1.0,Cycloartenol glycosides,C43/C44,,Rubiaceae,Tarenna gracilipes,Tarenna gracilipes,767477-1,767477-1,Species,Manual
1107,Tarenna obtusifolia Merr.,Tarenna,obtusifolia Merr.,,,,,,,,,,,,,,,,,,,,,,,,,,0.0,,,1.0,Sterols,C45,,Rubiaceae,Tarenna obtusifolia,Tarenna obtusifolia,767550-1,767550-1,Species,Manual
