,Latin or scientific name,Common name,Rating,Accepted_Name,Accepted_Species,Accepted_Species_ID,Accepted_ID,Accepted_Rank,Source
1,Abelmoschus esculentus,Lady's fingers,1,Abelmoschus esculentus,Abelmoschus esculentus,558006-1,558006-1,Species,CPCS
2,Abrus precatorius,Black-eyed Susan,4,Abrus precatorius,Abrus precatorius,469605-1,469605-1,Species,CPCS
3,Abrus precatorius,Indian bead or bean,4,Abrus precatorius,Abrus precatorius,469605-1,469605-1,Species,CPCS
4,Abrus precatorius,Jequirity bean,4,Abrus precatorius,Abrus precatorius,469605-1,469605-1,Species,CPCS
5,Abrus precatorius,Licorice vine,4,Abrus precatorius,Abrus precatorius,469605-1,469605-1,Species,CPCS
6,Abrus precatorius,"Licorice, Indian",4,Abrus precatorius,Abrus precatorius,469605-1,469605-1,Species,CPCS
7,Abrus precatorius,"Licorice, wild",4,Abrus precatorius,Abrus precatorius,469605-1,469605-1,Species,CPCS
8,Abrus precatorius,Love bean,4,Abrus precatorius,Abrus precatorius,469605-1,469605-1,Species,CPCS
9,Abrus precatorius,Lucky bean,4,Abrus precatorius,Abrus precatorius,469605-1,469605-1,Species,CPCS
10,Abrus precatorius,Prayer bead or bean,4,Abrus precatorius,Abrus precatorius,469605-1,469605-1,Species,CPCS
11,Abrus precatorius,Precatory pea or bean,4,Abrus precatorius,Abrus precatorius,469605-1,469605-1,Species,CPCS
12,Abrus precatorius,Rosary bean or pea,4,Abrus precatorius,Abrus precatorius,469605-1,469605-1,Species,CPCS
13,Abrus precatorius,Seminole bead,4,Abrus precatorius,Abrus precatorius,469605-1,469605-1,Species,CPCS
14,Abrus precatorius,Wild licorice,4,Abrus precatorius,Abrus precatorius,469605-1,469605-1,Species,CPCS
15,Abutilon hybridum,Chinese lantern,1,,,,,,CPCS
16,Abutilon hybridum,Flowering maple,1,,,,,,CPCS
17,Acalypha hispida,Chenille plant,13,Acalypha hispida,Acalypha hispida,337478-1,337478-1,Species,CPCS
18,Acalypha hispida,Foxtail,13,Acalypha hispida,Acalypha hispida,337478-1,337478-1,Species,CPCS
19,Acalypha hispida,Red hot cat tail,13,Acalypha hispida,Acalypha hispida,337478-1,337478-1,Species,CPCS
20,Acalypha wilkesiana,Fire-dragon,3,Acalypha wilkesiana,Acalypha wilkesiana,337939-1,337939-1,Species,CPCS
21,Acalypha wilkesiana,Match-me-if-you-can,1,Acalypha wilkesiana,Acalypha wilkesiana,337939-1,337939-1,Species,CPCS
22,Achillea millefolium,Gordoloba,13,Achillea millefolium,Achillea millefolium,2294-2,2294-2,Species,CPCS
23,Achillea millefolium,Yarrow,"1, 3",Achillea millefolium,Achillea millefolium,2294-2,2294-2,Species,CPCS
24,Acokanthera spp,Poison bush,4,Acokanthera,,,2171-1,Genus,CPCS
25,Aconitium napellus,Aconite,4,,,,,,CPCS
26,Aconitium napellus,Helmet flower,4,,,,,,CPCS
27,Aconitium napellus,Monkshood,4,,,,,,CPCS
28,Aconitium napellus,Wolfsbane,4,,,,,,CPCS
29,Acorus calamus,Sweet flag,1,Acorus calamus,Acorus calamus,84009-1,84009-1,Species,CPCS
30,Actaea rubra,Baneberry,14,Actaea rubra,Actaea rubra,1082557-2,1082557-2,Species,CPCS
31,Actaea spicata,Cohosh,14,Actaea spicata,Actaea spicata,303913-2,303913-2,Species,CPCS
32,Actaea spicata,Coralberry,14,Actaea spicata,Actaea spicata,303913-2,303913-2,Species,CPCS
33,Actaea spicata,Dolls-eyes,14,Actaea spicata,Actaea spicata,303913-2,303913-2,Species,CPCS
34,Actaea spicata,Snakeberry,14,Actaea spicata,Actaea spicata,303913-2,303913-2,Species,CPCS
35,Adenium obesum,Desert rose,4,Adenium obesum,Adenium obesum,76369-1,76369-1,Species,CPCS
36,Aesculus californica,California buckeye,3,Aesculus californica,Aesculus californica,781583-1,781583-1,Species,CPCS
37,Aesculus glabra,Ohio buckeye,3,Aesculus glabra,Aesculus glabra,30124420-2,30124420-2,Species,CPCS
38,Aesculus pavia,Fire cracker plant,3,Aesculus pavia,Aesculus pavia,781619-1,781619-1,Species,CPCS
39,Aesculus spp,Buckeye,3,Aesculus,,,36263-1,Genus,CPCS
40,Aesculus spp,Horse chestnut,3,Aesculus,,,36263-1,Genus,CPCS
41,Aethusa cynapium,False parsley,4,Aethusa cynapium,Aethusa cynapium,837341-1,837341-1,Species,CPCS
42,Aethusa cynapium,Foolâs parsley,4,Aethusa cynapium,Aethusa cynapium,837341-1,837341-1,Species,CPCS
43,Agapanthus spp,African lily,1,Agapanthus,,,331131-2,Genus,CPCS
44,Agapanthus spp,Agapanthus,1,Agapanthus,,,331131-2,Genus,CPCS
45,Agapanthus spp,Lily of the Nile,1,Agapanthus,,,331131-2,Genus,CPCS
46,Agave americana,Century plant,13,Agave americana,Agave americana,319063-2,319063-2,Species,CPCS
47,Agave uthaensisâdo not confuse with Lophophora williamsii (peyote),Mescalâdo not confuse with Lophophora williamsii (peyote),13,Lophophora williamsii,Lophophora williamsii,143606-2,143606-2,Species,CPCS
48,Ageratum conyzoides,Pussy foot,3,Ageratum conyzoides,Ageratum conyzoides,7086-2,7086-2,Species,CPCS
49,Aleurites fordii,Kalo nut,13,Vernicia fordii,Vernicia fordii,358198-1,358198-1,Species,CPCS
50,Aleurites moluccana,Candle berry tree,13,,,,,,CPCS
51,Aleurites moluccana,Candlenut oil tree,13,,,,,,CPCS
52,Aleurites moluccana,Varnish tree,13,,,,,,CPCS
53,Allium ampeloprasum,Elephant garlic,13,Allium ampeloprasum,Allium ampeloprasum,332079-2,332079-2,Species,CPCS
54,Allium ampeloprasum,Wild leek,13,Allium ampeloprasum,Allium ampeloprasum,332079-2,332079-2,Species,CPCS
55,Allium cepa,Onion (large quantities),13,Allium cepa,Allium cepa,527795-1,527795-1,Species,CPCS
56,Allium cernuum,"Onion, wild",13,Allium cernuum,Allium cernuum,527801-1,527801-1,Species,CPCS
57,Allium sativum,Allium,13,Allium sativum,Allium sativum,528796-1,528796-1,Species,CPCS
58,Allium sativum,Garlic,13,Allium sativum,Allium sativum,528796-1,528796-1,Species,CPCS
59,Allium sativum,Nectar of the gods,13,Allium sativum,Allium sativum,528796-1,528796-1,Species,CPCS
60,Allium sativum,Stinking rose,13,Allium sativum,Allium sativum,528796-1,528796-1,Species,CPCS
61,Allium spp,Wild garlic,13,Allium,,,30000901-2,Genus,CPCS
62,Allium spp,Wild onion,13,Allium,,,30000901-2,Genus,CPCS
63,Alnus spp,Alder tree,1,Alnus,,,30000643-2,Genus,CPCS
64,Alocasia,Elephant's ear,"1,2a",Alocasia,,,1078078-2,Genus,CPCS
65,Alocasia macrorrhiza,Taro,2a,,,,,,CPCS
66,Alocasia spp,Alocasia,2a,Alocasia,,,1078078-2,Genus,CPCS
67,Aloe barbadensis,Aloe vera,13,Aloe vera,Aloe vera,530017-1,530017-1,Species,CPCS
68,Aloe barbadensis,Indian aloe,13,Aloe vera,Aloe vera,530017-1,530017-1,Species,CPCS
69,Aloe barbadensis,Medicinal aloe,13,Aloe vera,Aloe vera,530017-1,530017-1,Species,CPCS
70,Aloe spp,Medicine plant,13,Aloe,,,30106039-2,Genus,CPCS
71,Alstroemeria aurantiaca,Alstroemeria,13,Alstroemeria aurea,Alstroemeria aurea,62457-1,62457-1,Species,CPCS
72,Alstroemeria aurantiaca,Lily of the Incas,13,Alstroemeria aurea,Alstroemeria aurea,62457-1,62457-1,Species,CPCS
73,Alstroemeria spp,Peruvian lily,13,Alstroemeria,,,326331-2,Genus,CPCS
74,Alystegia sepium,Bindweed,13,,,,,,CPCS
75,Alystegia sepium,Wild morning glory,13,,,,,,CPCS
76,Amaryllis belladonna,Amaryllis belladonna,3,Amaryllis belladonna,Amaryllis belladonna,62705-1,62705-1,Species,CPCS
77,Amaryllis belladonna,Belladonna lily,3,Amaryllis belladonna,Amaryllis belladonna,62705-1,62705-1,Species,CPCS
78,Amaryllis belladonna,Cape belladonna,3,Amaryllis belladonna,Amaryllis belladonna,62705-1,62705-1,Species,CPCS
79,Amaryllis belladonna,Naked lady,3,Amaryllis belladonna,Amaryllis belladonna,62705-1,62705-1,Species,CPCS
80,Amaryllis spp,Amaryllis,3,Amaryllis,,,331133-2,Genus,CPCS
81,Ambrosia artemisiifolia,Ragweed,1,Ambrosia artemisiifolia,Ambrosia artemisiifolia,176058-1,176058-1,Species,CPCS
82,Ammi majus,Bishop's weed,1,Ammi majus,Ammi majus,837486-1,837486-1,Species,CPCS
83,Ammi majus,False Queen Anneâs lace,1,Ammi majus,Ammi majus,837486-1,837486-1,Species,CPCS
84,Ammi majus,Ladyâs lace,1,Ammi majus,Ammi majus,837486-1,837486-1,Species,CPCS
85,Amorphophallus rivieri,Devilâs tongue,"1,2a",,,,,,CPCS
86,Amorphophallus rivieri,Leopard palm,"1,2a",,,,,,CPCS
87,Amorphophallus rivieri,Voodoo lily,"1,2a",,,,,,CPCS
88,Andromeda japonica,Lily-of-the-valley bush or shrub,4,Micromelum compressum var. compressum,Micromelum compressum,774379-1,77226526-1,Variety,CPCS
89,Anemone nuttalliana,Lion's beard,13,Pulsatilla nuttalliana,Pulsatilla nuttalliana,1218474-2,1218474-2,Species,CPCS
90,Anemone patens,Easter flower,13,Pulsatilla halleri subsp. halleri,Pulsatilla halleri,711980-1,77226481-1,Subspecies,CPCS
91,Anemone patens,Pasque flower,13,Pulsatilla halleri subsp. halleri,Pulsatilla halleri,711980-1,77226481-1,Subspecies,CPCS
92,Anemone patens,Prairie crocus,13,Pulsatilla halleri subsp. halleri,Pulsatilla halleri,711980-1,77226481-1,Subspecies,CPCS
93,Anemone patens,Wild crocus,13,Pulsatilla halleri subsp. halleri,Pulsatilla halleri,711980-1,77226481-1,Subspecies,CPCS
94,Anemone spp,Anemone,13,Anemone,,,330847-2,Genus,CPCS
95,Anemone spp,Windflower,13,Anemone,,,330847-2,Genus,CPCS
96,Angelica archangelica,Angelica,14,Angelica archangelica,Angelica archangelica,837560-1,837560-1,Species,CPCS
97,Angelica archangelica,Archangel,14,Angelica archangelica,Angelica archangelica,837560-1,837560-1,Species,CPCS
98,Angelica archangelica,Wild parsnip,14,Angelica archangelica,Angelica archangelica,837560-1,837560-1,Species,CPCS
99,Anthemis cotula,Camomile,1,Anthemis cotula,Anthemis cotula,177259-1,177259-1,Species,CPCS
100,Anthemis cotula,Chamomile,1,Anthemis cotula,Anthemis cotula,177259-1,177259-1,Species,CPCS
101,Anthemis cotula,Dog fennel,1,Anthemis cotula,Anthemis cotula,177259-1,177259-1,Species,CPCS
102,Anthurium scherzeranum,Flamingo flower,2a,,,,,,CPCS
103,Anthurium spp,Anthurium,2a,Anthurium,,,329747-2,Genus,CPCS
104,Apocynum cannabinum,Indian hemp,4?,Apocynum cannabinum,Apocynum cannabinum,16527-2,16527-2,Species,CPCS
105,Araujia sericifera,Cruel plant,13,Araujia sericifera,Araujia sericifera,30117279-2,30117279-2,Species,CPCS
106,Arctostaphylos uva-ursi,Redberry,14,Arctostaphylos uva-ursi,Arctostaphylos uva-ursi,1024084-2,1024084-2,Species,CPCS
107,Arctostaphylos uva-ursi,Sandberry,14,Arctostaphylos uva-ursi,Arctostaphylos uva-ursi,1024084-2,1024084-2,Species,CPCS
108,Arena fatua,Wild oats,3,,,,,,CPCS
109,Argemone glauca,Hawaiian poppy,4,Argemone glauca,Argemone glauca,671698-1,671698-1,Species,CPCS
110,Argemone glauca,Hawaiian prickly poppy,4,Argemone glauca,Argemone glauca,671698-1,671698-1,Species,CPCS
111,Argemone mexicana,Mexican prickle poppy,4,Argemone mexicana,Argemone mexicana,18816-2,18816-2,Species,CPCS
112,Argemone mexicana,Prickly poppy,4,Argemone mexicana,Argemone mexicana,18816-2,18816-2,Species,CPCS
113,Argemone mexicana,Thornapple,4,Argemone mexicana,Argemone mexicana,18816-2,18816-2,Species,CPCS
114,Argyreia nervosa,Hawaiian baby woodrose (seeds),4,Argyreia nervosa,Argyreia nervosa,265238-1,265238-1,Species,CPCS
115,Arisaema dracontium,Dragon tail,2a,Arisaema dracontium,Arisaema dracontium,85629-1,85629-1,Species,CPCS
116,Arisaema dracontium,Green dragon,2a,Arisaema dracontium,Arisaema dracontium,85629-1,85629-1,Species,CPCS
117,Arisaema spp,Dragon root,2a,Arisaema,,,328148-2,Genus,CPCS
118,Arisaema triphyllum,Devilsâ ear,"1,2a",Arisaema triphyllum,Arisaema triphyllum,1107169-2,1107169-2,Species,CPCS
119,Arisaema triphyllum,Jack-in-the-pulpit,"1,2a",Arisaema triphyllum,Arisaema triphyllum,1107169-2,1107169-2,Species,CPCS
120,Arisaema triphyllum,Wild turnip,"1,2a",Arisaema triphyllum,Arisaema triphyllum,1107169-2,1107169-2,Species,CPCS
121,Aristolochia elegans,Calico flower,4,Aristolochia littoralis,Aristolochia littoralis,93074-1,93074-1,Species,CPCS
122,Aristolochia serpentaria,Snakeroot,4,Aristolochia serpentaria,Aristolochia serpentaria,93333-1,93333-1,Species,CPCS
123,Armoracia rusticana,Horseradish,3,Armoracia rusticana,Armoracia rusticana,278747-1,278747-1,Species,CPCS
124,Arnica montana,Leopard's bane,14,Arnica montana,Arnica montana,30090722-2,30090722-2,Species,CPCS
125,Arnica montana,Mountain tobacco,14,Arnica montana,Arnica montana,30090722-2,30090722-2,Species,CPCS
126,Arnica spp,Arnica,14,Arnica,,,329191-2,Genus,CPCS
127,Arnica spp,Wolf's bane,4,Arnica,,,329191-2,Genus,CPCS
128,Artemesia absinthium,Absinth,4,,,,,,CPCS
129,Artemisia spp,Sagebrush,4,Artemisia,,,30001021-2,Genus,CPCS
130,Artemisia spp,Wormseed or wormwood,4,Artemisia,,,30001021-2,Genus,CPCS
131,Arum italicum,Italian arum,2a,Arum italicum,Arum italicum,86047-1,86047-1,Species,CPCS
132,Arum maculatum,Adam-and-Eve,"1,2a",Arum maculatum,Arum maculatum,86067-1,86067-1,Species,CPCS
133,Arum maculatum,Lord and ladies,"1,2a",Arum maculatum,Arum maculatum,86067-1,86067-1,Species,CPCS
134,Arum spp,Arum,"1,2a",Arum,,,328149-2,Genus,CPCS
135,Asarum canadense,Wild ginger,4,Asarum canadense,Asarum canadense,93467-1,93467-1,Species,CPCS
136,Asclepias spp,Indian paint brush,4,Asclepias,,,30005968-2,Genus,CPCS
137,Asclepias spp,Milkweed,4,Asclepias,,,30005968-2,Genus,CPCS
138,Asclepias syriaca,Silk weed,4,Asclepias syriaca,Asclepias syriaca,319076-2,319076-2,Species,CPCS
139,Asclepias tuberosa,Butterfly weed,4,Asclepias tuberosa,Asclepias tuberosa,94704-1,94704-1,Species,CPCS
140,Astragalus spp,Locoweed,4,Astragalus,,,330028-2,Genus,CPCS
141,Atropa belladonna,Belladonna,4,Atropa bella-donna,Atropa bella-donna,814358-1,814358-1,Species,CPCS
142,Atropa belladonna,Deadly nightshade,4,Atropa bella-donna,Atropa bella-donna,814358-1,814358-1,Species,CPCS
143,Aucuba japonica,Japanese aucuba,3,Aucuba japonica,Aucuba japonica,271451-1,271451-1,Species,CPCS
144,Aucuba japonica,Japanese laurel,3,Aucuba japonica,Aucuba japonica,271451-1,271451-1,Species,CPCS
146,Berberis spp,Barberry,4,Berberis,,,328526-2,Genus,CPCS
147,Bougainvillea spp,Bougainvillea,1,Bougainvillea,,,331418-2,Genus,CPCS
148,Bougainvillea spp,Paper flower,1,Bougainvillea,,,331418-2,Genus,CPCS
149,Brosimum guainense,Snakewood,1,,,,,,CPCS
150,Browallia spp,Amethyst flower,1,Browallia,,,328952-2,Genus,CPCS
151,Browallia spp,Sapphire flower,1,Browallia,,,328952-2,Genus,CPCS
152,Brunfelsia americana,Lady-of-the-night,4,Brunfelsia americana,Brunfelsia americana,319114-2,319114-2,Species,CPCS
153,Brunfelsia spp,Morning-noon-and-night,4,Brunfelsia,,,328954-2,Genus,CPCS
154,Brunfelsia spp,Yesterday-and-today,4,Brunfelsia,,,328954-2,Genus,CPCS
155,Brunfelsia spp,Yesterday-today-and-tomorrow,4,Brunfelsia,,,328954-2,Genus,CPCS
156,Brunfelsia undulata,Rain tree,4,Brunfelsia undulata,Brunfelsia undulata,814695-1,814695-1,Species,CPCS
157,Bryonia spp,"Hops, wild",3,Bryonia,,,30074180-2,Genus,CPCS
158,Buxus sempervirens,Boxwood,14,Buxus sempervirens,Buxus sempervirens,340317-1,340317-1,Species,CPCS
160,Caesalpinia gilliesii,Bird of paradise,3,Erythrostemon gilliesii,Erythrostemon gilliesii,494656-1,494656-1,Species,CPCS
161,Caesalpinia mexicana,Mexican bird of paradise,3,Erythrostemon mexicanus,Erythrostemon mexicanus,60473357-2,60473357-2,Species,CPCS
162,Caesalpinia pulcherrima,Barbados flower,3,Caesalpinia pulcherrima,Caesalpinia pulcherrima,1164658-2,1164658-2,Species,CPCS
163,Caesalpinia pulcherrima,Peacock flower,3,Caesalpinia pulcherrima,Caesalpinia pulcherrima,1164658-2,1164658-2,Species,CPCS
164,Caesalpinia pulcherrima,Pride of Barbados,3,Caesalpinia pulcherrima,Caesalpinia pulcherrima,1164658-2,1164658-2,Species,CPCS
165,Caesalpinia spp,Barbados pride,3,Caesalpinia,,,30003203-2,Genus,CPCS
166,Caesalpinia spp,Poinciana,3,Caesalpinia,,,30003203-2,Genus,CPCS
167,Caladium,Angel wings,2a,Caladium,,,30005919-2,Genus,CPCS
168,Caladium,Caladium,2a,Caladium,,,30005919-2,Genus,CPCS
169,Caladium,Elephant's ear,2a,Caladium,,,30005919-2,Genus,CPCS
170,Caladium,Mother in law plant,2a,Caladium,,,30005919-2,Genus,CPCS
171,Caladium bicolor,Heart-of-Jesus,2a,Caladium bicolor,Caladium bicolor,30010088-2,30010088-2,Species,CPCS
172,Calla palustris,Wild calla,2a,Calla palustris,Calla palustris,86508-1,86508-1,Species,CPCS
173,Calluna vulgaris,Heath/Heather,4,Calluna vulgaris,Calluna vulgaris,327305-1,327305-1,Species,CPCS
174,Calluna vulgaris,Scotch heather,4,Calluna vulgaris,Calluna vulgaris,327305-1,327305-1,Species,CPCS
175,Calocedrus decurrens,Incense cedar,1,Calocedrus decurrens,Calocedrus decurrens,42548-2,42548-2,Species,CPCS
176,Calophyllum inophyllum,"Laurel, Indian (seed kernel)",3,Calophyllum inophyllum,Calophyllum inophyllum,427190-1,427190-1,Species,CPCS
177,Calophyllum inophyllum,Laurelwood (seed kernel),3,Calophyllum inophyllum,Calophyllum inophyllum,427190-1,427190-1,Species,CPCS
178,Calotropis gigantea,Crown plant,4,Calotropis gigantea,Calotropis gigantea,95173-1,95173-1,Species,CPCS
179,Calotropis procera,"Jasmine, French",4,Calotropis procera,Calotropis procera,1004515-2,1004515-2,Species,CPCS
180,Caltha palustris,Cowslip,13,Caltha palustris,Caltha palustris,42867-2,42867-2,Species,CPCS
181,Caltha palustris,Marsh marigold,13,Caltha palustris,Caltha palustris,42867-2,42867-2,Species,CPCS
182,Calycanthus spp,Calycanthus (seeds),4,Calycanthus,,,331448-2,Genus,CPCS
183,Calycanthus spp,Carolina allspice (seeds),4,Calycanthus,,,331448-2,Genus,CPCS
184,Calycanthus spp,Strawberry shrub (seeds),4,Calycanthus,,,331448-2,Genus,CPCS
185,Campsis radicans,Trumpet vine,1,Campsis radicans,Campsis radicans,30332621-2,30332621-2,Species,CPCS
186,Cannabis sativa,Locoweed,4,Cannabis sativa,Cannabis sativa,306087-2,306087-2,Species,CPCS
187,Cantharanthus roseus,"Periwinkle, Madagascar",4,,,,,,CPCS
188,Cantharanthus roseus,"Periwinkle, rose",4,,,,,,CPCS
189,Cantharanthus roseus,Rose periwinkle,4,,,,,,CPCS
190,Cantharanthus roseus,Vinca rosea,4,,,,,,CPCS
191,Capsicum spp,Cayenne pepper,13,Capsicum,,,30006872-2,Genus,CPCS
192,Capsicum spp,Cherry pepper,13,Capsicum,,,30006872-2,Genus,CPCS
193,Capsicum spp,Chili pepper,13,Capsicum,,,30006872-2,Genus,CPCS
194,Capsicum spp,Habanero pepper,13,Capsicum,,,30006872-2,Genus,CPCS
195,Capsicum spp,Jalapeno peppers,13,Capsicum,,,30006872-2,Genus,CPCS
196,Capsicum spp,Ornamental pepper,13,Capsicum,,,30006872-2,Genus,CPCS
197,Capsicum spp,"Pepper, bell",13,Capsicum,,,30006872-2,Genus,CPCS
198,Capsicum spp,"Pepper, sweet",13,Capsicum,,,30006872-2,Genus,CPCS
199,Capsicum spp,"Pepper, tobasco",13,Capsicum,,,30006872-2,Genus,CPCS
200,Capsicum spp,Peppers,13,Capsicum,,,30006872-2,Genus,CPCS
201,Capsicum spp,Pimento,13,Capsicum,,,30006872-2,Genus,CPCS
202,Carya illinonensis,Pecan (pollen and nut oil),1,,,,,,CPCS
203,Caryota mitis,"Palm, fishtail","1,2a",Caryota mitis,Caryota mitis,665616-1,665616-1,Species,CPCS
204,Caryota urens,Jaggery palm,"1,2a",Caryota urens,Caryota urens,665636-1,665636-1,Species,CPCS
205,Cassia siamea,Iron wood,4,Senna siamea,Senna siamea,911410-1,911410-1,Species,CPCS
206,Cassia spp,Golden rain,3,Cassia,,,331467-2,Genus,CPCS
207,Caulophyllum thalictroides,Blue cohosh,14,Caulophyllum thalictroides,Caulophyllum thalictroides,1056122-2,1056122-2,Species,CPCS
208,Ceanothus americanus,Red root,3,Ceanothus americanus,Ceanothus americanus,319138-2,319138-2,Species,CPCS
209,Ceanothus americanus,Wild snowball,3,Ceanothus americanus,Ceanothus americanus,319138-2,319138-2,Species,CPCS
210,Centaurea americana,Basket flower,13,Centaurea melitensis,Centaurea melitensis,190991-1,190991-1,Species,CPCS
211,Centaurea solstitialis,"Thistle, yellow star",13,Centaurea solstitialis,Centaurea solstitialis,191626-1,191626-1,Species,CPCS
212,Cestrum diurnum,"Cestrum, day blooming",4,Cestrum diurnum,Cestrum diurnum,316380-2,316380-2,Species,CPCS
213,Cestrum diurnum,Day blooming cestrum,4,Cestrum diurnum,Cestrum diurnum,316380-2,316380-2,Species,CPCS
214,Cestrum diurnum,Day blooming jessamine,4,Cestrum diurnum,Cestrum diurnum,316380-2,316380-2,Species,CPCS
215,Cestrum diurnum,"Jessamine, day",4,Cestrum diurnum,Cestrum diurnum,316380-2,316380-2,Species,CPCS
216,Cestrum diurnum,"Jessamine, day blooming",4,Cestrum diurnum,Cestrum diurnum,316380-2,316380-2,Species,CPCS
217,Cestrum nocturnum,Fragrance of the night,4,Cestrum nocturnum,Cestrum nocturnum,316386-2,316386-2,Species,CPCS
218,Cestrum nocturnum,"Jasmine, night blooming",4,Cestrum nocturnum,Cestrum nocturnum,316386-2,316386-2,Species,CPCS
219,Cestrum nocturnum,"Jessamine, night blooming",4,Cestrum nocturnum,Cestrum nocturnum,316386-2,316386-2,Species,CPCS
220,Cestrum nocturnum,Night blooming jasmine,4,Cestrum nocturnum,Cestrum nocturnum,316386-2,316386-2,Species,CPCS
221,Cestrum nocturnum,Night blooming jessamine,4,Cestrum nocturnum,Cestrum nocturnum,316386-2,316386-2,Species,CPCS
222,Chamaelirium luteum,Devilâs bit,3,Chamaelirium luteum,Chamaelirium luteum,532651-1,532651-1,Species,CPCS
223,Chamaesyce drummondii,Milk weed,1,Euphorbia drummondii,Euphorbia drummondii,346324-1,346324-1,Species,CPCS
224,Chamaesyce hirta,Asthma plant or weed,1,Euphorbia hirta,Euphorbia hirta,101651-2,101651-2,Species,CPCS
225,Chamaesyce maculata,Milk purslane,1,Euphorbia maculata,Euphorbia maculata,347236-1,347236-1,Species,CPCS
226,Chelidonium majus,Rock poppy,14,Chelidonium majus,Chelidonium majus,303589-2,303589-2,Species,CPCS
227,Chenopodium album,Lamb's quarters,1,Chenopodium album,Chenopodium album,55993-2,55993-2,Species,CPCS
228,Chenopodium ambrosioides,Mexican tea,3,Dysphania ambrosioides,Dysphania ambrosioides,1198060-2,1198060-2,Species,CPCS
229,Chenopodium ambrosioides,Wormseed,3,Dysphania ambrosioides,Dysphania ambrosioides,1198060-2,1198060-2,Species,CPCS
230,Chenopodium capitatum,Indian paint,1,Blitum capitatum,Blitum capitatum,302085-2,302085-2,Species,CPCS
231,Chrysanthemum frutescens,Marguerite,13,Argyranthemum frutescens subsp. frutescens,Argyranthemum frutescens,178745-1,77179681-1,Subspecies,CPCS
232,Chrysanthemum spp,Bridesmaid,13,,,,,,CPCS
233,Chrysanthemum spp,Chrysanthemum,13,,,,,,CPCS
234,Chrysanthemum spp,Daisy,13,,,,,,CPCS
235,Chrysanthemum spp,Mum,13,,,,,,CPCS
236,Chrysanthemum spp,Shasta daisy,13,,,,,,CPCS
237,Chrysanthemum spp,Spider mum,13,,,,,,CPCS
238,Chrysanthemum spp,Tansy,13,,,,,,CPCS
239,Cicuta douglasii,Poison water hemlock,4,Cicuta douglasii,Cicuta douglasii,58598-2,58598-2,Species,CPCS
240,Cicuta maculata,Cowbane,4,Cicuta maculata,Cicuta maculata,58605-2,58605-2,Species,CPCS
241,Cicuta maculata,False parsley,4,Cicuta maculata,Cicuta maculata,58605-2,58605-2,Species,CPCS
242,Cicuta maculata,"Hemlock, spotted",4,Cicuta maculata,Cicuta maculata,58605-2,58605-2,Species,CPCS
243,Cicuta maculata,"Hemlock, water",4,Cicuta maculata,Cicuta maculata,58605-2,58605-2,Species,CPCS
244,Cicuta maculata,"Parsley, spotted",4,Cicuta maculata,Cicuta maculata,58605-2,58605-2,Species,CPCS
245,Cicuta maculata,"Parsnip, poison",4,Cicuta maculata,Cicuta maculata,58605-2,58605-2,Species,CPCS
246,Cicuta maculata,"Parsnip, wild",4,Cicuta maculata,Cicuta maculata,58605-2,58605-2,Species,CPCS
247,Cicuta maculata,Poison parsnip,4,Cicuta maculata,Cicuta maculata,58605-2,58605-2,Species,CPCS
248,Cicuta maculata,Snakeroot,4,Cicuta maculata,Cicuta maculata,58605-2,58605-2,Species,CPCS
249,Cicuta maculata,Wild carrot,4,Cicuta maculata,Cicuta maculata,58605-2,58605-2,Species,CPCS
250,Cicuta maculata,Wild parsnip,4,Cicuta maculata,Cicuta maculata,58605-2,58605-2,Species,CPCS
251,Cimicifuga racemosa,Black cohosh,4,Actaea racemosa,Actaea racemosa,316204-2,316204-2,Species,CPCS
252,Cimicifuga racemosa,"Snakeroot,black",4,Actaea racemosa,Actaea racemosa,316204-2,316204-2,Species,CPCS
253,Cinnamomum camphora,Camphor tree,4,Cinnamomum camphora,Cinnamomum camphora,463336-1,463336-1,Species,CPCS
254,Citrus aurantiifolia,Lime (peels and thorns),1,Citrus × aurantiifolia,Citrus × aurantiifolia,59599-2,59599-2,Species,CPCS
255,Citrus aurantium,Bitter orange,1,Citrus × aurantium,Citrus × aurantium,59600-2,59600-2,Species,CPCS
256,Citrus limon,Lemon (peels and thorns),1,Citrus × limon,Citrus × limon,60454758-2,60454758-2,Species,CPCS
257,Citrus meyeri,Meyer lemon (peels and thorns),1,Citrus × limon,Citrus × limon,60454758-2,60454758-2,Species,CPCS
258,Citrus nobilis,Mandarin orange (peels and thorns),1,Citrus × aurantium,Citrus × aurantium,59600-2,59600-2,Species,CPCS
259,Citrus sinensis,Orange (peels and thorns),1,Citrus × aurantium,Citrus × aurantium,59600-2,59600-2,Species,CPCS
260,Citrus trifoliata,Mock orange,3,Citrus trifoliata,Citrus trifoliata,772087-1,772087-1,Species,CPCS
261,Clematis spp,Clematis,13,Clematis,,,329401-2,Genus,CPCS
262,Clematis spp,Leather flower,13,Clematis,,,329401-2,Genus,CPCS
263,Clematis virginiana,Devilâs darning needle,13,Clematis virginiana,Clematis virginiana,710188-1,710188-1,Species,CPCS
264,Clematis virginiana,Virgin's bower,13,Clematis virginiana,Clematis virginiana,710188-1,710188-1,Species,CPCS
265,Clematis virginiana,Woodbine,13,Clematis virginiana,Clematis virginiana,710188-1,710188-1,Species,CPCS
266,Clivia miniata,Caffre lily,3,Clivia miniata,Clivia miniata,994513-1,994513-1,Species,CPCS
267,Clivia miniata,Clivia,3,Clivia miniata,Clivia miniata,994513-1,994513-1,Species,CPCS
268,Clivia miniata,Kaffir lily,3,Clivia miniata,Clivia miniata,994513-1,994513-1,Species,CPCS
269,Cnidoscolus stimulosus,Tread-softly,1,Cnidoscolus stimulosus,Cnidoscolus stimulosus,341781-1,341781-1,Species,CPCS
270,Cocculus carolinus,Carolina moonseed,4,Cocculus carolinus,Cocculus carolinus,580515-1,580515-1,Species,CPCS
271,Cocculus carolinus,Coral beads,4,Cocculus carolinus,Cocculus carolinus,580515-1,580515-1,Species,CPCS
272,Codiaeum spp,Croton,1,Codiaeum,,,327705-2,Genus,CPCS
273,Codiaeum spp,Mona Lisa,1,Codiaeum,,,327705-2,Genus,CPCS
274,Cola nitida,Cola nut,4,Cola nitida,Cola nitida,822755-1,822755-1,Species,CPCS
275,Cola nitida,Kola nut,4,Cola nitida,Cola nitida,822755-1,822755-1,Species,CPCS
276,Colchicum autumnale,"Crocus, autumn",4,Colchicum autumnale,Colchicum autumnale,533232-1,533232-1,Species,CPCS
277,Colchicum autumnale,"Crocus, fall",4,Colchicum autumnale,Colchicum autumnale,533232-1,533232-1,Species,CPCS
278,Colchicum autumnale,Meadow crocus,4,Colchicum autumnale,Colchicum autumnale,533232-1,533232-1,Species,CPCS
279,Colchicum autumnale,Meadow saffron,4,Colchicum autumnale,Colchicum autumnale,533232-1,533232-1,Species,CPCS
280,Colchicum autumnale,Naked boys,4,Colchicum autumnale,Colchicum autumnale,533232-1,533232-1,Species,CPCS
281,Colchicum autumnale,Colchicine,4,Colchicum autumnale,Colchicum autumnale,533232-1,533232-1,Species,CPCS
282,Colocasia esculenta,Caladium,2a,Colocasia esculenta,Colocasia esculenta,1170772-2,1170772-2,Species,CPCS
283,Colocasia esculenta,Colocasia,2a,Colocasia esculenta,Colocasia esculenta,1170772-2,1170772-2,Species,CPCS
284,Colocasia esculenta,Elephant's ear,2a,Colocasia esculenta,Colocasia esculenta,1170772-2,1170772-2,Species,CPCS
285,Colocasia esculenta,Taro,2a,Colocasia esculenta,Colocasia esculenta,1170772-2,1170772-2,Species,CPCS
286,Conium maculatum,Deadly hemlock,4,Conium maculatum,Conium maculatum,840668-1,840668-1,Species,CPCS
287,Conium maculatum,Hemlock,4,Conium maculatum,Conium maculatum,840668-1,840668-1,Species,CPCS
288,Conium maculatum,"Hemlock, poison",4,Conium maculatum,Conium maculatum,840668-1,840668-1,Species,CPCS
289,Conium maculatum,"Hemlock, spotted",4,Conium maculatum,Conium maculatum,840668-1,840668-1,Species,CPCS
290,Conium maculatum,Poison hemlock,4,Conium maculatum,Conium maculatum,840668-1,840668-1,Species,CPCS
291,Conium maculatum,Poison parsley,4,Conium maculatum,Conium maculatum,840668-1,840668-1,Species,CPCS
292,Convallaria majalis,Lily-of-the-valley,4,Convallaria majalis,Convallaria majalis,533487-1,533487-1,Species,CPCS
293,Convolvulus arvensis,Wild morning glory,13,Convolvulus arvensis,Convolvulus arvensis,265849-1,265849-1,Species,CPCS
294,Coriaria spp,Coriaria,4,Coriaria,,,12042-1,Genus,CPCS
295,Cornus sanguinea,"Dogwood, bloodtwig",1,Cornus sanguinea,Cornus sanguinea,271661-1,271661-1,Species,CPCS
296,Coronilla varia,Crown vetch,1,Coronilla varia,Coronilla varia,487281-1,487281-1,Species,CPCS
297,Corylus spp,Filbert,1,Corylus,,,13489-1,Genus,CPCS
298,Corylus spp,Hazelnut,1,Corylus,,,13489-1,Genus,CPCS
299,Corynanthe yohimbe,Yohimbe or Yohimbine,4,Corynanthe johimbe,Corynanthe johimbe,747599-1,747599-1,Species,CPCS
300,Cotoneaster spp,Cotoneaster,4,Cotoneaster,,,30040667-2,Genus,CPCS
301,Crocus sativus,Saffron,4,Crocus sativus,Crocus sativus,436688-1,436688-1,Species,CPCS
302,Crocus sativus,Saffron crocus,4,Crocus sativus,Crocus sativus,436688-1,436688-1,Species,CPCS
303,Crotalaria spectabilis,Crotalaria,4,Crotalaria spectabilis,Crotalaria spectabilis,322612-2,322612-2,Species,CPCS
304,Crotalaria spectabilis,Rattlebox,4,Crotalaria spectabilis,Crotalaria spectabilis,322612-2,322612-2,Species,CPCS
305,Croton humilis,Pepper bush,1,Croton humilis,Croton humilis,342698-1,342698-1,Species,CPCS
306,Croton tiglium,Croton,14,Croton tiglium,Croton tiglium,343631-1,343631-1,Species,CPCS
307,Cryptostegia grandiflora,"Allamanda, pink or purple",4,Cryptostegia grandiflora,Cryptostegia grandiflora,95962-1,95962-1,Species,CPCS
308,Cryptostegia grandiflora,Indian rubber vine,4,Cryptostegia grandiflora,Cryptostegia grandiflora,95962-1,95962-1,Species,CPCS
309,Cryptostegia grandiflora,Rubber vine,4,Cryptostegia grandiflora,Cryptostegia grandiflora,95962-1,95962-1,Species,CPCS
310,Cycadaceae family,Cycads,4,,,,,,CPCS
311,Cycadaceae family,Zamia,4,,,,,,CPCS
312,Cycas spp,Cycas,4,Cycas,,,326847-2,Genus,CPCS
313,Cycas spp,Sago cycas,4,Cycas,,,326847-2,Genus,CPCS
314,Cycas spp,Sago palm,4,Cycas,,,326847-2,Genus,CPCS
315,Cyclamen spp,Cyclamen,3,Cyclamen,,,32774-1,Genus,CPCS
316,Cymbopogon nardus,Citronella grass,1,Cymbopogon nardus,Cymbopogon nardus,396972-1,396972-1,Species,CPCS
317,Cyperus alternifolius,Umbrella plant,4,Cyperus alternifolius,Cyperus alternifolius,303729-1,303729-1,Species,CPCS
318,Cyperus papyrus,Paper plant,4,Cyperus papyrus,Cyperus papyrus,330934-2,330934-2,Species,CPCS
319,Cyperus papyrus,Papyrus,4,Cyperus papyrus,Cyperus papyrus,330934-2,330934-2,Species,CPCS
320,Cyperus spp,Cyperus,4,Cyperus,,,330001-2,Genus,CPCS
321,Cypripedium calceolus,American valerian,1,Cypripedium calceolus,Cypripedium calceolus,320700-2,320700-2,Species,CPCS
322,Cypripedium spp,Lady slipper,1,Cypripedium,,,30008155-2,Genus,CPCS
323,Cypripedium spp,Ladyâs slipper,1,Cypripedium,,,30008155-2,Genus,CPCS
324,Cypripedium spp,Moccasin flower,1,Cypripedium,,,30008155-2,Genus,CPCS
325,Cypripedium spp,Nerve root,1,Cypripedium,,,30008155-2,Genus,CPCS
326,Cypripedium spp,Noah's ark,1,Cypripedium,,,30008155-2,Genus,CPCS
327,Cypripedium spp,"Orchid, lady slipper",1,Cypripedium,,,30008155-2,Genus,CPCS
328,Cypripedium spp,Slipper orchid,1,Cypripedium,,,30008155-2,Genus,CPCS
329,Cytisus laburnum,Bean tree,4,Laburnum anagyroides,Laburnum anagyroides,501428-1,501428-1,Species,CPCS
330,Cytisus scoparius,Irish tops,3,Cytisus scoparius,Cytisus scoparius,489963-1,489963-1,Species,CPCS
331,Cytisus scoparius,Scotch broom,3,Cytisus scoparius,Cytisus scoparius,489963-1,489963-1,Species,CPCS
333,Dalbergia retusa,Rosewood,1,Dalbergia retusa,Dalbergia retusa,490428-1,490428-1,Species,CPCS
334,Daphne mezereum,Daphne,14,Daphne mezereum,Daphne mezereum,831294-1,831294-1,Species,CPCS
335,Daphne mezereum,Mysterious plant,14,Daphne mezereum,Daphne mezereum,831294-1,831294-1,Species,CPCS
336,Daphne mezereum,Paradise plant,14,Daphne mezereum,Daphne mezereum,831294-1,831294-1,Species,CPCS
337,Daphne mezereum,Spurge flax,14,Daphne mezereum,Daphne mezereum,831294-1,831294-1,Species,CPCS
338,Daphne mezereum,Wild pepper,14,Daphne mezereum,Daphne mezereum,831294-1,831294-1,Species,CPCS
339,Daphne spp,Flax olive,14,Daphne,,,30024583-2,Genus,CPCS
340,Dapne cneorum,Garland flower,14,,,,,,CPCS
341,Datura inoxia,Indian apple,4,,,,,,CPCS
342,Datura inoxia,Moonflower,4,,,,,,CPCS
343,Datura inoxia,Sacred datura,4,,,,,,CPCS
344,Datura spp,Angelâs trumpet,4,Datura,,,30002853-2,Genus,CPCS
345,Datura spp,Datura,4,Datura,,,30002853-2,Genus,CPCS
346,Datura spp,Horn-of-plenty,4,Datura,,,30002853-2,Genus,CPCS
347,Datura stamonium,Devil weed,4,,,,,,CPCS
348,Datura stramonium,Apple of Peru,4,Datura stramonium,Datura stramonium,314738-2,314738-2,Species,CPCS
349,Datura stramonium,Devil's apple,4,Datura stramonium,Datura stramonium,314738-2,314738-2,Species,CPCS
350,Datura stramonium,Devil's trumpet,4,Datura stramonium,Datura stramonium,314738-2,314738-2,Species,CPCS
351,Datura stramonium,Green dragon,4,Datura stramonium,Datura stramonium,314738-2,314738-2,Species,CPCS
352,Datura stramonium,Hells bells,4,Datura stramonium,Datura stramonium,314738-2,314738-2,Species,CPCS
353,Datura stramonium,Jimson weed,4,Datura stramonium,Datura stramonium,314738-2,314738-2,Species,CPCS
354,Datura stramonium,Loco weed,4,Datura stramonium,Datura stramonium,314738-2,314738-2,Species,CPCS
355,Datura stramonium,Moon weed,4,Datura stramonium,Datura stramonium,314738-2,314738-2,Species,CPCS
356,Datura stramonium,Stink weed,4,Datura stramonium,Datura stramonium,314738-2,314738-2,Species,CPCS
357,Datura stramonium,Thornapple,4,Datura stramonium,Datura stramonium,314738-2,314738-2,Species,CPCS
358,Datura stramonium,Trumpet lily,4,Datura stramonium,Datura stramonium,314738-2,314738-2,Species,CPCS
359,Daubentonia punicea,False poinciana,4,Sesbania punicea,Sesbania punicea,518525-1,518525-1,Species,CPCS
360,Daubentonia punicea,Rattlebox,4,Sesbania punicea,Sesbania punicea,518525-1,518525-1,Species,CPCS
361,Daubentonia punicea,Sesbania,4,Sesbania punicea,Sesbania punicea,518525-1,518525-1,Species,CPCS
362,Daucus carota,Queen Anneâs lace,1,Daucus carota,Daucus carota,841063-1,841063-1,Species,CPCS
363,Daucus carota,Queen's lace,1,Daucus carota,Daucus carota,841063-1,841063-1,Species,CPCS
364,Daucus carota,Wild carrot,1,Daucus carota,Daucus carota,841063-1,841063-1,Species,CPCS
365,Delphinium spp,Delphinium,4,Delphinium,,,328251-2,Genus,CPCS
366,Delphinium spp,Larkspur,4,Delphinium,,,328251-2,Genus,CPCS
367,Delphinium spp,Rocket larkspur,4,Delphinium,,,328251-2,Genus,CPCS
368,Dianthus barbatus,Sweet William,1,Dianthus barbatus,Dianthus barbatus,306674-2,306674-2,Species,CPCS
369,Dianthus caryophyllus,Clover pink,1,Dianthus caryophyllus,Dianthus caryophyllus,153205-1,153205-1,Species,CPCS
370,Dianthus chinensis,Indian pink,1,Dianthus chinensis,Dianthus chinensis,153215-1,153215-1,Species,CPCS
371,Dianthus chinensis,Rainbow pink,1,Dianthus chinensis,Dianthus chinensis,153215-1,153215-1,Species,CPCS
372,Dianthus spp,Carnation,1,Dianthus,,,6245-1,Genus,CPCS
373,Dianthus spp,Pinks,1,Dianthus,,,6245-1,Genus,CPCS
374,Dianthus spp,Wild carnation,1,Dianthus,,,6245-1,Genus,CPCS
375,Dicentra exima,Wild bleeding heart,14,,,,,,CPCS
376,Dictamnus albus,Burning bush,1,Dictamnus albus,Dictamnus albus,772356-1,772356-1,Species,CPCS
377,Dictamnus albus,Fraxinella,1,Dictamnus albus,Dictamnus albus,772356-1,772356-1,Species,CPCS
378,Dieffenbachia sequine,Mother in law plant,2a,,,,,,CPCS
379,Dieffenbachia spp,Dieffenbachia,2a,Dieffenbachia,,,30002878-2,Genus,CPCS
380,Dieffenbachia spp,Dumb plant,2a,Dieffenbachia,,,30002878-2,Genus,CPCS
381,Dieffenbachia spp,Dumbcane,2a,Dieffenbachia,,,30002878-2,Genus,CPCS
382,Dieffenbachia spp,Leopard lily,2a,Dieffenbachia,,,30002878-2,Genus,CPCS
383,Dieffenbachia spp,Mother in lawâs tongue,2a,Dieffenbachia,,,30002878-2,Genus,CPCS
384,Dientra formosa,Bleeding heart,14,,,,,,CPCS
385,Digitalis purpurea,Foxglove,4,Digitalis purpurea,Digitalis purpurea,802077-1,802077-1,Species,CPCS
386,Dracunculus vulgaris,Dragon lily or Dragon plant,2a,Dracunculus vulgaris,Dracunculus vulgaris,86985-1,86985-1,Species,CPCS
387,Dracunculus vulgaris,"Lily, black",2a,Dracunculus vulgaris,Dracunculus vulgaris,86985-1,86985-1,Species,CPCS
388,Duranta repens,Pigeon berry,14,Duranta erecta,Duranta erecta,330606-2,330606-2,Species,CPCS
390,Echium spp,Pride of Madeira,4,Echium,,,30062099-2,Genus,CPCS
391,Echium vulgare,Snake flower,4,Echium vulgare,Echium vulgare,115950-1,115950-1,Species,CPCS
392,Elephantopus scaber,Elephantâs foot,4,Elephantopus scaber,Elephantopus scaber,202958-1,202958-1,Species,CPCS
393,Endospermum moluccanum,Moon tree,13,Endospermum moluccanum,Endospermum moluccanum,77176800-1,77176800-1,Species,CPCS
394,Ephedra spp,Ma Huang,4,Ephedra,,,328160-2,Genus,CPCS
395,Ephedra spp,Mexican tea,4,Ephedra,,,328160-2,Genus,CPCS
396,Ephedra spp,Miner's tea,4,Ephedra,,,328160-2,Genus,CPCS
397,Ephedra spp,Mormon tea,4,Ephedra,,,328160-2,Genus,CPCS
398,Ephedra spp,Squaw tea,4,Ephedra,,,328160-2,Genus,CPCS
399,Epipremnum aureum,Devilâs ivy,2a,Epipremnum aureum,Epipremnum aureum,87014-1,87014-1,Species,CPCS
400,Epipremnum aureum,Golden pothos,2a,Epipremnum aureum,Epipremnum aureum,87014-1,87014-1,Species,CPCS
401,Epipremnum aureum,Marble queen pothos,2a,Epipremnum aureum,Epipremnum aureum,87014-1,87014-1,Species,CPCS
402,Epipremnum aureum,Pothos,2a,Epipremnum aureum,Epipremnum aureum,87014-1,87014-1,Species,CPCS
403,Equisetum hyemale,Scouring rush,4,Equisetum hyemale,Equisetum hyemale,92939-2,92939-2,Species,CPCS
404,Equisetum palustre,Marsh horsetail,4,Equisetum palustre,Equisetum palustre,30039890-2,30039890-2,Species,CPCS
405,Equisetum spp,Foxtail,4,Equisetum,,,30002112-2,Genus,CPCS
406,Equisetum spp,Horse willow,4,Equisetum,,,30002112-2,Genus,CPCS
407,Equisetum spp,Horsetail,4,Equisetum,,,30002112-2,Genus,CPCS
408,Equisetum spp,Mexican horsetail,4,Equisetum,,,30002112-2,Genus,CPCS
409,Equisetum spp,Rush,4,Equisetum,,,30002112-2,Genus,CPCS
410,Eriobotrya japonica,Japanese plum (seeds),4,Rhaphiolepis bibas,Rhaphiolepis bibas,77209608-1,77209608-1,Species,CPCS
411,Eriobotrya japonica,Loquat (seeds),4,Rhaphiolepis bibas,Rhaphiolepis bibas,77209608-1,77209608-1,Species,CPCS
412,Erythrina abyssinica,Red hot poker tree,4,Erythrina abyssinica,Erythrina abyssinica,494336-1,494336-1,Species,CPCS
413,Erythrina spp,Coral bean,4,Erythrina,,,30007957-2,Genus,CPCS
414,Erythrina spp,Indian bean,4,Erythrina,,,30007957-2,Genus,CPCS
415,Erythrina spp,Kaffir-boom,4,Erythrina,,,30007957-2,Genus,CPCS
416,Erythronium grandiflorum,Glacier lily,13,Erythronium grandiflorum,Erythronium grandiflorum,296483-2,296483-2,Species,CPCS
417,Erythronium grandiflorum,Snow lily,13,Erythronium grandiflorum,Erythronium grandiflorum,296483-2,296483-2,Species,CPCS
418,Eucalyptus globulus,Blue gum tree,3,Eucalyptus globulus,Eucalyptus globulus,592965-1,592965-1,Species,CPCS
419,Eucalyptus globulus,Eucalyptus,3,Eucalyptus globulus,Eucalyptus globulus,592965-1,592965-1,Species,CPCS
420,Euonymus atropurpurea,Burning bush,3,Euonymus atropurpureus,Euonymus atropurpureus,276986-2,276986-2,Species,CPCS
421,Euonymus europaea,Spindle tree,3,Euonymus europaeus,Euonymus europaeus,160876-1,160876-1,Species,CPCS
422,Euonymus spp,Euonymus,3,Euonymus,,,331601-2,Genus,CPCS
423,Eupatorium adenophorum,Snakeweed,3,Ageratina adenophora,Ageratina adenophora,6811-2,6811-2,Species,CPCS
424,Eupatorium cannabinum,Water hemp,3,Eupatorium cannabinum,Eupatorium cannabinum,205581-1,205581-1,Species,CPCS
425,Eupatorium conyzoides,Pussy foot,3,Lepidaploa arborescens,Lepidaploa arborescens,948476-1,948476-1,Species,CPCS
426,Eupatorium rugosum,Snakeroot,4,Ageratina liebmannii,Ageratina liebmannii,6946-2,6946-2,Species,CPCS
427,Euphorbia cotinifolia,Red spurge,13,Euphorbia cotinifolia,Euphorbia cotinifolia,346143-1,346143-1,Species,CPCS
428,Euphorbia drummondii,Caustic weed,13,Euphorbia drummondii,Euphorbia drummondii,346324-1,346324-1,Species,CPCS
429,Euphorbia drummondii,Milkweed,13,Euphorbia drummondii,Euphorbia drummondii,346324-1,346324-1,Species,CPCS
430,Euphorbia esula,Wolf's milk,13,Euphorbia esula,Euphorbia esula,346448-1,346448-1,Species,CPCS
431,Euphorbia hirta,Asthma plant or weed,1,Euphorbia hirta,Euphorbia hirta,101651-2,101651-2,Species,CPCS
432,Euphorbia lathyrus,Gopher plant,13,Euphorbia lathyris,Euphorbia lathyris,347072-1,347072-1,Species,CPCS
433,Euphorbia lathyrus,Mole plant,13,Euphorbia lathyris,Euphorbia lathyris,347072-1,347072-1,Species,CPCS
434,Euphorbia maculata,Milk purslane,1,Euphorbia maculata,Euphorbia maculata,347236-1,347236-1,Species,CPCS
435,Euphorbia marginata,Snow on the mountain,13,Euphorbia marginata,Euphorbia marginata,101724-2,101724-2,Species,CPCS
436,Euphorbia milii,Crown of thorns,13,Euphorbia milii,Euphorbia milii,347359-1,347359-1,Species,CPCS
437,Euphorbia myrsinites,Donkeytail,13,Euphorbia myrsinites,Euphorbia myrsinites,347445-1,347445-1,Species,CPCS
438,Euphorbia myrsinites,Spurge,13,Euphorbia myrsinites,Euphorbia myrsinites,347445-1,347445-1,Species,CPCS
439,Euphorbia spp,Milk barrel,13,Euphorbia,,,327729-2,Genus,CPCS
440,Euphorbia thymifolia,Chicken weed,1,Euphorbia thymifolia,Euphorbia thymifolia,102034-2,102034-2,Species,CPCS
441,Euphorbia tirucalli,Malabar tree,13,Euphorbia tirucalli,Euphorbia tirucalli,348517-1,348517-1,Species,CPCS
442,Euphorbia tirucalli,Milk bush,13,Euphorbia tirucalli,Euphorbia tirucalli,348517-1,348517-1,Species,CPCS
443,Euphorbia tirucalli,Pencil cactus or Pencil tree,13,Euphorbia tirucalli,Euphorbia tirucalli,348517-1,348517-1,Species,CPCS
444,Euphorbia tithymaloides,Christmas candle,3,Euphorbia tithymaloides,Euphorbia tithymaloides,102036-2,102036-2,Species,CPCS
445,Euphorbia tithymaloides,Devil's backbone,3,Euphorbia tithymaloides,Euphorbia tithymaloides,102036-2,102036-2,Species,CPCS
446,Euphorbia tithymaloides,Fiddle flower,3,Euphorbia tithymaloides,Euphorbia tithymaloides,102036-2,102036-2,Species,CPCS
447,Euphorbia tithymaloides,Redbird cactus or floweer,3,Euphorbia tithymaloides,Euphorbia tithymaloides,102036-2,102036-2,Species,CPCS
448,Euphorbia tithymaloides,Slipper flower or plant,3,Euphorbia tithymaloides,Euphorbia tithymaloides,102036-2,102036-2,Species,CPCS
449,Exogonium purga,Ipomea,3,,,,,,CPCS
451,Fagus crenta,"Beech, Japanese",3,,,,,,CPCS
452,Fagus sylvatica,"Beech, European",3,Fagus sylvatica,Fagus sylvatica,305836-2,305836-2,Species,CPCS
453,Fagus sylvatica,"Beech, ornamental",3,Fagus sylvatica,Fagus sylvatica,305836-2,305836-2,Species,CPCS
454,Fraxinus americana,"Ash, American",1,Fraxinus americana,Fraxinus americana,105770-2,105770-2,Species,CPCS
455,Fraxinus excelsior,"Ash, European",1,Fraxinus excelsior,Fraxinus excelsior,609009-1,609009-1,Species,CPCS
457,Galanthus nivalis,Snowdrop,3,Galanthus nivalis,Galanthus nivalis,64496-1,64496-1,Species,CPCS
458,Gelsemium sempervirens,Wood vine,14,Gelsemium sempervirens,Gelsemium sempervirens,60448812-2,60448812-2,Species,CPCS
459,Gelsemium sempervirens,Yellow jasmine,14,Gelsemium sempervirens,Gelsemium sempervirens,60448812-2,60448812-2,Species,CPCS
460,Gelsemium sempervirens,Yellow jessamine,14,Gelsemium sempervirens,Gelsemium sempervirens,60448812-2,60448812-2,Species,CPCS
461,Gelsemium sempervirens,Carolina jasmine,14,Gelsemium sempervirens,Gelsemium sempervirens,60448812-2,60448812-2,Species,CPCS
462,Gelsemium sempervirens,Carolina jessamine,14,Gelsemium sempervirens,Gelsemium sempervirens,60448812-2,60448812-2,Species,CPCS
463,Gelsemium sempervirens,Carolina wild woodbine,14,Gelsemium sempervirens,Gelsemium sempervirens,60448812-2,60448812-2,Species,CPCS
464,Gelsemium sempervirens,Caroline yellow jessamine,14,Gelsemium sempervirens,Gelsemium sempervirens,60448812-2,60448812-2,Species,CPCS
465,Gelsemium sempervirens,Gelsemium,14,Gelsemium sempervirens,Gelsemium sempervirens,60448812-2,60448812-2,Species,CPCS
466,Gelsemium sempervirens,"Jasmine, yellow",4,Gelsemium sempervirens,Gelsemium sempervirens,60448812-2,60448812-2,Species,CPCS
467,Gelsemium sempervirens,"Jessamine, yellow",14,Gelsemium sempervirens,Gelsemium sempervirens,60448812-2,60448812-2,Species,CPCS
468,Ginkgo biloba,Ginkgo,14,Ginkgo biloba,Ginkgo biloba,262125-1,262125-1,Species,CPCS
469,Ginkgo biloba,Ginkgo biloba,14,Ginkgo biloba,Ginkgo biloba,262125-1,262125-1,Species,CPCS
470,Ginkgo biloba,Maidenhair tree,14,Ginkgo biloba,Ginkgo biloba,262125-1,262125-1,Species,CPCS
471,Ginkgo biloba,Oriental plum tree,14,Ginkgo biloba,Ginkgo biloba,262125-1,262125-1,Species,CPCS
472,Gladiola,Gladiola,3,Gladiolus,,,30066908-2,Genus,CPCS
473,Glechoma hederacea,Creeping charlie,3,Glechoma hederacea,Glechoma hederacea,447338-1,447338-1,Species,CPCS
474,Gloriosa superba,Gloriosa lily,4,Gloriosa superba,Gloriosa superba,535953-1,535953-1,Species,CPCS
475,Gloriosa superba,Glory lily,4,Gloriosa superba,Gloriosa superba,535953-1,535953-1,Species,CPCS
476,Glycyrrhiza glabra,Licorice,4,Glycyrrhiza glabra,Glycyrrhiza glabra,496941-1,496941-1,Species,CPCS
477,Glycyrrhiza glabra,Liquorice,4,Glycyrrhiza glabra,Glycyrrhiza glabra,496941-1,496941-1,Species,CPCS
478,Glycyrrhiza lepidata,Wild licorice,4,,,,,,CPCS
479,Grevillea banksii,Rain flower,1,Grevillea banksii,Grevillea banksii,703712-1,703712-1,Species,CPCS
481,Haemanthus coccineus,Blood flower or Blood lily,3,Haemanthus coccineus,Haemanthus coccineus,64715-1,64715-1,Species,CPCS
482,Hedera canariensis,"Ivy, Algerian",1,Hedera canariensis,Hedera canariensis,90665-1,90665-1,Species,CPCS
483,Hedera canariensis,"Ivy, Canary",1,Hedera canariensis,Hedera canariensis,90665-1,90665-1,Species,CPCS
484,Hedera canariensis,"Ivy, Madeira",1,Hedera canariensis,Hedera canariensis,90665-1,90665-1,Species,CPCS
485,Hedera helix,Baltic ivy,13,Hedera helix,Hedera helix,90723-1,90723-1,Species,CPCS
486,Hedera helix,Birdsfoot ivy,13,Hedera helix,Hedera helix,90723-1,90723-1,Species,CPCS
487,Hedera helix,Green ripples,13,Hedera helix,Hedera helix,90723-1,90723-1,Species,CPCS
488,Hedera helix,"Ivy, Baltic",13,Hedera helix,Hedera helix,90723-1,90723-1,Species,CPCS
489,Hedera helix,"Ivy, California",13,Hedera helix,Hedera helix,90723-1,90723-1,Species,CPCS
490,Hedera helix,"Ivy, English",13,Hedera helix,Hedera helix,90723-1,90723-1,Species,CPCS
491,Hedera helix,Needlepoint ivy,13,Hedera helix,Hedera helix,90723-1,90723-1,Species,CPCS
492,Hedera spp,Ivy,13,Hedera,,,30070080-2,Genus,CPCS
493,Heliotropium angiospermum,Scorpion's tail,4,Heliotropium angiospermum,Heliotropium angiospermum,116662-1,116662-1,Species,CPCS
494,Heliotropium indicum,Scorpion weed,4,Heliotropium indicum,Heliotropium indicum,116938-1,116938-1,Species,CPCS
495,Heliotropium spp,Heliotrope,4,Heliotropium,,,329805-2,Genus,CPCS
496,Helleborus foetidus,Stinking hellebore,4,Helleborus foetidus,Helleborus foetidus,711317-1,711317-1,Species,CPCS
497,Helleborus niger,Christmas rose,4,Helleborus niger,Helleborus niger,711348-1,711348-1,Species,CPCS
498,Helleborus niger,Easter rose,4,Helleborus niger,Helleborus niger,711348-1,711348-1,Species,CPCS
499,Helleborus niger,Hellebore,4,Helleborus niger,Helleborus niger,711348-1,711348-1,Species,CPCS
500,Helleborus spp,Lenten rose,4,Helleborus,,,33158-1,Genus,CPCS
501,Heracleum mantegazzianum,Wild parsnip,1,Heracleum mantegazzianum,Heracleum mantegazzianum,843084-1,843084-1,Species,CPCS
502,Heracleum mantegazzianum,Wild rhubarb,1,Heracleum mantegazzianum,Heracleum mantegazzianum,843084-1,843084-1,Species,CPCS
503,Heracleum sphondylium,Cow parsley,1,Heracleum sphondylium,Heracleum sphondylium,843179-1,843179-1,Species,CPCS
504,Heracleum sphondylium,Cow parsnip,1,Heracleum sphondylium,Heracleum sphondylium,843179-1,843179-1,Species,CPCS
505,Hevea brasiliensis,Rubber tree,1,Hevea brasiliensis,Hevea brasiliensis,349913-1,349913-1,Species,CPCS
506,Hippeastrum amaryllis,Fire lily,3,,,,,,CPCS
507,Hippeastrum aulicum,Lily of the palace,3,Hippeastrum aulicum,Hippeastrum aulicum,65037-1,65037-1,Species,CPCS
508,Hippeastrum spp,Amaryllis,3,Hippeastrum,,,331211-2,Genus,CPCS
509,Hippobroma longiflora,Horse poison,4,Hippobroma longiflora,Hippobroma longiflora,1133957-2,1133957-2,Species,CPCS
510,Hippobroma longiflora,Star-of-Bethlehem,4,Hippobroma longiflora,Hippobroma longiflora,1133957-2,1133957-2,Species,CPCS
511,Humulus lupulus,"Hop, common",1,Humulus lupulus,Humulus lupulus,303502-2,303502-2,Species,CPCS
512,Humulus lupulus,"Hop, European",1,Humulus lupulus,Humulus lupulus,303502-2,303502-2,Species,CPCS
513,Hyacinthus orientalis,Hyacinth (bulb),13,Hyacinthus orientalis,Hyacinthus orientalis,536789-1,536789-1,Species,CPCS
514,Hydrangea arborescens,Wild hydrangea,13,Hydrangea arborescens,Hydrangea arborescens,30010549-2,30010549-2,Species,CPCS
515,Hydrangea spp,Hydrangea,4,Hydrangea,,,30010546-2,Genus,CPCS
516,Hydrastis canadensis,Golden seal,4,Hydrastis canadensis,Hydrastis canadensis,305699-2,305699-2,Species,CPCS
517,Hydrastis canadensis,Indian dye,4,Hydrastis canadensis,Hydrastis canadensis,305699-2,305699-2,Species,CPCS
518,Hydrastis canadensis,Indian paint,4,Hydrastis canadensis,Hydrastis canadensis,305699-2,305699-2,Species,CPCS
519,Hydrastis canadensis,Orange root,4,Hydrastis canadensis,Hydrastis canadensis,305699-2,305699-2,Species,CPCS
520,Hydrocotyle spp,Gotu kola,14,Hydrocotyle,,,40115-1,Genus,CPCS
521,Hydrocotyle spp,Pennywort,14,Hydrocotyle,,,40115-1,Genus,CPCS
522,Hymenocallis americana,Basket lily,3,Hymenocallis littoralis,Hymenocallis littoralis,30048918-2,30048918-2,Species,CPCS
523,Hymenocallis americana,Peruvian lily,3,Hymenocallis littoralis,Hymenocallis littoralis,30048918-2,30048918-2,Species,CPCS
524,Hymenocallis americana,Spider flower,3,Hymenocallis littoralis,Hymenocallis littoralis,30048918-2,30048918-2,Species,CPCS
525,Hymenocallis americana,Spider lily,3,Hymenocallis littoralis,Hymenocallis littoralis,30048918-2,30048918-2,Species,CPCS
526,Hyoscyamus niger,Black henbane,4,Hyoscyamus niger,Hyoscyamus niger,815932-1,815932-1,Species,CPCS
527,Hyoscyamus niger,"Nightshade, stinking",4,Hyoscyamus niger,Hyoscyamus niger,815932-1,815932-1,Species,CPCS
528,Hyoscyamus niger,Poison tobacco,4,Hyoscyamus niger,Hyoscyamus niger,815932-1,815932-1,Species,CPCS
529,Hyoscyamus spp,Henbane,4,,,,,,CPCS
530,Hypericum perforatum,Hypericum,13,Hypericum perforatum,Hypericum perforatum,433719-1,433719-1,Species,CPCS
531,Hypericum perforatum,Klamath weed,13,Hypericum perforatum,Hypericum perforatum,433719-1,433719-1,Species,CPCS
532,Hypericum perforatum,St. Johnâs wort,13,Hypericum perforatum,Hypericum perforatum,433719-1,433719-1,Species,CPCS
534,Ilex paraguariensis,Mate,3,Ilex paraguariensis,Ilex paraguariensis,315555-2,315555-2,Species,CPCS
535,Ilex paraguariensis,Paraguay tea,3,Ilex paraguariensis,Ilex paraguariensis,315555-2,315555-2,Species,CPCS
536,Ilex spp,English holly,3,Ilex,,,60437220-2,Genus,CPCS
537,Ilex spp,Holly (berry),3,Ilex,,,60437220-2,Genus,CPCS
538,Ilex spp,Oregon holly,3,Ilex,,,60437220-2,Genus,CPCS
539,Ilex spp,Winterberry,3,Ilex,,,60437220-2,Genus,CPCS
540,Ipomoea alba,Moonflower,1,Ipomoea alba,Ipomoea alba,129128-2,129128-2,Species,CPCS
541,Ipomoea muricata,"Moonflower, purple",4,Ipomoea muricata,Ipomoea muricata,269359-1,269359-1,Species,CPCS
542,Ipomoea spp,Heavenly blue,4,Ipomoea,,,325789-2,Genus,CPCS
543,Ipomoea spp,Morning glory (seeds),4,Ipomoea,,,325789-2,Genus,CPCS
544,Ipomoea spp,Pearly gates,4,Ipomoea,,,325789-2,Genus,CPCS
545,Ipomoea tricolor,Flying saucers,4,Ipomoea tricolor,Ipomoea tricolor,269966-1,269966-1,Species,CPCS
546,Ipomoea x multifida,Hearts and honey vine,4,,,,,,CPCS
547,Iris germanica,Fleur-de-lis,13,Iris × germanica,Iris × germanica,438637-1,438637-1,Species,CPCS
548,Iris spp,Flag,13,Iris,,,326330-2,Genus,CPCS
549,Iris spp,Iris,13,Iris,,,326330-2,Genus,CPCS
550,Iris spp,Snake lily,13,Iris,,,326330-2,Genus,CPCS
551,Iris spuria,Butterfly iris,13,Iris spuria,Iris spuria,439117-1,439117-1,Species,CPCS
552,Iris versicolor,Flag lily,13,Iris versicolor,Iris versicolor,439235-1,439235-1,Species,CPCS
553,Iris versicolor,Poison flag,13,Iris versicolor,Iris versicolor,439235-1,439235-1,Species,CPCS
555,Jasminum officinale,"Jasmine, poet's",1,Jasminum officinale,Jasminum officinale,609672-1,609672-1,Species,CPCS
556,Jasminum officinale,"Jessamine, poetâs",1,Jasminum officinale,Jasminum officinale,609672-1,609672-1,Species,CPCS
557,Jatropha manihot,Cassava,4,Manihot palmata,Manihot palmata,351881-1,351881-1,Species,CPCS
558,Jatropha molucanna,Candleberry tree,13,Aleurites moluccanus,Aleurites moluccanus,338514-1,338514-1,Species,CPCS
559,Jatropha molucanna,Candlenut oil tree,13,Aleurites moluccanus,Aleurites moluccanus,338514-1,338514-1,Species,CPCS
560,Jatropha multifida,Coral plant,4,Jatropha multifida,Jatropha multifida,314308-2,314308-2,Species,CPCS
561,Juglans cinerea,Butternut,1,Juglans cinerea,Juglans cinerea,442334-1,442334-1,Species,CPCS
562,Juglans nigra,"Walnut, black",1,Juglans nigra,Juglans nigra,279034-2,279034-2,Species,CPCS
563,Juglans regia,"Walnut, English",1,Juglans regia,Juglans regia,442427-1,442427-1,Species,CPCS
564,Juniperus spp,Juniper,13,Juniperus,,,60436243-2,Genus,CPCS
565,Juniperus virginia,Cedar,13,,,,,,CPCS
567,Kalanchoe daigremontiana,Devilâs backbone,4,Kalanchoe daigremontiana,Kalanchoe daigremontiana,274315-1,274315-1,Species,CPCS
568,Kalmia angustifolia,Laurel,4,Kalmia angustifolia,Kalmia angustifolia,133210-2,133210-2,Species,CPCS
569,Kalmia latifolia,Ivy bush,4,Kalmia latifolia,Kalmia latifolia,279164-2,279164-2,Species,CPCS
570,Kalmia latifolia,Mountain ivy,4,Kalmia latifolia,Kalmia latifolia,279164-2,279164-2,Species,CPCS
571,Kalmia latifolia,Mountain laurel,4,Kalmia latifolia,Kalmia latifolia,279164-2,279164-2,Species,CPCS
572,Kalmia latifolia,Spoonwood,4,Kalmia latifolia,Kalmia latifolia,279164-2,279164-2,Species,CPCS
573,Karwinski humboltiana,Buckthorn,4,,,,,,CPCS
574,Kochia scoparia,Fireball or Firebush,"1, 2a, 2b",Bassia scoparia,Bassia scoparia,164422-1,164422-1,Species,CPCS
575,Kochia scoparia,Burning bush,"1, 2a, 2b",Bassia scoparia,Bassia scoparia,164422-1,164422-1,Species,CPCS
576,Kochia scoparia,Mexican fireweed,"1, 2a, 2b",Bassia scoparia,Bassia scoparia,164422-1,164422-1,Species,CPCS
578,Laburnum spp,Bean tree,4,Laburnum,,,22728-1,Genus,CPCS
579,Laburnum spp,Laburnum,4,Laburnum,,,22728-1,Genus,CPCS
580,Lantana camara,Lantana,4,Lantana camara,Lantana camara,325686-2,325686-2,Species,CPCS
581,Laportea canadensis,Nettle,1,Laportea canadensis,Laportea canadensis,30335783-2,30335783-2,Species,CPCS
582,Larrea tridentate,Chapparal leaf,4,,,,,,CPCS
583,Larrea tridentate,Creosote bush,4,,,,,,CPCS
584,Lathyrus incanus,Wild sweet pea,4,Lathyrus decaphyllus var. incanus,Lathyrus decaphyllus,30090395-2,77104589-1,Variety,CPCS
585,Lathyrus japonicus,"Pea, seaside",4,Lathyrus japonicus,Lathyrus japonicus,30381438-2,30381438-2,Species,CPCS
586,Lathyrus odoratus,Sweet pea,4,Lathyrus odoratus,Lathyrus odoratus,501909-1,501909-1,Species,CPCS
587,Lathyrus sativus,"Pea, grass",4,Lathyrus sativus,Lathyrus sativus,501990-1,501990-1,Species,CPCS
588,Lathyrus spp,"Pea, everlasting",4,Lathyrus,,,30005985-2,Genus,CPCS
589,Lathyrus spp,Singletary pea,4,Lathyrus,,,30005985-2,Genus,CPCS
590,Lathyrus spp,Wild pea,4,Lathyrus,,,30005985-2,Genus,CPCS
591,Laurentia longiflora,Star-of-Bethlehem,4,Wimmerella longitubus,Wimmerella longitubus,1009913-1,1009913-1,Species,CPCS
592,Laurocerasus caroliniana,Mock orange,4,Prunus caroliniana,Prunus caroliniana,729552-1,729552-1,Species,CPCS
593,Laurocerasus caroliniana,Southern mock orange,4,Prunus caroliniana,Prunus caroliniana,729552-1,729552-1,Species,CPCS
594,Laurocerasus caroliniana,Wild orange,4,Prunus caroliniana,Prunus caroliniana,729552-1,729552-1,Species,CPCS
595,Laurocerasus officinalis,Cherry laurel,4,Prunus laurocerasus,Prunus laurocerasus,324745-2,324745-2,Species,CPCS
596,Laurocerasus officinalis,English laurel,4,Prunus laurocerasus,Prunus laurocerasus,324745-2,324745-2,Species,CPCS
597,Leucaena leucocephala,Acacia palida,4,Leucaena leucocephala,Leucaena leucocephala,138955-2,138955-2,Species,CPCS
598,Leucojum vernum,Snowflake,3,Leucojum vernum,Leucojum vernum,65769-1,65769-1,Species,CPCS
599,Ligustrum californicum,"Privet, California",3,Ligustrum ovalifolium var. ovalifolium,Ligustrum ovalifolium,610056-1,77172233-1,Variety,CPCS
600,Ligustrum ovalifolium,"Privet, California",3,Ligustrum ovalifolium,Ligustrum ovalifolium,610056-1,610056-1,Species,CPCS
601,Ligustrum vulgare,Privet,3,Ligustrum vulgare,Ligustrum vulgare,610130-1,610130-1,Species,CPCS
602,Linium spp,Flax,4,,,,,,CPCS
603,Linium spp,Linseed,4,,,,,,CPCS
604,Lobelia inflata,"Tobacco, wild",14,Lobelia inflata,Lobelia inflata,143415-1,143415-1,Species,CPCS
605,Lobelia cardinalis,Cardinal flower,14,Lobelia cardinalis,Lobelia cardinalis,142115-2,142115-2,Species,CPCS
606,Lobelia cardinalis,Indian pink,14,Lobelia cardinalis,Lobelia cardinalis,142115-2,142115-2,Species,CPCS
607,Lobelia inflata,Asthma weed,14,Lobelia inflata,Lobelia inflata,143415-1,143415-1,Species,CPCS
608,Lobelia inflata,Indian tobacco,14,Lobelia inflata,Lobelia inflata,143415-1,143415-1,Species,CPCS
609,Lobelia inflata,Wild tobacco,14,Lobelia inflata,Lobelia inflata,143415-1,143415-1,Species,CPCS
610,Lobelia spp,Lobelia,14,Lobelia,,,30001605-2,Genus,CPCS
611,Lobelia tupa,Devil's tobacco,4,Lobelia tupa,Lobelia tupa,142431-2,142431-2,Species,CPCS
612,Lophophora williamsii,Mescal,4,Lophophora williamsii,Lophophora williamsii,143606-2,143606-2,Species,CPCS
613,Lophophora williamsii,Mescal button,4,Lophophora williamsii,Lophophora williamsii,143606-2,143606-2,Species,CPCS
614,Lophophora williamsii,Moon,4,Lophophora williamsii,Lophophora williamsii,143606-2,143606-2,Species,CPCS
615,Lophophora williamsii,Peyote,Â,Lophophora williamsii,Lophophora williamsii,143606-2,143606-2,Species,CPCS
616,Lupinus spp,Blue bonnet,4,Lupinus,,,60436956-2,Genus,CPCS
617,Lupinus spp,Lupine,4,Lupinus,,,60436956-2,Genus,CPCS
618,Lycium halimifolium,Box thorn,4,Lycium barbarum var. barbarum,Lycium barbarum,816356-1,77224962-1,Variety,CPCS
619,Lycium halimifolium,Matrimony vine,4,Lycium barbarum var. barbarum,Lycium barbarum,816356-1,77224962-1,Variety,CPCS
620,Lycopersicon lycopersicum,Cherry tomato (green parts),4,Solanum lycopersicum,Solanum lycopersicum,316947-2,316947-2,Species,CPCS
621,Lycopersicon lycopersicum,Love apple (green parts),4,Solanum lycopersicum,Solanum lycopersicum,316947-2,316947-2,Species,CPCS
622,Lycopersicon lycopersicum,Tomato (green parts),4,Solanum lycopersicum,Solanum lycopersicum,316947-2,316947-2,Species,CPCS
624,Malus baccata,Crabapple (chewed seeds),4,Malus baccata,Malus baccata,726243-1,726243-1,Species,CPCS
625,Malus floribunda,Ornamental crabapple (chewed seeds),4,Malus × floribunda,Malus × floribunda,726291-1,726291-1,Species,CPCS
626,Malus fusca,Oregon crabapple (chewed seeds),4,Malus fusca,Malus fusca,150114-2,150114-2,Species,CPCS
627,Malus ioensis,"Crabapple, flowering",4,Malus ioensis,Malus ioensis,150119-2,150119-2,Species,CPCS
628,Malus ioensis,Flowering crabapple (chewed seeds),4,Malus ioensis,Malus ioensis,150119-2,150119-2,Species,CPCS
629,Malus ioensis,Wild crabapple (chewed seeds),4,Malus ioensis,Malus ioensis,150119-2,150119-2,Species,CPCS
630,Malus pumila,Wild apple (chewed seeds),4,Malus domestica,Malus domestica,726282-1,726282-1,Species,CPCS
631,Malus spp,Apple (chewed seeds),4,Malus,,,30024474-2,Genus,CPCS
632,Melaleuca quinquenervia,Tea tree,1,Melaleuca quinquenervia,Melaleuca quinquenervia,598073-1,598073-1,Species,CPCS
633,Melaleuca spp,Paperbark tree,1,Melaleuca,,,27624-1,Genus,CPCS
634,Melia azedarach,Chinaberry,4,Melia azedarach,Melia azedarach,578949-1,578949-1,Species,CPCS
635,Melia azedarach,Japanese bead tree,4,Melia azedarach,Melia azedarach,578949-1,578949-1,Species,CPCS
636,Melia azedarach,Paradise tree,4,Melia azedarach,Melia azedarach,578949-1,578949-1,Species,CPCS
637,Melia azedarach,Persian lilac,4,Melia azedarach,Melia azedarach,578949-1,578949-1,Species,CPCS
638,Melia azedarach,Pride of China,4,Melia azedarach,Melia azedarach,578949-1,578949-1,Species,CPCS
639,Melia azedarach,Pride of India,4,Melia azedarach,Melia azedarach,578949-1,578949-1,Species,CPCS
640,Melia azedarach,Texas umbrella tree,4,Melia azedarach,Melia azedarach,578949-1,578949-1,Species,CPCS
641,Melilotus alba,"Clover, sweet white",4,Melilotus albus,Melilotus albus,156656-2,156656-2,Species,CPCS
642,Melilotus officinalis,"Clover, sweet yellow",4,Melilotus officinalis,Melilotus officinalis,30429323-2,30429323-2,Species,CPCS
643,Menispermum spp,Moonseed,14,Menispermum,,,26970-1,Genus,CPCS
644,Mentha pulegium,Pennyroyal,4,Mentha pulegium,Mentha pulegium,451022-1,451022-1,Species,CPCS
645,Merremia tuberosa,Wood rose (seeds),4,Distimake tuberosus,Distimake tuberosus,77163293-1,77163293-1,Species,CPCS
646,Merremia tuberosa,"Wood rose, Hawaiian (seeds)",4,Distimake tuberosus,Distimake tuberosus,77163293-1,77163293-1,Species,CPCS
647,Merremia tuberose,Hawaiian woodrose,4,,,,,,CPCS
648,Mirabilis jalapa,Four o'clock (seeds),13,Mirabilis jalapa,Mirabilis jalapa,162591-2,162591-2,Species,CPCS
649,Momordica balsamina,"Apple, balsam",3,Momordica balsamina,Momordica balsamina,293397-1,293397-1,Species,CPCS
650,Monstera deliciosa,Breadfruit vine,2a,Monstera deliciosa,Monstera deliciosa,87478-1,87478-1,Species,CPCS
651,Monstera deliciosa,Fruit salad plant,2a,Monstera deliciosa,Monstera deliciosa,87478-1,87478-1,Species,CPCS
652,Monstera deliciosa,Mexican breadfruit,2a,Monstera deliciosa,Monstera deliciosa,87478-1,87478-1,Species,CPCS
653,Monstera deliciosa,Split leaf philodendron,2a,Monstera deliciosa,Monstera deliciosa,87478-1,87478-1,Species,CPCS
654,Monstera deliciosa,Swiss cheese plant,2a,Monstera deliciosa,Monstera deliciosa,87478-1,87478-1,Species,CPCS
655,Myrica cerifera,Candleberry,1,Myrica cerifera,Myrica cerifera,166220-2,166220-2,Species,CPCS
656,Myrica cerifera,Waxberry,1,Myrica cerifera,Myrica cerifera,166220-2,166220-2,Species,CPCS
657,Myristica fragrans,Mace,4,Myristica fragrans,Myristica fragrans,586076-1,586076-1,Species,CPCS
658,Myristica fragrans,Nutmeg,4,Myristica fragrans,Myristica fragrans,586076-1,586076-1,Species,CPCS
660,Narcissus spp,Daffodil (bulb),13,Narcissus,,,1558-1,Genus,CPCS
661,Narcissus spp,Narcissus,13,Narcissus,,,1558-1,Genus,CPCS
662,Narcissus tazetta,Paper white narcissus,13,Narcissus tazetta,Narcissus tazetta,66240-1,66240-1,Species,CPCS
663,Narcissus triandrus,Angel's tears,13,Narcissus triandrus,Narcissus triandrus,66256-1,66256-1,Species,CPCS
664,Nepeta cataria,Catnip,3,Nepeta cataria,Nepeta cataria,452333-1,452333-1,Species,CPCS
665,Nepeta hederacea,Creeping charlie,3,Glechoma hederacea,Glechoma hederacea,447338-1,447338-1,Species,CPCS
666,Nerine bowdenii,"Agapanthus, pink",3,Nerine bowdenii,Nerine bowdenii,66292-1,66292-1,Species,CPCS
667,Nerium oleander,Oleander,4,Nerium oleander,Nerium oleander,80460-1,80460-1,Species,CPCS
668,Nerium oleander,Rose-bay,4,Nerium oleander,Nerium oleander,80460-1,80460-1,Species,CPCS
669,Nicotiana attenuata,"Tobacco, wild",4,Nicotiana attenuata,Nicotiana attenuata,816860-1,816860-1,Species,CPCS
670,Nicotiana attenuata,Wild tobacco,4,Nicotiana attenuata,Nicotiana attenuata,816860-1,816860-1,Species,CPCS
671,Nicotiana glauca,Mustard tree,4,Nicotiana glauca,Nicotiana glauca,816941-1,816941-1,Species,CPCS
672,Nicotiana glauca,"Tobacco, tree",4,Nicotiana glauca,Nicotiana glauca,816941-1,816941-1,Species,CPCS
673,Nicotiana longiflora,Ornamental nicotiana,4,Nicotiana longiflora,Nicotiana longiflora,816975-1,816975-1,Species,CPCS
674,Nicotiana spp,Nicotiana,4,Nicotiana,,,325974-2,Genus,CPCS
675,Nicotiana spp,Tobacco,4,Nicotiana,,,325974-2,Genus,CPCS
676,Nicotiana tabacum,Cultivated tobacco,4,Nicotiana tabacum,Nicotiana tabacum,817077-1,817077-1,Species,CPCS
677,Nicotiana tabacum,"Tobacco, cultivated",4,Nicotiana tabacum,Nicotiana tabacum,817077-1,817077-1,Species,CPCS
678,Nigella damascena,Love-in-a-mist,3,Nigella damascena,Nigella damascena,711645-1,711645-1,Species,CPCS
679,Nigella damascena,Wild fennel,3,Nigella damascena,Nigella damascena,711645-1,711645-1,Species,CPCS
680,Nigella sativa,Nutmeg flower,3,Nigella sativa,Nigella sativa,711687-1,711687-1,Species,CPCS
682,Oenantha crocata,Dead man fingers,4,,,,,,CPCS
683,Ornithogalum caudatum,Healing onion,14,Albuca bracteata,Albuca bracteata,77097737-1,77097737-1,Species,CPCS
684,Ornithogalum caudatum,Pregnant onion,14,Albuca bracteata,Albuca bracteata,77097737-1,77097737-1,Species,CPCS
685,Ornithogalum caudatum,"Sea onion, false",14,Albuca bracteata,Albuca bracteata,77097737-1,77097737-1,Species,CPCS
686,Ornithogalum spp,Star-of-Bethlehem,4,Ornithogalum,,,30000299-2,Genus,CPCS
687,Ornithogalum thyrsoides,Wonderflower,4,Ornithogalum thyrsoides,Ornithogalum thyrsoides,539581-1,539581-1,Species,CPCS
688,Osmunda cinnamonea,Buckhorn,3,,,,,,CPCS
689,Osmunda cinnamonea,Fiddleheads,3,,,,,,CPCS
690,Oxalis acetosella,Irish shamrock,2b,Oxalis acetosella,Oxalis acetosella,30012601-2,30012601-2,Species,CPCS
691,Oxalis deppei,Good luckleaf or plant,2b,Oxalis tetraphylla var. tetraphylla,Oxalis tetraphylla,375466-1,77224398-1,Variety,CPCS
692,Oxalis spp,Fire fern,2b,Oxalis,,,30000622-2,Genus,CPCS
693,Oxalis spp,Lady's sorrel,2b,Oxalis,,,30000622-2,Genus,CPCS
694,Oxalis spp,Oxalis,2b,Oxalis,,,30000622-2,Genus,CPCS
695,Oxalis spp,Sorrel,2b,Oxalis,,,30000622-2,Genus,CPCS
696,Oxalis spp,Shamrock,2b,Oxalis,,,30000622-2,Genus,CPCS
697,Oxytropis lambertii,"Locoweed, purple",4,Oxytropis lambertii,Oxytropis lambertii,511610-1,511610-1,Species,CPCS
698,Oxytropis lambertii,"Locoweed, stemless",4,Oxytropis lambertii,Oxytropis lambertii,511610-1,511610-1,Species,CPCS
699,Oxytropis lambertii,"Locoweed, white",4,Oxytropis lambertii,Oxytropis lambertii,511610-1,511610-1,Species,CPCS
701,Paeonia officinalis,Peony,14,Paeonia officinalis,Paeonia officinalis,711836-1,711836-1,Species,CPCS
702,Paeonia suffruticosa,"Peony, tree",14,Paeonia × suffruticosa,Paeonia × suffruticosa,711877-1,711877-1,Species,CPCS
703,Panax pseudoginseng,Ginseng,4,Panax pseudoginseng,Panax pseudoginseng,91543-1,91543-1,Species,CPCS
704,Panax quinquefolia,Redberry,4,Panax quinquefolius,Panax quinquefolius,300467-2,300467-2,Species,CPCS
705,Papaver orientale,Oriental poppy,3,Papaver orientale,Papaver orientale,673641-1,673641-1,Species,CPCS
706,Papaver orientale,"Poppy, garden",3,Papaver orientale,Papaver orientale,673641-1,673641-1,Species,CPCS
707,Papaver orientale,"Poppy, Oriental",3,Papaver orientale,Papaver orientale,673641-1,673641-1,Species,CPCS
708,Papaver somniferum,"Poppy, common",3,Papaver somniferum,Papaver somniferum,673724-1,673724-1,Species,CPCS
709,Papaver somniferum,"Poppy, opium",3,Papaver somniferum,Papaver somniferum,673724-1,673724-1,Species,CPCS
710,Parthenocissus quinquefolia,Virginia creeper,"2a, 2b",Parthenocissus quinquefolia,Parthenocissus quinquefolia,184091-2,184091-2,Species,CPCS
711,Parthenocissus tricuspidata,Boston ivy,"2a, 2b",Parthenocissus tricuspidata,Parthenocissus tricuspidata,50912710-1,50912710-1,Species,CPCS
712,Passiflora caerulea,Passion flower,4,Passiflora caerulea,Passiflora caerulea,321949-2,321949-2,Species,CPCS
713,Passiflora edulis,Passion fruit,4,Passiflora edulis,Passiflora edulis,321964-2,321964-2,Species,CPCS
714,Passiflora incarnata,Apricot vine,4,Passiflora incarnata,Passiflora incarnata,675096-1,675096-1,Species,CPCS
715,Passiflora incarnata,Wild passion flower,4,Passiflora incarnata,Passiflora incarnata,675096-1,675096-1,Species,CPCS
716,Passiflora spp,Passion vine,4,Passiflora,,,328300-2,Genus,CPCS
717,Passiflora spp,Passionaria,4,Passiflora,,,328300-2,Genus,CPCS
718,Pastinaca sativa,Parsnip (all but root),1,Pastinaca sativa,Pastinaca sativa,845768-1,845768-1,Species,CPCS
719,Pastinaca sativa,Wild parsnip (all but root),1,Pastinaca sativa,Pastinaca sativa,845768-1,845768-1,Species,CPCS
720,Pedilanthus spp,Christmas candle,13,Euphorbia,,,327729-2,Genus,CPCS
721,Pedilanthus tithymaloides,Devilâs backbone,13,Euphorbia tithymaloides,Euphorbia tithymaloides,102036-2,102036-2,Species,CPCS
722,Pedilanthus tithymaloides,Fiddleflower,13,Euphorbia tithymaloides,Euphorbia tithymaloides,102036-2,102036-2,Species,CPCS
723,Pedilanthus tithymaloides,Ladyâs slipper,13,Euphorbia tithymaloides,Euphorbia tithymaloides,102036-2,102036-2,Species,CPCS
724,Pedilanthus tithymaloides,Redbird cactus or flower,13,Euphorbia tithymaloides,Euphorbia tithymaloides,102036-2,102036-2,Species,CPCS
725,Pedilanthus tithymaloides,Slipper flower or plant,13,Euphorbia tithymaloides,Euphorbia tithymaloides,102036-2,102036-2,Species,CPCS
726,Persea americana,"Avocado (leaves, stems, seeds)",4,Persea americana,Persea americana,325643-2,325643-2,Species,CPCS
727,Petroselinum crispum,Parsley,1,Petroselinum crispum,Petroselinum crispum,60442790-2,60442790-2,Species,CPCS
728,Philodendron bipennifolium,Fiddleleaf philodendron,2a,Philodendron bipennifolium,Philodendron bipennifolium,87662-1,87662-1,Species,CPCS
729,Philodendron bipennifolium,Panda plant,2a,Philodendron bipennifolium,Philodendron bipennifolium,87662-1,87662-1,Species,CPCS
730,Philodendron gigantium,"Philodendron, giant",2a,,,,,,CPCS
731,Philodendron hastatum,Elephantâs ear philodendron,2a,Philodendron hastatum,Philodendron hastatum,87792-1,87792-1,Species,CPCS
732,Philodendron pertusum,Mexican breadfruit,2a,Monstera deliciosa,Monstera deliciosa,87478-1,87478-1,Species,CPCS
733,Philodendron pertusum,"Philodendron, split leaf",2a,Monstera deliciosa,Monstera deliciosa,87478-1,87478-1,Species,CPCS
734,Philodendron pertusum,Split leaf philodendron,2a,Monstera deliciosa,Monstera deliciosa,87478-1,87478-1,Species,CPCS
735,Philodendron scandens,"Ivy, common",2a,Philodendron hederaceum var. hederaceum,Philodendron hederaceum,87797-1,77170908-1,Variety,CPCS
736,Philodendron scandens,"Ivy, parlor",2a,Philodendron hederaceum var. hederaceum,Philodendron hederaceum,87797-1,77170908-1,Variety,CPCS
737,Philodendron scandens,"Philodendron, heart leaf",2a,Philodendron hederaceum var. hederaceum,Philodendron hederaceum,87797-1,77170908-1,Variety,CPCS
738,Philodendron spp,Philodendron,2a,Philodendron,,,326132-2,Genus,CPCS
739,Phoradendron flavescens,"Mistletoe, American",3,Phoradendron leucarpum,Phoradendron leucarpum,1085915-2,1085915-2,Species,CPCS
740,Photinia arbutifolia,Christmas berry (leaves),4,Photinia arbutifolia,Photinia arbutifolia,30222858-2,30222858-2,Species,CPCS
741,Photinia arbutifolia,Photinia arbutifolia (leaves),4,Photinia arbutifolia,Photinia arbutifolia,30222858-2,30222858-2,Species,CPCS
742,Photinia arbutifolia,Toyon (leaves),4,Photinia arbutifolia,Photinia arbutifolia,30222858-2,30222858-2,Species,CPCS
743,Physalis alkekengi,Chinese lantern plant,4,Physalis lagascae,Physalis lagascae,817449-1,817449-1,Species,CPCS
744,Physalis alkekengi,Japanese lantern,4,Physalis lagascae,Physalis lagascae,817449-1,817449-1,Species,CPCS
745,Physalis ixocarpa,Tomatillo (green parts),4,Physalis ixocarpa,Physalis ixocarpa,817444-1,817444-1,Species,CPCS
746,Physalis peruviana,Cherry tomato (green parts),4,Physalis peruviana,Physalis peruviana,195473-2,195473-2,Species,CPCS
747,Phytolacca acinosa,Indian poke,3,Phytolacca acinosa,Phytolacca acinosa,676329-1,676329-1,Species,CPCS
748,Phytolacca americana,Inkberry (pokeweed),3,Phytolacca americana,Phytolacca americana,323290-2,323290-2,Species,CPCS
749,Phytolacca americana,"Nightshade, American",3,Phytolacca americana,Phytolacca americana,323290-2,323290-2,Species,CPCS
750,Phytolacca americana,Pigeon berry,3,Phytolacca americana,Phytolacca americana,323290-2,323290-2,Species,CPCS
751,Phytolacca americana,Poke berry,3,Phytolacca americana,Phytolacca americana,323290-2,323290-2,Species,CPCS
752,Phytolacca americana,Pokeweed,3,Phytolacca americana,Phytolacca americana,323290-2,323290-2,Species,CPCS
753,Phytolacca americana,Red ink,3,Phytolacca americana,Phytolacca americana,323290-2,323290-2,Species,CPCS
754,Phytolacca spp,Pokesalad plant,3,Phytolacca,,,327321-2,Genus,CPCS
755,Pieris japonica,Lily-of-the-valley bush or shrub,4,Pieris japonica,Pieris japonica,331662-1,331662-1,Species,CPCS
756,Pistia stratiotes,Shell flower,2a,Pistia stratiotes,Pistia stratiotes,317684-2,317684-2,Species,CPCS
757,Pithecellobium saman,Rain tree,3,Samanea saman,Samanea saman,227126-2,227126-2,Species,CPCS
758,Pithecellobium unguis-cati,Cat's claw,1,Pithecellobium unguis-cati,Pithecellobium unguis-cati,515137-1,515137-1,Species,CPCS
759,Podocarpus macrophylla,Podocarpus (do not confuse with Taxus species),3,Podocarpus macrophyllus,Podocarpus macrophyllus,263522-1,263522-1,Species,CPCS
760,Podocarpus macrophylla,"Yew, Japanese or Chinese (do not confuse with Taxus species)",3,Podocarpus macrophyllus,Podocarpus macrophyllus,263522-1,263522-1,Species,CPCS
761,Podocarpus macrophylla,"Yew, Southern tree (do not confuse with Taxus species)",3,Podocarpus macrophyllus,Podocarpus macrophyllus,263522-1,263522-1,Species,CPCS
762,Podophyllum peltatum,"Lemon, wild",14,Podophyllum peltatum,Podophyllum peltatum,107599-1,107599-1,Species,CPCS
763,Podophyllum peltatum,Mandrake,14,Podophyllum peltatum,Podophyllum peltatum,107599-1,107599-1,Species,CPCS
764,Podophyllum peltatum,Mayapple,14,Podophyllum peltatum,Podophyllum peltatum,107599-1,107599-1,Species,CPCS
765,Podophyllum peltatum,Umbrella leaf,14,Podophyllum peltatum,Podophyllum peltatum,107599-1,107599-1,Species,CPCS
766,Podophyllum peltatum,Wild lemon,14,Podophyllum peltatum,Podophyllum peltatum,107599-1,107599-1,Species,CPCS
767,Poinciana gelliesii,Barbados pride,3,,,,,,CPCS
768,Poinciana gilliesii,Bird of paradise,3,Erythrostemon gilliesii,Erythrostemon gilliesii,494656-1,494656-1,Species,CPCS
769,Poinciana gilliesii,Poinciana,3,Erythrostemon gilliesii,Erythrostemon gilliesii,494656-1,494656-1,Species,CPCS
770,Polianthes tuberose,Tuberose,4,,,,,,CPCS
771,Polyscias guilfoyei,Coffee tree,13,,,,,,CPCS
772,Polyscias guilfoyei,Polyscias,13,,,,,,CPCS
773,Polyscias guilfoyei,Wild coffee,13,,,,,,CPCS
774,Poncirus trifoliata,Mock orange,3,Citrus trifoliata,Citrus trifoliata,772087-1,772087-1,Species,CPCS
775,Primula spp,Primula,1,Primula,,,30005261-2,Genus,CPCS
776,Primula veris,Cowslip,1,Primula veris,Primula veris,702751-1,702751-1,Species,CPCS
777,Primula vulgaris,Primrose,1,Primula vulgaris,Primula vulgaris,702779-1,702779-1,Species,CPCS
778,Prosopis glandulosa,Mesquite,1,Prosopis glandulosa,Prosopis glandulosa,210440-2,210440-2,Species,CPCS
779,Prunus armeniaca,Apricot (chewed pits),4,Prunus armeniaca,Prunus armeniaca,729463-1,729463-1,Species,CPCS
780,Prunus caroliniana,Mock orange,4,Prunus caroliniana,Prunus caroliniana,729552-1,729552-1,Species,CPCS
781,Prunus caroliniana,Southern mock orange,4,Prunus caroliniana,Prunus caroliniana,729552-1,729552-1,Species,CPCS
782,Prunus caroliniana,Wild orange,4,Prunus caroliniana,Prunus caroliniana,729552-1,729552-1,Species,CPCS
783,Prunus cerasifera 'atropurpurea',Flowering plum,4,Prunus cerasifera,Prunus cerasifera,729568-1,729568-1,Species,CPCS
784,Prunus cerasifera 'atropurpurea',Ornamental flowering plum,4,Prunus cerasifera,Prunus cerasifera,729568-1,729568-1,Species,CPCS
785,Prunus cerasifera 'atropurpurea',Purple leaf plum,4,Prunus cerasifera,Prunus cerasifera,729568-1,729568-1,Species,CPCS
786,Prunus domestica,Plum (chewed seeds),4,Prunus domestica,Prunus domestica,30221374-2,30221374-2,Species,CPCS
787,Prunus dulcis,Bitter almond,4,Prunus amygdalus,Prunus amygdalus,60439867-2,60439867-2,Species,CPCS
788,Prunus emarginata,"Cherry, bitter (chewed seeds)",4,Prunus emarginata,Prunus emarginata,30051006-2,30051006-2,Species,CPCS
789,Prunus laurocerasus,Cherry laurel,4,Prunus laurocerasus,Prunus laurocerasus,324745-2,324745-2,Species,CPCS
790,Prunus laurocerasus,English laurel,4,Prunus laurocerasus,Prunus laurocerasus,324745-2,324745-2,Species,CPCS
791,Prunus mume,Japanese apricot,4,Prunus mume,Prunus mume,730000-1,730000-1,Species,CPCS
792,Prunus mume,Japanese flowering apricot,4,Prunus mume,Prunus mume,730000-1,730000-1,Species,CPCS
793,Prunus persica,Nectarine (chewed pits),4,Prunus persica,Prunus persica,1212858-2,1212858-2,Species,CPCS
794,Prunus persica,Peach (chewed pits),4,Prunus persica,Prunus persica,1212858-2,1212858-2,Species,CPCS
795,Prunus serotina,"Cherry, wild (chewed seeds)",4,Prunus serotina,Prunus serotina,730262-1,730262-1,Species,CPCS
796,Prunus spp,Cherry (chewed pits),4,Prunus,,,30003057-2,Genus,CPCS
797,Prunus spp,Flowering almond,4,Prunus,,,30003057-2,Genus,CPCS
798,Prunus spp,Flowering cherry,4,Prunus,,,30003057-2,Genus,CPCS
799,Prunus spp,Japanese flowering cherry,4,Prunus,,,30003057-2,Genus,CPCS
800,Prunus spp,Ornamental cherry (chewed seeds),4,Prunus,,,30003057-2,Genus,CPCS
801,Prunus spp,Ornamental plum (chewed seeds),4,Prunus,,,30003057-2,Genus,CPCS
802,Prunus virginiana,Chokecherry (chewed seeds),4,Prunus virginiana,Prunus virginiana,30003056-2,30003056-2,Species,CPCS
803,Pteridium aquilinum,Bracken fern,4,Pteridium aquilinum,Pteridium aquilinum,17210060-1,17210060-1,Species,CPCS
804,Pyrus calleryana,Bradford pear,1,Pyrus calleryana,Pyrus calleryana,730740-1,730740-1,Species,CPCS
805,Pyrus communis,Pear (chewed seeds),14,Pyrus communis,Pyrus communis,30065762-2,30065762-2,Species,CPCS
806,Pyrus floribunda,"Crabapple, ornamental (chewed seeds)",4,Aronia × prunifolia,Aronia × prunifolia,20144-2,20144-2,Species,CPCS
807,Pyrus floribunda,Ornamental crabapple (chewed seeds),4,Aronia × prunifolia,Aronia × prunifolia,20144-2,20144-2,Species,CPCS
808,Pyrus ioensis,Flowering crabapple (chewed seeds),4,Malus ioensis,Malus ioensis,150119-2,150119-2,Species,CPCS
809,Pyrus ioensis,Wild crabapple (chewed seeds),4,Malus ioensis,Malus ioensis,150119-2,150119-2,Species,CPCS
810,Pyrus spp,Ornamental pear,1,Pyrus,,,30000967-2,Genus,CPCS
811,Pyrus sylvestris,Apple (chewed seeds),4,Malus sylvestris,Malus sylvestris,726415-1,726415-1,Species,CPCS
812,Pyrus sylvestris,Crabapple (chewed seeds),4,Malus sylvestris,Malus sylvestris,726415-1,726415-1,Species,CPCS
813,Pyrus sylvestris,Wild apple (chewed seeds),4,Malus sylvestris,Malus sylvestris,726415-1,726415-1,Species,CPCS
815,Quercus agrifolia,California live oak,13,Quercus agrifolia,Quercus agrifolia,295759-1,295759-1,Species,CPCS
816,Quercus spp,Acorn,13,Quercus,,,325819-2,Genus,CPCS
817,Quercus spp,Oak,13,Quercus,,,325819-2,Genus,CPCS
818,Quercus utahensis,Scrub oak,13,Quercus gambelii,Quercus gambelii,296173-1,296173-1,Species,CPCS
819,Quercus velutina,Black oak,13,Quercus velutina,Quercus velutina,296899-1,296899-1,Species,CPCS
820,Quercus virginiana,Live oak,13,Quercus virginiana,Quercus virginiana,324846-2,324846-2,Species,CPCS
822,Ranunculus spp,Buttercup,13,Ranunculus,,,30002060-2,Genus,CPCS
823,Ranunculus spp,Ranunculus,13,Ranunculus,,,30002060-2,Genus,CPCS
824,Raphanus raphanistrum,Wild radish,3,Raphanus raphanistrum,Raphanus raphanistrum,217826-2,217826-2,Species,CPCS
825,Raphanus sativus,"Radish, Chinese (leaves)",1,Raphanus raphanistrum subsp. sativus,Raphanus raphanistrum,217826-2,77159305-1,Subspecies,CPCS
826,Retama raetam,Broom bush,4,Retama raetam,Retama raetam,517087-1,517087-1,Species,CPCS
827,Rhamnus californica,Coffeeberry,3,Frangula californica,Frangula californica,717357-1,717357-1,Species,CPCS
828,Rhamnus cathartica,Buckthorn,4,Rhamnus cathartica,Rhamnus cathartica,718256-1,718256-1,Species,CPCS
829,Rhamus purshiana,Cascara,4,,,,,,CPCS
830,Rheum spp,Pie plant (leaves),"1, 2b, 3",,,,,,CPCS
831,Rheum spp,Rhubarb (leaves),"1, 2b, 3",,,,,,CPCS
832,Rhododendron genus,Azalea,4,,,,,,CPCS
833,Rhododendron genus,Rhododendron,4,,,,,,CPCS
834,Rhododendron maximum,"Laurel, great",4,Rhododendron maximum,Rhododendron maximum,219492-2,219492-2,Species,CPCS
835,Rhododendron maximum,Rosebay,4,Rhododendron maximum,Rhododendron maximum,219492-2,219492-2,Species,CPCS
836,Rhus cotinus,"Smoke plant, bush or tree",1,Cotinus coggygria,Cotinus coggygria,69498-1,69498-1,Species,CPCS
837,Rhus diversiloba,Western poison oak,1,Toxicodendron diversilobum,Toxicodendron diversilobum,255739-2,255739-2,Species,CPCS
838,Rhus quercifolium,Eastern poison oak,1,Toxicodendron pubescens,Toxicodendron pubescens,255764-2,255764-2,Species,CPCS
839,Rhus spp,Poison ivy,1,Rhus,,,30005665-2,Genus,CPCS
840,Rhus spp,Poison vine,1,Rhus,,,30005665-2,Genus,CPCS
841,Rhus succedanea,Wax tree,1,Toxicodendron succedaneum,Toxicodendron succedaneum,71802-1,71802-1,Species,CPCS
842,Rhus verniciflua,Lacquer tree,1,Toxicodendron vernicifluum,Toxicodendron vernicifluum,71819-1,71819-1,Species,CPCS
843,Ricinus communis,Castor bean,4,Ricinus communis,Ricinus communis,355498-1,355498-1,Species,CPCS
844,Ricinus communis,Mole bean,4,Ricinus communis,Ricinus communis,355498-1,355498-1,Species,CPCS
845,Ricinus communis,Palma Christi,4,Ricinus communis,Ricinus communis,355498-1,355498-1,Species,CPCS
846,Rivina humilis,Coral berry,3,Rivina humilis,Rivina humilis,221479-2,221479-2,Species,CPCS
847,Rivina humilis,Pigeonberry,3,Rivina humilis,Rivina humilis,221479-2,221479-2,Species,CPCS
848,Robinia pseudoacacia,"Acacia, black",4,Robinia pseudoacacia,Robinia pseudoacacia,30034699-2,30034699-2,Species,CPCS
849,Robinia pseudoacacia,"Acacia, false",4,Robinia pseudoacacia,Robinia pseudoacacia,30034699-2,30034699-2,Species,CPCS
850,Robinia pseudoacacia,"Locust, black or yellow",4,Robinia pseudoacacia,Robinia pseudoacacia,30034699-2,30034699-2,Species,CPCS
851,Rudbeckia hirta,Black eyed Susan,1,Rudbeckia hirta,Rudbeckia hirta,223740-2,223740-2,Species,CPCS
852,Rumex crispus,Curly dock,"1,2b",Rumex crispus,Rumex crispus,224413-2,224413-2,Species,CPCS
853,Rumex crispus,Spurdock,"1,2b",Rumex crispus,Rumex crispus,224413-2,224413-2,Species,CPCS
854,Rumex hymenosepalus,Wild rhubarb,2b,Rumex hymenosepalus,Rumex hymenosepalus,697204-1,697204-1,Species,CPCS
855,Rumex spp,Dock,2b,Rumex,,,328551-2,Genus,CPCS
856,Rumex spp,Sorrel,2b,Rumex,,,328551-2,Genus,CPCS
857,Rumex venosus,Sand begonia,"2b, 3",Rumex venosus,Rumex venosus,697611-1,697611-1,Species,CPCS
858,Rumex venosus,Wild begonia,"2b, 3",Rumex venosus,Rumex venosus,697611-1,697611-1,Species,CPCS
859,Rumex venosus,Wild hydrangea,"2b, 3",Rumex venosus,Rumex venosus,697611-1,697611-1,Species,CPCS
861,Samanea saman,Rain tree,3,Samanea saman,Samanea saman,227126-2,227126-2,Species,CPCS
862,Sambucus caerulea,Sambucus (all but ripe berries),3,,,,,,CPCS
863,Sambucus spp,Elderberry (all but ripe berries),3,Sambucus,,,30018446-2,Genus,CPCS
864,Sanguinaria canadensis,Bloodroot,3,Sanguinaria canadensis,Sanguinaria canadensis,673993-1,673993-1,Species,CPCS
865,Sanguinaria canadensis,Red root,3,Sanguinaria canadensis,Sanguinaria canadensis,673993-1,673993-1,Species,CPCS
866,Sapium sebiferum,Chinese tallow tree,13,Triadica sebifera,Triadica sebifera,256588-2,256588-2,Species,CPCS
867,Sapium sebiferum,Tallow tree,13,Triadica sebifera,Triadica sebifera,256588-2,256588-2,Species,CPCS
868,Sassafras spp,Cinnamonwood,4,Sassafras,,,30028575-2,Genus,CPCS
869,Sassafras spp,Sassafras,4,Sassafras,,,30028575-2,Genus,CPCS
870,Sassafras spp,Sassafras tea,4,Sassafras,,,30028575-2,Genus,CPCS
871,Sassafras spp,Tea tree,4,Sassafras,,,30028575-2,Genus,CPCS
872,Schinus molle,Pepper tree,13,Schinus molle,Schinus molle,71044-1,71044-1,Species,CPCS
873,Schinus terebinthifolius,Christmas berry tree,1,Schinus terebinthifolia,Schinus terebinthifolia,71069-1,71069-1,Species,CPCS
874,Scilla verna,Sea onion,4,Scilla verna,Scilla verna,541086-1,541086-1,Species,CPCS
875,Scilla verna,Spring onion,4,Scilla verna,Scilla verna,541086-1,541086-1,Species,CPCS
876,Scindapsus aureus,Devilâs ivy,2a,Epipremnum aureum,Epipremnum aureum,87014-1,87014-1,Species,CPCS
877,Scindapsus aureus,Golden pothos,2a,Epipremnum aureum,Epipremnum aureum,87014-1,87014-1,Species,CPCS
878,Scindapsus aureus,Marble queen pothos,2a,Epipremnum aureum,Epipremnum aureum,87014-1,87014-1,Species,CPCS
879,Scindapsus aureus,Pothos,2a,Epipremnum aureum,Epipremnum aureum,87014-1,87014-1,Species,CPCS
880,Senecio articulatus,Candle plant,4,Baculellum articulatum,Baculellum articulatum,77175035-1,77175035-1,Species,CPCS
881,Senecio aureus,Golden ragwort,4,Synotis cappa var. cappa,Synotis cappa,914676-1,77232942-1,Variety,CPCS
882,Senecio confusus,Mexican flame vine,1,Pseudogynoxys chenopodioides,Pseudogynoxys chenopodioides,211361-2,211361-2,Species,CPCS
883,Senecio jacobaea,"Ragwort, tansy",4,Jacobaea maritima subsp. maritima,Jacobaea maritima,77075194-1,77180722-1,Subspecies,CPCS
884,Senecio mikanioides,"Ivy, water",4,Delairea odorata,Delairea odorata,201136-1,201136-1,Species,CPCS
885,Senecio mikanioides,Parlor ivy,4,Delairea odorata,Delairea odorata,201136-1,201136-1,Species,CPCS
886,Senecio petasitis,"Geranium, California",4,Roldana petasitis,Roldana petasitis,221711-2,221711-2,Species,CPCS
887,Senecio petasitis,"Geranium, velvet",4,Roldana petasitis,Roldana petasitis,221711-2,221711-2,Species,CPCS
888,Senecio spp,Dusty miller,4,Senecio,,,325904-2,Genus,CPCS
889,Senecio spp,Rosary beads (not to be confused with Rosary vine),4,Senecio,,,325904-2,Genus,CPCS
890,Senecio spp,Rosary pearls,4,Senecio,,,325904-2,Genus,CPCS
891,Senecio spp,String of beads,4,Senecio,,,325904-2,Genus,CPCS
892,Senecio spp,String of pearls,4,Senecio,,,325904-2,Genus,CPCS
893,Sesbania punicea,False poinciana,4,Sesbania punicea,Sesbania punicea,518525-1,518525-1,Species,CPCS
894,Sesbania punicea,Rattlebox,4,Sesbania punicea,Sesbania punicea,518525-1,518525-1,Species,CPCS
895,Sesbania vesicaria,Coffee bean,4,Sesbania vesicaria,Sesbania vesicaria,518555-1,518555-1,Species,CPCS
896,Solandra grandiflora,Silvercup,4,Solandra grandiflora,Solandra grandiflora,329815-2,329815-2,Species,CPCS
897,Solandra longiflora,Chalice vine,4,Solandra longiflora,Solandra longiflora,818075-1,818075-1,Species,CPCS
898,Solandra spp,Solandra,4,Solandra,,,329807-2,Genus,CPCS
899,Solandra spp,Trumpet flower or Trumpet plant,4,Solandra,,,329807-2,Genus,CPCS
900,Solanum aculeatissimum,Fishtail palm,4,Solanum aculeatissimum,Solanum aculeatissimum,330626-2,330626-2,Species,CPCS
901,Solanum capsicastrum,Christmas orange,4,Solanum pseudocapsicum,Solanum pseudocapsicum,316948-2,316948-2,Species,CPCS
902,Solanum capsicastrum,False Jerusalem cherry,4,Solanum pseudocapsicum,Solanum pseudocapsicum,316948-2,316948-2,Species,CPCS
903,Solanum carolinense,Wild tomato,4,Solanum carolinense,Solanum carolinense,285195-2,285195-2,Species,CPCS
904,Solanum dulcamara,Devil's apple,4,Solanum dulcamara,Solanum dulcamara,285213-2,285213-2,Species,CPCS
905,Solanum dulcamara,"Nightshade, blue",4,Solanum dulcamara,Solanum dulcamara,285213-2,285213-2,Species,CPCS
906,Solanum dulcamara,"Nightshade, climbing",4,Solanum dulcamara,Solanum dulcamara,285213-2,285213-2,Species,CPCS
907,Solanum dulcamara,"Nightshade, deadly",4,Solanum dulcamara,Solanum dulcamara,285213-2,285213-2,Species,CPCS
908,Solanum dulcamara,"Nightshade, poisonous",4,Solanum dulcamara,Solanum dulcamara,285213-2,285213-2,Species,CPCS
909,Solanum dulcamara,"Nightshade, woody",4,Solanum dulcamara,Solanum dulcamara,285213-2,285213-2,Species,CPCS
910,Solanum eleagnifolium,Devils tomato,4,,,,,,CPCS
911,Solanum eleagnifolium,"Tomato, devil's",4,,,,,,CPCS
912,Solanum jasminoides,Potato vine,4,Solanum laxum,Solanum laxum,330664-2,330664-2,Species,CPCS
913,Solanum nigrum,"Nightshade, black",4,Solanum nigrum,Solanum nigrum,30048260-2,30048260-2,Species,CPCS
914,Solanum nigrum,"Nightshade, common",4,Solanum nigrum,Solanum nigrum,30048260-2,30048260-2,Species,CPCS
915,Solanum nigrum,Poison berry,4,Solanum nigrum,Solanum nigrum,30048260-2,30048260-2,Species,CPCS
916,Solanum pseudocapsicum,Jerusalem cherry,3,Solanum pseudocapsicum,Solanum pseudocapsicum,316948-2,316948-2,Species,CPCS
917,Solanum pseudocapsicum,Ornamental pepper,3,Solanum pseudocapsicum,Solanum pseudocapsicum,316948-2,316948-2,Species,CPCS
918,Solanum seaforthianum,Star potato vine,3,Solanum seaforthianum,Solanum seaforthianum,316949-2,316949-2,Species,CPCS
919,Solanum spp,Deadly nightshade,4,,,,,,CPCS
920,Solanum tuberosum,Potato (all green parts),4,Solanum tuberosum,Solanum tuberosum,821337-1,821337-1,Species,CPCS
921,Sophora japonica,Japanese pagoda tree,4,Styphnolobium japonicum,Styphnolobium japonicum,1119529-2,1119529-2,Species,CPCS
922,Sophora japonica,Weeping pagoda tree,4,Styphnolobium japonicum,Styphnolobium japonicum,1119529-2,1119529-2,Species,CPCS
923,Sophora secundiflora,Mescal bean,4,Dermatophyllum secundiflorum,Dermatophyllum secundiflorum,77116898-1,77116898-1,Species,CPCS
924,Spartium junceum,Spanish broom,3,Spartium junceum,Spartium junceum,519057-1,519057-1,Species,CPCS
925,Spartium junceum,Weaver's broom,3,Spartium junceum,Spartium junceum,519057-1,519057-1,Species,CPCS
926,Spartium scoparium,Irish tops,4,Cytisus scoparius,Cytisus scoparius,489963-1,489963-1,Species,CPCS
927,Spartium scoparium,Scotch broom,4,Cytisus scoparius,Cytisus scoparius,489963-1,489963-1,Species,CPCS
928,Spathiphyllum spp,Mauna loa,2a,Spathiphyllum,,,30003632-2,Genus,CPCS
929,Spathiphyllum spp,Peace lily,2a,Spathiphyllum,,,30003632-2,Genus,CPCS
930,Spathiphyllum spp,Snowflower,2a,Spathiphyllum,,,30003632-2,Genus,CPCS
931,Spathiphyllum spp,Spathe flower,2a,Spathiphyllum,,,30003632-2,Genus,CPCS
932,Spathiphyllum spp,Spathiphyllum,2a,Spathiphyllum,,,30003632-2,Genus,CPCS
933,Spigelia marilandica,Carolina pink,4,Spigelia marilandica,Spigelia marilandica,546966-1,546966-1,Species,CPCS
934,Spigelia marilandica,Indian pink,4,Spigelia marilandica,Spigelia marilandica,546966-1,546966-1,Species,CPCS
935,Spigelia marilandica,Pinkroot,4,Spigelia marilandica,Spigelia marilandica,546966-1,546966-1,Species,CPCS
936,Stillingia spp,Queen's delight,1,Stillingia,,,327719-2,Genus,CPCS
937,Stillingia sylvatica,Queen's root,1,Stillingia sylvatica,Stillingia sylvatica,356605-1,356605-1,Species,CPCS
938,Streptosolen jamesonii,Marmalade bush,4,Streptosolen jamesonii,Streptosolen jamesonii,821609-1,821609-1,Species,CPCS
939,Strychnos nux-vomica,Poison nut,4,Strychnos nux-vomica,Strychnos nux-vomica,547371-1,547371-1,Species,CPCS
940,Symphoricarpos spp,Indian currant,3,Symphoricarpos,,,30010757-2,Genus,CPCS
941,Symphoricarpos spp,Snowberry,3,Symphoricarpos,,,30010757-2,Genus,CPCS
942,Symphoricarpos spp,Wax berry,3,Symphoricarpos,,,30010757-2,Genus,CPCS
943,Symphoricarpus spp,Coral berry,3,,,,,,CPCS
944,Symphytum officinale,Comfrey,4,Symphytum officinale,Symphytum officinale,120815-1,120815-1,Species,CPCS
945,Symphytum officinale,Slippery root,4,Symphytum officinale,Symphytum officinale,120815-1,120815-1,Species,CPCS
946,Symplocarpus foetidus,Polecat weed,2a,Symplocarpus foetidus,Symplocarpus foetidus,1149384-2,1149384-2,Species,CPCS
947,Symplocarpus foetidus,Skunk cabbage,2a,Symplocarpus foetidus,Symplocarpus foetidus,1149384-2,1149384-2,Species,CPCS
948,Symplocarpus foetidus,Skunkweed,2a,Symplocarpus foetidus,Symplocarpus foetidus,1149384-2,1149384-2,Species,CPCS
949,Syngonium podophyllum,Arrowhead vine,2a,Syngonium podophyllum,Syngonium podophyllum,89152-1,89152-1,Species,CPCS
950,Syngonium podophyllum,Nephthytis,2a,Syngonium podophyllum,Syngonium podophyllum,89152-1,89152-1,Species,CPCS
952,Tabebuia spp,Trumpet tree,13,Tabebuia,,,30001133-2,Genus,CPCS
953,Tagetes erecta,"Marigold, big",1,Tagetes erecta,Tagetes erecta,252092-1,252092-1,Species,CPCS
954,Tanacetum vulgare,Golden buttons,13,Tanacetum vulgare,Tanacetum vulgare,252568-1,252568-1,Species,CPCS
955,Tanacetum vulgare,Tansy,13,Tanacetum vulgare,Tanacetum vulgare,252568-1,252568-1,Species,CPCS
956,Taxus baccata,English yew,4,Taxus baccata,Taxus baccata,306036-2,306036-2,Species,CPCS
957,Taxus baccata,Yew,4,Taxus baccata,Taxus baccata,306036-2,306036-2,Species,CPCS
958,Taxus sieboldii,Taxus,4,,,,,,CPCS
959,Thevetia peruviana,Be still tree,4,Cascabela thevetia,Cascabela thevetia,47927-2,47927-2,Species,CPCS
960,Thevetia peruviana,Lucky seed,4,Cascabela thevetia,Cascabela thevetia,47927-2,47927-2,Species,CPCS
961,Thevetia peruviana,"Oleander, yellow",4,Cascabela thevetia,Cascabela thevetia,47927-2,47927-2,Species,CPCS
962,Thevetia peruviana,Yellow oleander,4,Cascabela thevetia,Cascabela thevetia,47927-2,47927-2,Species,CPCS
963,Toxicodendron diversilobum,Western poison oak,1,Toxicodendron diversilobum,Toxicodendron diversilobum,255739-2,255739-2,Species,CPCS
964,Toxicodendron quercifolium,Eastern poison oak,1,Toxicodendron pubescens,Toxicodendron pubescens,255764-2,255764-2,Species,CPCS
965,Toxicodendron radicans,Poison vine,1,Toxicodendron radicans,Toxicodendron radicans,255769-2,255769-2,Species,CPCS
966,Toxicodendron radicans,Poison ivy,1,Toxicodendron radicans,Toxicodendron radicans,255769-2,255769-2,Species,CPCS
967,Toxicodendron spp,Poison creeper,1,Toxicodendron,,,30002515-2,Genus,CPCS
968,Toxicodendron spp,Poison oak,1,Toxicodendron,,,30002515-2,Genus,CPCS
969,Toxicodendron vernicifluum,Lacquer tree,1,Toxicodendron vernicifluum,Toxicodendron vernicifluum,71819-1,71819-1,Species,CPCS
970,Toxicodendron vernix,Poison dogwood,1,Toxicodendron vernix,Toxicodendron vernix,255798-2,255798-2,Species,CPCS
971,Toxicodendron vernix,Poison elder,1,Toxicodendron vernix,Toxicodendron vernix,255798-2,255798-2,Species,CPCS
972,Toxicodendron vernix,Poison sumac,1,Toxicodendron vernix,Toxicodendron vernix,255798-2,255798-2,Species,CPCS
973,Tulipa spp,Tulip,13,Tulipa,,,24874-1,Genus,CPCS
975,Ulmus fulva,Slippery elm,1,Ulmus rubra,Ulmus rubra,306680-2,306680-2,Species,CPCS
976,Urechites spp,"Allamanda, wild",4,Pentalinon,,,2502-1,Genus,CPCS
977,Urechites spp,"Nighshade, yellow",4,Pentalinon,,,2502-1,Genus,CPCS
978,Urginea maritima,Red squill,4,Drimia maritima,Drimia maritima,534538-1,534538-1,Species,CPCS
979,Urginea maritima,Sea onion,4,Drimia maritima,Drimia maritima,534538-1,534538-1,Species,CPCS
980,Urginea maritima,Squill,4,Drimia maritima,Drimia maritima,534538-1,534538-1,Species,CPCS
981,Urtica spp,"Nettle, stinging",1,Urtica,,,30002031-2,Genus,CPCS
983,Valeriana officinales,Valerian,4,,,,,,CPCS
984,Veratrum spp,Corn lily,4,Veratrum,,,325946-2,Genus,CPCS
985,Veratrum spp,Skunk cabbage,4,Veratrum,,,325946-2,Genus,CPCS
986,Veratrum spp,Veratrum,4,Veratrum,,,325946-2,Genus,CPCS
987,Veratrum viride,Green hellebore,4,Veratrum viride,Veratrum viride,543543-1,543543-1,Species,CPCS
988,Veratrum viride,Hellebore,4,Veratrum viride,Veratrum viride,543543-1,543543-1,Species,CPCS
989,Veratrum viride,Indian poke,4,Veratrum viride,Veratrum viride,543543-1,543543-1,Species,CPCS
990,Verbena spp,Verbena,1,Verbena,,,330551-2,Genus,CPCS
991,Vinca major,Blue buttons,4,Vinca major,Vinca major,82697-1,82697-1,Species,CPCS
992,Vinca major,Vinca major,4,Vinca major,Vinca major,82697-1,82697-1,Species,CPCS
993,Vinca minor,Myrtle,4,Vinca minor,Vinca minor,82701-1,82701-1,Species,CPCS
994,Vinca minor,Vinca minor,4,Vinca minor,Vinca minor,82701-1,82701-1,Species,CPCS
995,Vinca rosea,Periwinkle,4,Catharanthus roseus,Catharanthus roseus,77880-1,77880-1,Species,CPCS
996,Vinca rosea,Vinca rosea,4,Catharanthus roseus,Catharanthus roseus,77880-1,77880-1,Species,CPCS
997,Viola cornuta,Johnny jump up (seeds only),3,Viola cornuta,Viola cornuta,867953-1,867953-1,Species,CPCS
998,Viola odorata,Viola (seeds only),3,Viola odorata,Viola odorata,868828-1,868828-1,Species,CPCS
999,Viola odorata,Violet (seeds only),3,Viola odorata,Viola odorata,868828-1,868828-1,Species,CPCS
1000,Viola tricolor,Pansy (seeds only),3,Viola tricolor,Viola tricolor,869428-1,869428-1,Species,CPCS
1001,Viscum album,"Mistletoe, European",3,Viscum album,Viscum album,300881-2,300881-2,Species,CPCS
1003,Wisteria fructescens,Wisteria,3,,,,,,CPCS
1005,Xanthium spp,Cocklebur,13,Xanthium,,,11557-1,Genus,CPCS
1007,Zamia spp,Cycads,4,Zamia,,,328825-2,Genus,CPCS
1008,Zamia spp,Cycas,4,Zamia,,,328825-2,Genus,CPCS
1009,Zamia spp,Sago cycas,4,Zamia,,,328825-2,Genus,CPCS
1010,Zamia spp,Zamia,4,Zamia,,,328825-2,Genus,CPCS
1011,Zantedeschia aethiopica,"Lily, arum",2a,Zantedeschia aethiopica,Zantedeschia aethiopica,89403-1,89403-1,Species,CPCS
1012,Zantedeschia aethiopica,"Lily, pig",2a,Zantedeschia aethiopica,Zantedeschia aethiopica,89403-1,89403-1,Species,CPCS
1013,Zantedeschia aethiopica,"Lily, trumpet",2q,Zantedeschia aethiopica,Zantedeschia aethiopica,89403-1,89403-1,Species,CPCS
1014,Zantedeschia aethiopica,Trumpet lily,2a,Zantedeschia aethiopica,Zantedeschia aethiopica,89403-1,89403-1,Species,CPCS
1015,Zantedeschia spp,Calla lily,2a,Zantedeschia,,,331310-2,Genus,CPCS
1016,Zephyranthes atamasco,Atamasco lily,13,Zephyranthes atamasco,Zephyranthes atamasco,270918-2,270918-2,Species,CPCS
1017,Zephyranthes atamasco,Rain lily,13,Zephyranthes atamasco,Zephyranthes atamasco,270918-2,270918-2,Species,CPCS
1018,Zephyranthes atamasco,Zephyr lily,13,Zephyranthes atamasco,Zephyranthes atamasco,270918-2,270918-2,Species,CPCS
1019,Zigadenus elegans,"Camus, white",4,Anticlea elegans,Anticlea elegans,15844-2,15844-2,Species,CPCS
1020,Zigadenus nuttallii,Poison camus,4,Toxicoscordion nuttallii,Toxicoscordion nuttallii,255811-2,255811-2,Species,CPCS
1021,Zigadenus or Zygadenus spp,Death camus,4,,,,,,CPCS
1022,Zigadenus or Zygadenus venenosus,"Snakeroot, black",4,,,,,,CPCS
