,CPCS_Snippet,Common name,Accepted_Name,Accepted_Species,Accepted_Species_ID,Accepted_ID,Accepted_Rank,Source
1,Abelia spp,Abelia,Abelia,,,30049036-2,Genus,CPCS
2,Abeliophyllum distichum,"Forsythia, white",Abeliophyllum distichum,Abeliophyllum distichum,608603-1,608603-1,Species,CPCS
3,Abies balsamea,Balsam tree,Abies balsamea,Abies balsamea,1084057-2,1084057-2,Species,CPCS
4,Abies spp,Fir tree,Abies,,,325655-2,Genus,CPCS
5,Abronia fragrans,"Lantana, wild",Abronia fragrans,Abronia fragrans,326889-2,326889-2,Species,CPCS
6,Abronia fragrans,"Snowball, prairie",Abronia fragrans,Abronia fragrans,326889-2,326889-2,Species,CPCS
7,Abronia spp,Wild lantana,Abronia,,,326868-2,Genus,CPCS
8,Abutilon theophrasti,Abutilon hemp,Abutilon theophrasti,Abutilon theophrasti,1044174-2,1044174-2,Species,CPCS
9,Abutilon theophrasti,Velvet leaf,Abutilon theophrasti,Abutilon theophrasti,1044174-2,1044174-2,Species,CPCS
10,Acanthus spp,Acanthus,Acanthus,,,344-1,Genus,CPCS
11,Acanthus spp,Artist's acanthus,Acanthus,,,344-1,Genus,CPCS
12,Acanthus spp,Bearâs breech,Acanthus,,,344-1,Genus,CPCS
13,Acanthus spp,Mountain acanthus,Acanthus,,,344-1,Genus,CPCS
14,Acer pseudoplantanas,Mock plane,,,,,,CPCS
15,Acer pseudoplatanus,Sycamore,Acer pseudoplatanus,Acer pseudoplatanus,781462-1,781462-1,Species,CPCS
16,Acer spp,Maple tree,Acer,,,328248-2,Genus,CPCS
17,Achimenes spp,Magic flower,Achimenes,,,16884-1,Genus,CPCS
18,Actinidia polygama,Silver vine,Actinidia polygama,Actinidia polygama,60472666-2,60472666-2,Species,CPCS
19,Adiantum capillus,Venus's hair,Adiantum capillus-veneris,Adiantum capillus-veneris,325030-2,325030-2,Species,CPCS
20,Adiantum capillus,Venus's hair fern,Adiantum capillus-veneris,Adiantum capillus-veneris,325030-2,325030-2,Species,CPCS
21,Adiantum decorum,Maid fern,Adiantum raddianum,Adiantum raddianum,17012580-1,17012580-1,Species,CPCS
22,Adiantum decorum,Maidenhair fern,Adiantum raddianum,Adiantum raddianum,17012580-1,17012580-1,Species,CPCS
23,Aechmea spp,Urn plant,Aechmea,,,328345-2,Genus,CPCS
24,Aechmea spp,Living vase,Aechmea,,,328345-2,Genus,CPCS
25,Aechmea marmorata,Grecian vase,Quesnelia marmorata,Quesnelia marmorata,216612-2,216612-2,Species,CPCS
26,Aechmea marmorata,Billbergia,Quesnelia marmorata,Quesnelia marmorata,216612-2,216612-2,Species,CPCS
27,Aegopodium podagraria,Bishop's elder or Bishop's weed,Aegopodium podagraria,Aegopodium podagraria,5849-2,5849-2,Species,CPCS
28,Aegopodium podagraria,Ground elder,Aegopodium podagraria,Aegopodium podagraria,5849-2,5849-2,Species,CPCS
29,Aegopodium podagraria,White ash,Aegopodium podagraria,Aegopodium podagraria,5849-2,5849-2,Species,CPCS
30,Aeschnanthus spp,Pipe plant,,,,,,CPCS
31,Aeschynanthus spp,Basket plant or vine,Aeschynanthus,,,331325-2,Genus,CPCS
32,Aeschynanthus spp,Bayberry,Aeschynanthus,,,331325-2,Genus,CPCS
33,Aeschynanthus spp,Lipstick plant,Aeschynanthus,,,331325-2,Genus,CPCS
34,Aeschynanthus spp,Lipstick vine,Aeschynanthus,,,331325-2,Genus,CPCS
35,Aglaonema modestum,Chinese evergreen,Aglaonema modestum,Aglaonema modestum,84081-1,84081-1,Species,CPCS
36,Aglaonema spp,Aglaonema,Aglaonema,,,2671-1,Genus,CPCS
37,Aglaonema spp,Silver evergreen,Aglaonema,,,2671-1,Genus,CPCS
38,Aglaonema spp,Silver king,Aglaonema,,,2671-1,Genus,CPCS
39,Aglaonema spp,Silver queen,Aglaonema,,,2671-1,Genus,CPCS
40,Aglianthemum scoparium,Rush rose,,,,,,CPCS
41,Ajuga remota or Ajuga reptans,Ajuga,Ajuga reptans,Ajuga reptans,444664-1,444664-1,Species,CPCS
42,Ajuga spp,Carpet bugle,Ajuga,,,20646-1,Genus,CPCS
43,Albizia,Albizia,Albizia,,,30017224-2,Genus,CPCS
44,Albizia julibrissin,Mimosa,Albizia julibrissin,Albizia julibrissin,473275-1,473275-1,Species,CPCS
45,Albizia julibrissin,Silk tree,Albizia julibrissin,Albizia julibrissin,473275-1,473275-1,Species,CPCS
46,Albizia julibrisson,Acacia,,,,,,CPCS
47,Alpinia mutica,Orchid ginger,Alpinia mutica,Alpinia mutica,795340-1,795340-1,Species,CPCS
48,Alpinia nutans,Pink porcelain lily,Alpinia nutans,Alpinia nutans,795347-1,795347-1,Species,CPCS
49,Alpinia nutans,Shell flower,Alpinia nutans,Alpinia nutans,795347-1,795347-1,Species,CPCS
50,Alpinia nutans,Shell ginger,Alpinia nutans,Alpinia nutans,795347-1,795347-1,Species,CPCS
51,Alternanthera spp,Snowball,Alternanthera,,,327196-2,Genus,CPCS
52,Althaea rosea,Hollyhock,Alcea rosea,Alcea rosea,558713-1,558713-1,Species,CPCS
53,Alyssum spp,Alyssum,Alyssum,,,60433920-2,Genus,CPCS
54,Alyssum spp,Gold dust plant,Alyssum,,,60433920-2,Genus,CPCS
55,Alyssum spp,Sweet alyssum,Alyssum,,,60433920-2,Genus,CPCS
56,Anredera cordifolia,Madeira vine,Anredera cordifolia,Anredera cordifolia,14549-2,14549-2,Species,CPCS
57,Antigonon leptopus,Chain of love,Antigonon leptopus,Antigonon leptopus,15860-2,15860-2,Species,CPCS
58,Antigonon leptopus,Coral vine,Antigonon leptopus,Antigonon leptopus,15860-2,15860-2,Species,CPCS
59,Antigonon leptopus,Love vine,Antigonon leptopus,Antigonon leptopus,15860-2,15860-2,Species,CPCS
60,Antigonon leptopus,Mexican creeper,Antigonon leptopus,Antigonon leptopus,15860-2,15860-2,Species,CPCS
61,Antigonon leptopus,Mountain rose,Antigonon leptopus,Antigonon leptopus,15860-2,15860-2,Species,CPCS
62,Antigonon leptopus,Pink vine,Antigonon leptopus,Antigonon leptopus,15860-2,15860-2,Species,CPCS
63,Antigonon leptopus,Queenâs jewels,Antigonon leptopus,Antigonon leptopus,15860-2,15860-2,Species,CPCS
64,Antirrhinum majus,Snapdragon,Antirrhinum majus,Antirrhinum majus,799180-1,799180-1,Species,CPCS
65,Aphelandra spp,Aphelandra,Aphelandra,,,30000831-2,Genus,CPCS
66,Aphelandra spp,Fiery spike,Aphelandra,,,30000831-2,Genus,CPCS
67,Aphelandra spp,Saffron spike,Aphelandra,,,30000831-2,Genus,CPCS
68,Aphelandra squarrosa,Zebra plant,Aphelandra squarrosa,Aphelandra squarrosa,315544-2,315544-2,Species,CPCS
69,Aponogeton senetralis,Madagascar lace plant,,,,,,CPCS
70,Aptenia cordifolia,Baby sun rose,Mesembryanthemum cordifolium,Mesembryanthemum cordifolium,322566-2,322566-2,Species,CPCS
71,Aptenia cordifolia,Ice plant,Mesembryanthemum cordifolium,Mesembryanthemum cordifolium,322566-2,322566-2,Species,CPCS
72,Aquilegia spp,Columbine,Aquilegia,,,325954-2,Genus,CPCS
73,Araucaria cunninghamii,Hoop pine,Araucaria cunninghamii,Araucaria cunninghamii,60455476-2,60455476-2,Species,CPCS
74,Araucaria heterophylla,Norfolk pine,Araucaria heterophylla,Araucaria heterophylla,676669-1,676669-1,Species,CPCS
75,Araucaria heterophylla,Norfolk island pine,Araucaria heterophylla,Araucaria heterophylla,676669-1,676669-1,Species,CPCS
76,Arbutus menziesil,Madrone,,,,,,CPCS
77,Arbutus spp,Manzanita,Arbutus,,,30008667-2,Genus,CPCS
78,Arbutus unedo,Arbutus,Arbutus unedo,Arbutus unedo,326526-1,326526-1,Species,CPCS
79,Arbutus unedo,Cane apple,Arbutus unedo,Arbutus unedo,326526-1,326526-1,Species,CPCS
80,Arbutus unedo,Strawberry tree,Arbutus unedo,Arbutus unedo,326526-1,326526-1,Species,CPCS
81,Arctostaphylos tomentosa,"Manzanita, woolly",Arctostaphylos tomentosa,Arctostaphylos tomentosa,30024713-2,30024713-2,Species,CPCS
82,Ardisia spp,Coral berry,Ardisia,,,327477-2,Genus,CPCS
83,Ardisia spp,Spice berry,Ardisia,,,327477-2,Genus,CPCS
84,Aregelia spp,Blushing bromeliad,Nidularium,,,328329-2,Genus,CPCS
85,Aregelia spp,Crimson cup,Nidularium,,,328329-2,Genus,CPCS
86,Aregelia spp,Fingernail plant,Nidularium,,,328329-2,Genus,CPCS
87,Ariocarpus fissuratus,Living rock,Ariocarpus fissuratus,Ariocarpus fissuratus,19054-2,19054-2,Species,CPCS
88,Ariocarpus fissuratus,Star rock,Ariocarpus fissuratus,Ariocarpus fissuratus,19054-2,19054-2,Species,CPCS
89,Aronia spp,Chokeberry,Aronia,,,331370-2,Genus,CPCS
90,Asparagus densiflorus cv sprengeri,Asparagus fern,Asparagus densiflorus,Asparagus densiflorus,531072-1,531072-1,Species,CPCS
91,Asparagus densiflorus cv sprengeri,Emerald feather or Emerald fern,Asparagus densiflorus,Asparagus densiflorus,531072-1,531072-1,Species,CPCS
92,Asparagus setaceus,Asparagus fern,Asparagus setaceus,Asparagus setaceus,531312-1,531312-1,Species,CPCS
93,Asplenium spp,Mother fern,Asplenium,,,328226-2,Genus,CPCS
94,Aspidistra elatior,Cast iron plant,Aspidistra elatior,Aspidistra elatior,531586-1,531586-1,Species,CPCS
95,Aspidistra spp,Aspidistra,Aspidistra,,,24019-1,Genus,CPCS
96,Aspidistra spp,Iron plant,Aspidistra,,,24019-1,Genus,CPCS
97,Asplenium bulbiferum,"Fern, hen and chickens",Asplenium bulbiferum,Asplenium bulbiferum,17040420-1,17040420-1,Species,CPCS
98,Asplenium nidus,Birdâs nest fern,Asplenium nidus,Asplenium nidus,17048040-1,17048040-1,Species,CPCS
99,Asplenium nidus,"Fern, birdâs nest",Asplenium nidus,Asplenium nidus,17048040-1,17048040-1,Species,CPCS
100,Asplenium spp,"Fern, king and queen",Asplenium,,,328226-2,Genus,CPCS
101,Asplenium spp,"Fern, mother",Asplenium,,,328226-2,Genus,CPCS
102,Asplenium spp,Hen and chickens fern,Asplenium,,,328226-2,Genus,CPCS
103,Asplenium spp,King and queen fern,Asplenium,,,328226-2,Genus,CPCS
104,Astilbe japonica,Astilbe,Astilbe japonica,Astilbe japonica,790289-1,790289-1,Species,CPCS
105,Astilbe japonica,Spiraea,Astilbe japonica,Astilbe japonica,790289-1,790289-1,Species,CPCS
106,Astrophytum asterias,Silver dollar,Astrophytum asterias,Astrophytum asterias,128907-1,128907-1,Species,CPCS
107,"Astrophytum myriostigm, NOT to be confused with Aconitum species",Monkshood,,,,,,CPCS
108,Astrophytum spp,Bishopâs cap,Astrophytum,,,30001394-2,Genus,CPCS
109,Astrophytum spp,Bishopâs hood,Astrophytum,,,30001394-2,Genus,CPCS
110,Aucuba japonica,Gold dust plant,Aucuba japonica,Aucuba japonica,271451-1,271451-1,Species,CPCS
111,Aucuba japonica variegated,Spotted laurel,Aucuba japonica,Aucuba japonica,271451-1,271451-1,Species,CPCS
112,Azolla caroliniana,Mosquito fern,Azolla caroliniana,Azolla caroliniana,17056910-1,17056910-1,Species,CPCS
113,Azolla caroliniana,Mosquito plant,Azolla caroliniana,Azolla caroliniana,17056910-1,17056910-1,Species,CPCS
115,Barbarea spp,Wintercress,Barbarea,,,331385-2,Genus,CPCS
116,Barbarea vulgaris,Rocket,Barbarea vulgaris,Barbarea vulgaris,29455-2,29455-2,Species,CPCS
117,Beaucarnea recurvata,Bottle palm,Beaucarnea recurvata,Beaucarnea recurvata,531735-1,531735-1,Species,CPCS
118,Begonia coccinea,Angel wing begonia,Begonia coccinea,Begonia coccinea,315561-2,315561-2,Species,CPCS
119,Begonia goegoensis,"Begonia, iron cross",Begonia goegoensis,Begonia goegoensis,104769-1,104769-1,Species,CPCS
120,Begonia rex,Merry Christmas,Begonia rex,Begonia rex,105573-1,105573-1,Species,CPCS
121,Bellaperone gutta,False hop,,,,,,CPCS
122,Bellaperone gutta,Mexican shrimp plant,,,,,,CPCS
123,Bellaperone gutta,Shrimp bush or Shrimp plant,,,,,,CPCS
124,Bergenia cordifolia,Elephantâs ear,Bergenia crassifolia var. crassifolia,Bergenia crassifolia,790361-1,77228835-1,Variety,CPCS
125,Betula spp,Birch tree,Betula,,,328387-2,Genus,CPCS
126,Billbergia spp,Friendship plant,Billbergia,,,30006865-2,Genus,CPCS
127,Billbergia spp,Marbled rainbow plant,Billbergia,,,30006865-2,Genus,CPCS
128,Billbergia spp,Queenâs tears,Billbergia,,,30006865-2,Genus,CPCS
129,Billbergia spp,Rainbow plant,Billbergia,,,30006865-2,Genus,CPCS
130,Bouvardia glaberrima,Smooth bouvardia,Bouvardia ternifolia,Bouvardia ternifolia,745109-1,745109-1,Species,CPCS
131,Brachychiton spp,Bottle tree,Brachychiton,,,38633-1,Genus,CPCS
132,Brassaia actinophylla,Australian umbrella tree,Heptapleurum actinophyllum,Heptapleurum actinophyllum,77213393-1,77213393-1,Species,CPCS
133,Brassaia actinophylla,Octopus tree,Heptapleurum actinophyllum,Heptapleurum actinophyllum,77213393-1,77213393-1,Species,CPCS
134,Brassaia actinophylla,Queen's umbrella tree,Heptapleurum actinophyllum,Heptapleurum actinophyllum,77213393-1,77213393-1,Species,CPCS
135,Brassaia actinophylla,Schefflera,Heptapleurum actinophyllum,Heptapleurum actinophyllum,77213393-1,77213393-1,Species,CPCS
136,Brassaia actinophylla,Umbrella tree,Heptapleurum actinophyllum,Heptapleurum actinophyllum,77213393-1,77213393-1,Species,CPCS
137,Brassaia actionophylla,Brassaia,,,,,,CPCS
138,Brassica oleracea,Cabbage kale,Brassica oleracea,Brassica oleracea,279435-1,279435-1,Species,CPCS
139,Brassica oleracea,Kale,Brassica oleracea,Brassica oleracea,279435-1,279435-1,Species,CPCS
140,Brassica oleracea,Ornamental cabbage,Brassica oleracea,Brassica oleracea,279435-1,279435-1,Species,CPCS
141,Brassica oleracea,Ornamental kale,Brassica oleracea,Brassica oleracea,279435-1,279435-1,Species,CPCS
142,Brassica spp,Wild mustard,Brassica,,,30043511-2,Genus,CPCS
143,Breynia disticha,Snow bush,Breynia disticha,Breynia disticha,340073-1,340073-1,Species,CPCS
144,Briza maxima or Briza major,"Quaking grass, big",Briza maxima,Briza maxima,393293-1,393293-1,Species,CPCS
145,Bromelia balansae,Heart of flame,Bromelia balansae,Bromelia balansae,36836-2,36836-2,Species,CPCS
146,Buddleia davidii,Butterfly bush,Buddleja davidii,Buddleja davidii,545734-1,545734-1,Species,CPCS
147,Buddleia davidii,Buddleia,Buddleja davidii,Buddleja davidii,545734-1,545734-1,Species,CPCS
149,Cactaceae,Cactus (except for thorns),,,,,,CPCS
150,Calamus rotang,Rattan cane,Calamus rotang,Calamus rotang,665387-1,665387-1,Species,CPCS
151,Calathea argyraea,Silver calathea,Goeppertia argyraea,Goeppertia argyraea,60458829-2,60458829-2,Species,CPCS
152,Calathea makoyana,Brain plant,Goeppertia makoyana,Goeppertia makoyana,60461041-2,60461041-2,Species,CPCS
153,Calathea makoyana,Peacock plant,Goeppertia makoyana,Goeppertia makoyana,60461041-2,60461041-2,Species,CPCS
154,Calathea makoyana,Cathedral windows,Goeppertia makoyana,Goeppertia makoyana,60461041-2,60461041-2,Species,CPCS
155,Calathea spp,Calathea,Calathea,,,30001411-2,Genus,CPCS
156,Calathea spp,Maranta,Calathea,,,30001411-2,Genus,CPCS
157,Calathea spp,Rattlesnake plant,Calathea,,,30001411-2,Genus,CPCS
158,Calathea zebrina,Zebra plant,Goeppertia zebrina,Goeppertia zebrina,796810-1,796810-1,Species,CPCS
159,Calceolaria spp,Slipper plant,Calceolaria,,,331444-2,Genus,CPCS
160,Calendula officinalis,Calendula,Calendula officinalis,Calendula officinalis,187894-1,187894-1,Species,CPCS
161,Calendula officinalis,Gold bloom,Calendula officinalis,Calendula officinalis,187894-1,187894-1,Species,CPCS
162,Calendula spp,Marigold,Calendula,,,30120329-2,Genus,CPCS
163,Calliandra eriophylla,Fairy duster,Calliandra eriophylla,Calliandra eriophylla,42149-2,42149-2,Species,CPCS
164,Callicarpa americana,French mulberry,Callicarpa americana,Callicarpa americana,319128-2,319128-2,Species,CPCS
165,Callicarpa americana,"Mulberry, French",Callicarpa americana,Callicarpa americana,319128-2,319128-2,Species,CPCS
166,Callicarpa spp,Beauty berry,Callicarpa,,,30044566-2,Genus,CPCS
167,Callisia spp,Inch plant,Callisia,,,329860-2,Genus,CPCS
168,Callisia spp,Striped inch plant,Callisia,,,329860-2,Genus,CPCS
169,Callistemon spp,Callistemon,,,,,,CPCS
170,Callistemon spp,Bottlebrush,,,,,,CPCS
171,Callistephus chinensis,"Aster, annual",Callistephus chinensis,Callistephus chinensis,188023-1,188023-1,Species,CPCS
172,Calochortus spp,Mariposa lily,Calochortus,,,30008714-2,Genus,CPCS
173,Calochortus spp,Sego lily,Calochortus,,,30008714-2,Genus,CPCS
174,Camassia spp,Wild hyacinth,Camassia,,,331163-2,Genus,CPCS
175,Camellia japonica,Camellia,Camellia japonica,Camellia japonica,828524-1,828524-1,Species,CPCS
176,Campanula spp,Bellflower,Campanula,,,30027807-2,Genus,CPCS
177,Campanula spp,Campanula,Campanula,,,30027807-2,Genus,CPCS
178,Campanula spp,Canterbury bell,Campanula,,,30027807-2,Genus,CPCS
179,Campanula spp,Cloche,Campanula,,,30027807-2,Genus,CPCS
180,Canna generalis,Canna lily,Canna × hybrida,Canna × hybrida,77208084-1,77208084-1,Species,CPCS
181,Cardiospermum halicacabum,Balloon vine,Cardiospermum halicacabum,Cardiospermum halicacabum,782206-1,782206-1,Species,CPCS
182,Cardiospermum halicacabum,Heart pea,Cardiospermum halicacabum,Cardiospermum halicacabum,782206-1,782206-1,Species,CPCS
183,Carpobrotus spp,Icicle plant,Carpobrotus,,,328405-2,Genus,CPCS
184,Carthamus tinctorius,Safflower,Carthamus tinctorius,Carthamus tinctorius,324467-2,324467-2,Species,CPCS
185,Carya spp,Bitternut,Carya,,,331465-2,Genus,CPCS
186,Carya spp,Bitter pecan,Carya,,,331465-2,Genus,CPCS
187,Carya spp,Hickory,Carya,,,331465-2,Genus,CPCS
188,Caryopteris spp,"Spiraea, blue",Caryopteris,,,41221-1,Genus,CPCS
189,Casimiroa edulis,Mexican apple,Casimiroa edulis,Casimiroa edulis,771774-1,771774-1,Species,CPCS
190,Castanea spp,American chestnut,Castanea,,,30004045-2,Genus,CPCS
191,Castanea spp,"Chestnut, sweet",Castanea,,,30004045-2,Genus,CPCS
192,Castilleja spp,Paint brush,Castilleja,,,325881-2,Genus,CPCS
193,Castilleja spp,Painted cup,Castilleja,,,325881-2,Genus,CPCS
194,Catalpa spp,Catalpa,Catalpa,,,30022327-2,Genus,CPCS
195,Cattleya spp,Orchid,Cattleya,,,28960-1,Genus,CPCS
196,Celosia spp,Celosia,Celosia,,,327360-2,Genus,CPCS
197,Celosia spp,Cockscomb,Celosia,,,327360-2,Genus,CPCS
198,Celosia spp,Coxcomb,Celosia,,,327360-2,Genus,CPCS
199,Celtis australis,Honeyberry,Celtis australis,Celtis australis,850999-1,850999-1,Species,CPCS
200,Celtis sinensis,Chinese hackberry,Celtis sinensis,Celtis sinensis,851171-1,851171-1,Species,CPCS
201,Celtis spp,"Hackberry, common",Celtis,,,30002308-2,Genus,CPCS
202,Centaurea cyanus,Bachelor buttons,Centaurea cyanus,Centaurea cyanus,190310-1,190310-1,Species,CPCS
203,Centaurea cyanus,Blue bottle,Centaurea cyanus,Centaurea cyanus,190310-1,190310-1,Species,CPCS
204,Centaurea cyanus,Cornflower,Centaurea cyanus,Centaurea cyanus,190310-1,190310-1,Species,CPCS
205,Centranthus ruber,"Valerian, red",Valeriana rubra,Valeriana rubra,860141-1,860141-1,Species,CPCS
206,Centrosema virginianum,Butterfly pea,Centrosema virginianum,Centrosema virginianum,51897-2,51897-2,Species,CPCS
207,Ceratonia siliqua,Carob,Ceratonia siliqua,Ceratonia siliqua,485647-1,485647-1,Species,CPCS
208,Ceratonia siliqua,Locust pods,Ceratonia siliqua,Ceratonia siliqua,485647-1,485647-1,Species,CPCS
209,Ceratonia siliqua,Sugar-pods,Ceratonia siliqua,Ceratonia siliqua,485647-1,485647-1,Species,CPCS
210,Ceratonia siliqua,Carob tree,Ceratonia siliqua,Ceratonia siliqua,485647-1,485647-1,Species,CPCS
211,Cercidium microphyllum,Palo verde,Parkinsonia microphylla,Parkinsonia microphylla,512248-1,512248-1,Species,CPCS
212,Cercis canadensis,Red bud,Cercis canadensis,Cercis canadensis,316243-2,316243-2,Species,CPCS
213,Ceropegia woodii,Hearts entangled,Ceropegia woodii,Ceropegia woodii,95848-1,95848-1,Species,CPCS
214,Ceropegia woodii,Hearts-on-a-string,Ceropegia woodii,Ceropegia woodii,95848-1,95848-1,Species,CPCS
215,Ceropegia woodii,Heart vine,Ceropegia woodii,Ceropegia woodii,95848-1,95848-1,Species,CPCS
216,Ceropegia woodii,Rosary bead plant,Ceropegia woodii,Ceropegia woodii,95848-1,95848-1,Species,CPCS
217,Ceropegia woodii,Rosary vine,Ceropegia woodii,Ceropegia woodii,95848-1,95848-1,Species,CPCS
218,Ceropegia woodii,String of hearts,Ceropegia woodii,Ceropegia woodii,95848-1,95848-1,Species,CPCS
219,Chaenomeles spp,"Quince, flowering",Chaenomeles,,,331479-2,Genus,CPCS
220,Chamaedorea elegans,Dwarf palm,Chamaedorea elegans,Chamaedorea elegans,54865-2,54865-2,Species,CPCS
221,Chamaedorea elegans,Good luck palm,Chamaedorea elegans,Chamaedorea elegans,54865-2,54865-2,Species,CPCS
222,Chamaedorea elegans,Neanthebella,Chamaedorea elegans,Chamaedorea elegans,54865-2,54865-2,Species,CPCS
223,Chamaedorea elegans,Parlor palm,Chamaedorea elegans,Chamaedorea elegans,54865-2,54865-2,Species,CPCS
224,Chamaedorea spp,Bamboo palm,Chamaedorea,,,331165-2,Genus,CPCS
225,Chlorophytum comosum,Ribbon plant,Chlorophytum comosum,Chlorophytum comosum,532810-1,532810-1,Species,CPCS
226,Chlorophytum comosum,Spider ivy,Chlorophytum comosum,Chlorophytum comosum,532810-1,532810-1,Species,CPCS
227,Chlorophytum comosum,Spider plant,Chlorophytum comosum,Chlorophytum comosum,532810-1,532810-1,Species,CPCS
228,Choisya ternata,Mexican orange,Choisya ternata,Choisya ternata,771812-1,771812-1,Species,CPCS
229,Chrysalidocarpus lutescens,Areca palm,Dypsis lutescens,Dypsis lutescens,985360-1,985360-1,Species,CPCS
230,Chrysalidocarpus lutescens,Butterfly palm,Dypsis lutescens,Dypsis lutescens,985360-1,985360-1,Species,CPCS
231,Chrysalidocarpus lutescens,Cane palm,Dypsis lutescens,Dypsis lutescens,985360-1,985360-1,Species,CPCS
232,Chrysalidocarpus lutescens,Golden feather palm,Dypsis lutescens,Dypsis lutescens,985360-1,985360-1,Species,CPCS
233,Cibotium spp,Hawaiian tree fern,Cibotium,,,17376040-1,Genus,CPCS
234,Cibotium schiedei,Mexican tree fern,Cibotium schiedei,Cibotium schiedei,17069580-1,17069580-1,Species,CPCS
235,Cissus discolor,Climbing begonia,Cissus discolor,Cissus discolor,869840-1,869840-1,Species,CPCS
236,Cissus discolor,Rex-begonia vine,Cissus discolor,Cissus discolor,869840-1,869840-1,Species,CPCS
237,Cissus discolor,Trailing begonia,Cissus discolor,Cissus discolor,869840-1,869840-1,Species,CPCS
238,Cissus spp,Begonia cissus,Cissus,,,325875-2,Genus,CPCS
239,Cistus spp,Rock rose,Cistus,,,30101376-2,Genus,CPCS
240,Clarkia amoena,Fairwell-to-spring,Clarkia amoena,Clarkia amoena,59701-2,59701-2,Species,CPCS
241,Clarkia amoena,Godetia,Clarkia amoena,Clarkia amoena,59701-2,59701-2,Species,CPCS
242,Clarkia spp,Clarkia,Clarkia,,,30001602-2,Genus,CPCS
243,Clarkia spp,Farewell to spring,Clarkia,,,30001602-2,Genus,CPCS
244,Clarkia spp,Jodetia,Clarkia,,,30001602-2,Genus,CPCS
245,Cleome spp,Cleome,Cleome,,,30009982-2,Genus,CPCS
246,Cleome spp,Spider flower,Cleome,,,30009982-2,Genus,CPCS
247,Clerodendrum spp,Bleeding heart,Clerodendrum,,,30002447-2,Genus,CPCS
248,Clerodendrum spp,Pagoda flower,Clerodendrum,,,30002447-2,Genus,CPCS
249,Clerodendrum spp,Bleeding heart vine,Clerodendrum,,,30002447-2,Genus,CPCS
250,Clianthus spp,Clianthus,Clianthus,,,22037-1,Genus,CPCS
251,Clintonia borealis,Corn lily,Clintonia borealis,Clintonia borealis,30082120-2,30082120-2,Species,CPCS
252,Clintonia uniflora,Bride's bonnet,Clintonia uniflora,Clintonia uniflora,533180-1,533180-1,Species,CPCS
253,Cobaeae scandens,Cathedral bells,,,,,,CPCS
254,Cobaeae scandens,Cup-and-saucer vine,,,,,,CPCS
255,Cobaeae scandens,Mexican ivy,,,,,,CPCS
256,Coccothrinax alta,Fan palm,Coccothrinax alta,Coccothrinax alta,62339-2,62339-2,Species,CPCS
257,Coccothrinax argentata,Silver palm,Coccothrinax argentata,Coccothrinax argentata,62341-2,62341-2,Species,CPCS
258,Coccothrinax argentea,Broom palm,Coccothrinax argentea,Coccothrinax argentea,30310531-2,30310531-2,Species,CPCS
259,Coccothrinax argentea,Silver thatch,Coccothrinax argentea,Coccothrinax argentea,30310531-2,30310531-2,Species,CPCS
260,Coccothrinax crinita,Thatch palm,Coccothrinax crinita,Coccothrinax crinita,666033-1,666033-1,Species,CPCS
261,Coleonema ericoides,Breath-of-heaven,,,,,,CPCS
262,Coleus spp,Coleus,Coleus,,,20765-1,Genus,CPCS
263,Cordyline australis,Cabbage tree,Cordyline australis,Cordyline australis,533544-1,533544-1,Species,CPCS
264,Cordyline spp,Cordyline,Cordyline,,,24159-1,Genus,CPCS
265,Cordyline australis,Palm lily,Cordyline australis,Cordyline australis,533544-1,533544-1,Species,CPCS
266,Cordyline spp,Dracaena,Cordyline,,,24159-1,Genus,CPCS
267,Cordyline spp,"Dracaena, blue",Cordyline,,,24159-1,Genus,CPCS
268,Cordyline spp,"Dracaena, fountain",Cordyline,,,24159-1,Genus,CPCS
269,Cordyline spp,"Dracaena, giant",Cordyline,,,24159-1,Genus,CPCS
270,Cordyline terminalis,Good luck plant,Cordyline fruticosa,Cordyline fruticosa,533580-1,533580-1,Species,CPCS
271,Cordyline terminalis,Hawaiian good luck plant,Cordyline fruticosa,Cordyline fruticosa,533580-1,533580-1,Species,CPCS
272,Cordyline terminalis,Ti plant,Cordyline fruticosa,Cordyline fruticosa,533580-1,533580-1,Species,CPCS
273,Coreopsis californica,Coreopsis,Coreopsis californica,Coreopsis californica,65779-2,65779-2,Species,CPCS
274,Cornus canadensis,Bunchberry,Cornus canadensis,Cornus canadensis,271519-1,271519-1,Species,CPCS
275,Cornus florida,"Dogwood, flowering",Cornus florida,Cornus florida,271574-1,271574-1,Species,CPCS
276,Cornus nuttalii,Pacific dogwood,Cornus nuttallii,Cornus nuttallii,66154-2,66154-2,Species,CPCS
277,Cornus nuttalii,Mountain dogwood,Cornus nuttallii,Cornus nuttallii,66154-2,66154-2,Species,CPCS
278,Cortaderia selloana,Pampas grass,Cortaderia selloana,Cortaderia selloana,66317-2,66317-2,Species,CPCS
279,Cosmos spp,Cosmos,Cosmos,,,8410-1,Genus,CPCS
280,Cotinus spp,"Smoke tree, American",Cotinus,,,30173577-2,Genus,CPCS
281,Crassula arborscens,Silver dollar,,,,,,CPCS
282,Crassula argentea,Baby jade,Crassula ovata,Crassula ovata,273350-1,273350-1,Species,CPCS
283,Crassula rupestris,Bead vine,Crassula rupestris,Crassula rupestris,273461-1,273461-1,Species,CPCS
284,Crassula rupestris,Buttons on a string,Crassula rupestris,Crassula rupestris,273461-1,273461-1,Species,CPCS
285,Crassula rupestris,Necklace vine,Crassula rupestris,Crassula rupestris,273461-1,273461-1,Species,CPCS
286,Crassula rupestris,Rosary plant,Crassula rupestris,Crassula rupestris,273461-1,273461-1,Species,CPCS
287,Crassula rupestris,Rosary vine,Crassula rupestris,Crassula rupestris,273461-1,273461-1,Species,CPCS
288,Crassula rupestris,String of buttons,Crassula rupestris,Crassula rupestris,273461-1,273461-1,Species,CPCS
289,Crassula spp,Crassula,Crassula,,,30014394-2,Genus,CPCS
290,Crassula spp,Jade plant/jade tree,Crassula,,,30014394-2,Genus,CPCS
291,Crataegus spp,Crataegus,Crataegus,,,60436254-2,Genus,CPCS
292,Crataegus spp,Hawthorn,Crataegus,,,60436254-2,Genus,CPCS
293,Crataegus spp,May bush,Crataegus,,,60436254-2,Genus,CPCS
294,Crataegus spp,Thorn apple,Crataegus,,,60436254-2,Genus,CPCS
295,Crocus spp,"Crocus, spring blooming ONLY",Crocus,,,20293-1,Genus,CPCS
296,Crocus spp,"Dutch crocus, spring blooming ONLY",Crocus,,,20293-1,Genus,CPCS
297,Crossandra spp,Crossandra,Crossandra,,,492-1,Genus,CPCS
298,Crossandra spp,Firecracker flower,Crossandra,,,492-1,Genus,CPCS
299,Crotolaria ramosissima,Crotolaria,,,,,,CPCS
300,Cryptanthus lacerdae,Silver star,Cryptanthus lacerdae,Cryptanthus lacerdae,77176911-1,77176911-1,Species,CPCS
301,Cryptanthus zonatus,Zebra plant,Cryptanthus zonatus,Cryptanthus zonatus,122644-1,122644-1,Species,CPCS
302,Cucurbitaceae spp,Gourd,,,,,,CPCS
303,Cuphea hyssopifolia,False heather,Cuphea hyssopifolia,Cuphea hyssopifolia,553043-1,553043-1,Species,CPCS
304,Cuphea hyssopifolia,"Heather, Mexican",Cuphea hyssopifolia,Cuphea hyssopifolia,553043-1,553043-1,Species,CPCS
305,Cuphea hyssopifolia,Mexican heather,Cuphea hyssopifolia,Cuphea hyssopifolia,553043-1,553043-1,Species,CPCS
306,Cuphea spp,Firecracker plant,Cuphea,,,30000193-2,Genus,CPCS
307,Cupressus sempervirens,Italian cypress,Cupressus sempervirens,Cupressus sempervirens,261974-1,261974-1,Species,CPCS
308,Cyanotis kewensis,Teddy bear plant or vine,Cyanotis beddomei,Cyanotis beddomei,77105360-1,77105360-1,Species,CPCS
309,Cydonia oblonga,"Quince, common",Cydonia oblonga,Cydonia oblonga,724549-1,724549-1,Species,CPCS
310,Cymbidium spp,Orchid,Cymbidium,,,330383-2,Genus,CPCS
311,Cynanchum spp,Cruel plant,Cynanchum,,,30401855-2,Genus,CPCS
312,Cynanchum spp,Mosquito plant,Cynanchum,,,30401855-2,Genus,CPCS
313,Cyphomandra betacea,Tomato tree,Solanum betaceum,Solanum betaceum,306169-2,306169-2,Species,CPCS
314,Cyrtanthus spp,Fire lily,Cyrtanthus,,,331182-2,Genus,CPCS
316,Dahlia spp,Dahlia,Dahlia,,,325940-2,Genus,CPCS
317,Darlingtonia californica,Cobra lily or Cobra plant,Darlingtonia californica,Darlingtonia californica,76771-2,76771-2,Species,CPCS
318,Darlingtonia californica,Pitcher plant,Darlingtonia californica,Darlingtonia californica,76771-2,76771-2,Species,CPCS
319,Davallia canariensis,"Fern, deer's foot",Davallia canariensis,Davallia canariensis,17078300-1,17078300-1,Species,CPCS
320,Davallia fejeensis,"Fern, hare",Davallia solida var. fejeensis,Davallia solida,17080730-1,17564870-1,Variety,CPCS
321,Davallia fejeensis,"Fern, rabbitâs foot",Davallia solida var. fejeensis,Davallia solida,17080730-1,17564870-1,Variety,CPCS
322,Davallia fejeensis,"Fern, squirrelâs foot",Davallia solida var. fejeensis,Davallia solida,17080730-1,17564870-1,Variety,CPCS
323,Dichelostemma pulchellum,Brodiaea,Dichelostemma congestum,Dichelostemma congestum,533875-1,533875-1,Species,CPCS
324,Dichelostemma pulchellum,Wild hyacinth,Dichelostemma congestum,Dichelostemma congestum,533875-1,533875-1,Species,CPCS
325,Dietes spp,African iris,Dietes,,,331187-2,Genus,CPCS
326,Dietes spp,Fort knight lily,Dietes,,,331187-2,Genus,CPCS
327,Dimorphotheca pluvialis,African daisy,Dimorphotheca pluvialis,Dimorphotheca pluvialis,157385-3,157385-3,Species,CPCS
328,Dimorphotheca pluvialis,Cape marigold,Dimorphotheca pluvialis,Dimorphotheca pluvialis,157385-3,157385-3,Species,CPCS
329,Dinteranthus vanzylii,Living stones,Dinteranthus vanzylii,Dinteranthus vanzylii,361617-1,361617-1,Species,CPCS
330,Dinteranthus wilmotianus,Split rock,Dinteranthus wilmotianus,Dinteranthus wilmotianus,361618-1,361618-1,Species,CPCS
331,Dioscorea elephantipes,Elephantâs foot,Dioscorea elephantipes,Dioscorea elephantipes,317936-1,317936-1,Species,CPCS
332,Diosma ericoides,Breath-of-heaven,Diosma hirsuta,Diosma hirsuta,772468-1,772468-1,Species,CPCS
333,Distictis buccinatoria,Trumpet vine,Amphilophium buccinatorium,Amphilophium buccinatorium,77141945-1,77141945-1,Species,CPCS
334,Dizygotheca elegantissima,Aralia,Plerandra elegantissima,Plerandra elegantissima,77131172-1,77131172-1,Species,CPCS
335,Dizygotheca elegantissima,False aralia,Plerandra elegantissima,Plerandra elegantissima,77131172-1,77131172-1,Species,CPCS
336,Dizygotheca elegantissima,Spider aralia,Plerandra elegantissima,Plerandra elegantissima,77131172-1,77131172-1,Species,CPCS
337,Dracaena australis,Fountain dracaena,Cordyline obtecta,Cordyline obtecta,533623-1,533623-1,Species,CPCS
338,Dracaena australis,Giant dracaena,Cordyline obtecta,Cordyline obtecta,533623-1,533623-1,Species,CPCS
339,Dracaena australis,"Dracaena, giant",Cordyline obtecta,Cordyline obtecta,533623-1,533623-1,Species,CPCS
340,Dracaena deremensis,"Dracaena, striped",Dracaena fragrans,Dracaena fragrans,534207-1,534207-1,Species,CPCS
341,Dracaena deremensis,Janet Craig plant,Dracaena fragrans,Dracaena fragrans,534207-1,534207-1,Species,CPCS
342,Dracaena draco,Dragon tree,Dracaena draco,Dracaena draco,534171-1,534171-1,Species,CPCS
343,Dracaena fragrans,Painted dragon lily,Dracaena fragrans,Dracaena fragrans,534207-1,534207-1,Species,CPCS
344,Dracaena fragrans,Cornplant,Dracaena fragrans,Dracaena fragrans,534207-1,534207-1,Species,CPCS
345,Dracaena fragrans,Cornstalk plant,Dracaena fragrans,Dracaena fragrans,534207-1,534207-1,Species,CPCS
346,Dracaena fragrans,"Dragon lily, painted",Dracaena fragrans,Dracaena fragrans,534207-1,534207-1,Species,CPCS
347,Dracaena goldieana,Dracaena queen,Dracaena goldieana,Dracaena goldieana,534219-1,534219-1,Species,CPCS
348,Dracaena goldieana,Queen of dracaenas,Dracaena goldieana,Dracaena goldieana,534219-1,534219-1,Species,CPCS
349,Dracaena marginata,Madagascar dragon tree,Aloe purpurea,Aloe purpurea,529816-1,529816-1,Species,CPCS
350,Dracaena sanderiana,Lucky bamboo,Dracaena sanderiana,Dracaena sanderiana,60471006-2,60471006-2,Species,CPCS
351,Dracaena sanderiana,Ribbon plant,Dracaena sanderiana,Dracaena sanderiana,60471006-2,60471006-2,Species,CPCS
352,Dracaena spp,Dracaena,Dracaena,,,30010732-2,Genus,CPCS
353,Dracaena spp,"Dracaena, blue",Dracaena,,,30010732-2,Genus,CPCS
354,Dracaena spp,Florida beauty,Dracaena,,,30010732-2,Genus,CPCS
355,Dracaena spp,Gold dust dracaena,Dracaena,,,30010732-2,Genus,CPCS
356,Dracaena spp,Spotted dracaena,Dracaena,,,30010732-2,Genus,CPCS
357,Dracaena terminalis,Hawaiian good luck plant,Cordyline fruticosa,Cordyline fruticosa,533580-1,533580-1,Species,CPCS
358,Dracaena terminalis,Ti plant,Cordyline fruticosa,Cordyline fruticosa,533580-1,533580-1,Species,CPCS
359,Dracaena terminalis,Tree of kings,Cordyline fruticosa,Cordyline fruticosa,533580-1,533580-1,Species,CPCS
360,Dracaena terminalis,Good luck plant,Cordyline fruticosa,Cordyline fruticosa,533580-1,533580-1,Species,CPCS
361,Drosera or Droserae spp,Sundew,,,,,,CPCS
362,Dryopteris marginalis,Evergreen woodfern,Dryopteris marginalis,Dryopteris marginalis,30064660-2,30064660-2,Species,CPCS
363,Dryopteris marginalis,Leather leaf woodfern,Dryopteris marginalis,Dryopteris marginalis,30064660-2,30064660-2,Species,CPCS
364,Duchesnea indica,Indian strawberry,Potentilla indica,Potentilla indica,728289-1,728289-1,Species,CPCS
365,Duchesnea indica,Mock strawberry,Potentilla indica,Potentilla indica,728289-1,728289-1,Species,CPCS
367,Echeveria ispp,Chicks and hens or Chickens and hens,,,,,,CPCS
368,Echeveria spp,Mexican rosettes,Echeveria,,,30004414-2,Genus,CPCS
369,Echeveria spp,Mexican snowball,Echeveria,,,30004414-2,Genus,CPCS
370,Echeveria spp,Plush plant,Echeveria,,,30004414-2,Genus,CPCS
371,Echeveria spp,"Chenille plant, maroon",Echeveria,,,30004414-2,Genus,CPCS
372,Echeveria spp,Echeveria,Echeveria,,,30004414-2,Genus,CPCS
373,Echeveria spp,Hen and chicks,Echeveria,,,30004414-2,Genus,CPCS
374,Echeveria spp,Hens and chickens,Echeveria,,,30004414-2,Genus,CPCS
375,Echeveria spp,Mother hen and chicks,Echeveria,,,30004414-2,Genus,CPCS
376,Echeveria spp,Painted lady,Echeveria,,,30004414-2,Genus,CPCS
377,Echeveria spp,Wax rosette,Echeveria,,,30004414-2,Genus,CPCS
378,Echeveria spp,Mexican firecracker,Echeveria,,,30004414-2,Genus,CPCS
379,Echinacea spp,Coneflower,Echinacea,,,30035795-2,Genus,CPCS
380,Echinacea spp,Echinacea,Echinacea,,,30035795-2,Genus,CPCS
381,Echinacea spp,Rudbeckia,Echinacea,,,30035795-2,Genus,CPCS
382,Eichhornia crassipes,Water hyacinth,Pontederia crassipes,Pontederia crassipes,310928-2,310928-2,Species,CPCS
383,Elaeagnus spp,Silver berry,Elaeagnus,,,30001965-2,Genus,CPCS
384,Elaeagnus spp,Russian olive,Elaeagnus,,,30001965-2,Genus,CPCS
385,Endymion hispanicus,Spanish bluebell,Hyacinthoides hispanica,Hyacinthoides hispanica,536678-1,536678-1,Species,CPCS
386,Endymion italicus,"Squill, Italain",Hyacinthoides italica,Hyacinthoides italica,536679-1,536679-1,Species,CPCS
387,Endymion non-scriptus,English bluebell,Hyacinthoides non-scripta,Hyacinthoides non-scripta,971733-1,971733-1,Species,CPCS
388,Endymion spp,Wood hyacinth,Hyacinthoides,,,24371-1,Genus,CPCS
389,Enterolobium cyclocarpum,Elephantâs ear,Enterolobium cyclocarpum,Enterolobium cyclocarpum,1037928-2,1037928-2,Species,CPCS
390,Epidendrum spp,Orchid,Epidendrum,,,326435-2,Genus,CPCS
391,Epilobium angustifolium,Fireweed,Epilobium angustifolium,Epilobium angustifolium,92411-2,92411-2,Species,CPCS
392,Episcia cupreata,Chocolate soldier,Episcia cupreata,Episcia cupreata,380772-1,380772-1,Species,CPCS
393,Episcia dianthiflora,Lace flower vine,Alsobia dianthiflora,Alsobia dianthiflora,378028-1,378028-1,Species,CPCS
394,Episcia reptans,Flame violet,Episcia reptans,Episcia reptans,380813-1,380813-1,Species,CPCS
395,Episcia reptans,Moss agate,Episcia reptans,Episcia reptans,380813-1,380813-1,Species,CPCS
396,Eriogonum umbellatum,Indian tobacco,Eriogonum umbellatum,Eriogonum umbellatum,30010704-2,30010704-2,Species,CPCS
397,Eriogonum umbellatum,Umbrella plant,Eriogonum umbellatum,Eriogonum umbellatum,30010704-2,30010704-2,Species,CPCS
398,Eruca sativa,Rocket,Eruca vesicaria,Eruca vesicaria,1137625-2,1137625-2,Species,CPCS
399,Erysimum spp,Mullein,Erysimum,,,329617-2,Genus,CPCS
400,Escallonia spp,Escallonia,Escallonia,,,37033-1,Genus,CPCS
401,Eschscholzia californica,California poppy,Eschscholzia californica,Eschscholzia californica,30043364-2,30043364-2,Species,CPCS
402,Eucalyptus cordata,Silver gum,Eucalyptus cordata,Eucalyptus cordata,592825-1,592825-1,Species,CPCS
403,Eucalyptus dalrympleana,Mountain gum,Eucalyptus dalrympleana,Eucalyptus dalrympleana,592858-1,592858-1,Species,CPCS
404,Eugenia cyanocarpa,Eugenia,Syzygium oleosum,Syzygium oleosum,913387-1,913387-1,Species,CPCS
405,Euphorbia pulcherrima,Christmas flower,Euphorbia pulcherrima,Euphorbia pulcherrima,30176564-2,30176564-2,Species,CPCS
406,Euphorbia pulcherrima,Christmas star,Euphorbia pulcherrima,Euphorbia pulcherrima,30176564-2,30176564-2,Species,CPCS
407,Euphorbia pulcherrima,Easter flower,Euphorbia pulcherrima,Euphorbia pulcherrima,30176564-2,30176564-2,Species,CPCS
408,Euphorbia pulcherrima,Flower of the Nativity,Euphorbia pulcherrima,Euphorbia pulcherrima,30176564-2,30176564-2,Species,CPCS
409,Euphorbia pulcherrima,Lobster plant,Euphorbia pulcherrima,Euphorbia pulcherrima,30176564-2,30176564-2,Species,CPCS
410,Euphorbia pulcherrima,Mexican flame tree or Mexican flameleaf,Euphorbia pulcherrima,Euphorbia pulcherrima,30176564-2,30176564-2,Species,CPCS
411,Euphorbia pulcherrima,Painted leaf,Euphorbia pulcherrima,Euphorbia pulcherrima,30176564-2,30176564-2,Species,CPCS
412,Euphorbia pulcherrima,Poinsettia,Euphorbia pulcherrima,Euphorbia pulcherrima,30176564-2,30176564-2,Species,CPCS
413,Euphorbia pulcherrima,Star of Bethlehem,Euphorbia pulcherrima,Euphorbia pulcherrima,30176564-2,30176564-2,Species,CPCS
414,Euryops spp,Euryops,Euryops,,,8900-1,Genus,CPCS
415,Exacum affine,Exacum,Exacum affine,Exacum affine,367449-1,367449-1,Species,CPCS
416,Exacum affine,German violet,Exacum affine,Exacum affine,367449-1,367449-1,Species,CPCS
417,Exacum affine,Persian violet,Exacum affine,Exacum affine,367449-1,367449-1,Species,CPCS
419,Fagus spp,"Beech, American",Fagus,,,30048723-2,Genus,CPCS
420,Fatsia japonica,Fatsia,Fatsia japonica,Fatsia japonica,90496-1,90496-1,Species,CPCS
421,Fatsia japonica,Japanese aralia,Fatsia japonica,Fatsia japonica,90496-1,90496-1,Species,CPCS
422,Fatsia japonica,Japanese fatsia,Fatsia japonica,Fatsia japonica,90496-1,90496-1,Species,CPCS
423,Fatsia japonica,"Palm, bigleaf",Fatsia japonica,Fatsia japonica,90496-1,90496-1,Species,CPCS
424,Fatsia japonica,Paper plant,Fatsia japonica,Fatsia japonica,90496-1,90496-1,Species,CPCS
425,Fatsia japonica,Bigleaf palm,Fatsia japonica,Fatsia japonica,90496-1,90496-1,Species,CPCS
426,Fenestraria rhapalophylla,Baby's toes,,,,,,CPCS
427,Ficus benjamina,Weeping fig,Ficus benjamina,Ficus benjamina,852486-1,852486-1,Species,CPCS
428,Ficus benjamina,Ficus,Ficus benjamina,Ficus benjamina,852486-1,852486-1,Species,CPCS
429,Ficus carica,Fig,Ficus carica,Ficus carica,852556-1,852556-1,Species,CPCS
430,Ficus elastica,Rubber plant,Ficus elastica,Ficus elastica,60458499-2,60458499-2,Species,CPCS
431,Ficus elastica,Rubber tree plant,Ficus elastica,Ficus elastica,60458499-2,60458499-2,Species,CPCS
432,Ficus spp,Fiddle leaf fig,Ficus,,,327905-2,Genus,CPCS
433,Ficus spp,Fiddle leaf rubber plant,Ficus,,,327905-2,Genus,CPCS
434,Ficus spp,Creeping fig,Ficus,,,327905-2,Genus,CPCS
435,Ficus spp,"Fig, climbing",Ficus,,,327905-2,Genus,CPCS
436,Fittonia spp,Silver nerve,Fittonia,,,331611-2,Genus,CPCS
437,Fittonia spp,Silver threads,Fittonia,,,331611-2,Genus,CPCS
438,Fittonia spp,Fittonia,Fittonia,,,331611-2,Genus,CPCS
439,Fittonia spp,Nerve plant,Fittonia,,,331611-2,Genus,CPCS
440,Forsythia spp,Forsythia,Forsythia,,,331614-2,Genus,CPCS
441,Forsythia spp,Golden bells,Forsythia,,,331614-2,Genus,CPCS
442,Fragaria species,Wild strawberry,Fragaria,,,30014957-2,Genus,CPCS
443,Freesia spp,Freesia,Freesia,,,331198-2,Genus,CPCS
444,Fritillaria spp,Checker lily,Fritillaria,,,30008840-2,Genus,CPCS
445,Fritillaria spp,Fritillaria,Fritillaria,,,30008840-2,Genus,CPCS
446,Fuchsia spp,Fuchsia,Fuchsia,,,30000052-2,Genus,CPCS
447,Fuchsia spp,Lady's ear drops,Fuchsia,,,30000052-2,Genus,CPCS
449,Galtonia spp,"Hyacinth, summer",Ornithogalum,,,30000299-2,Genus,CPCS
450,Gardenia jasminoides,Cape jasmine,Gardenia jasminoides,Gardenia jasminoides,751073-1,751073-1,Species,CPCS
451,Gardenia jasminoides,Gardenia,Gardenia jasminoides,Gardenia jasminoides,751073-1,751073-1,Species,CPCS
452,Gazania spp,Gazania,Gazania,,,331621-2,Genus,CPCS
453,Gerbera jamesoni,Transvaal daisy,Gerbera jamesonii,Gerbera jamesonii,208893-1,208893-1,Species,CPCS
454,Gerbera jamesonii,African daisy,Gerbera jamesonii,Gerbera jamesonii,208893-1,208893-1,Species,CPCS
455,Gerbera jamesonii,Gerbera daisy,Gerbera jamesonii,Gerbera jamesonii,208893-1,208893-1,Species,CPCS
456,Gesneria spp,Firecracker,Gesneria,,,30002796-2,Genus,CPCS
457,Gesneria spp,Cardinal flower,Gesneria,,,30002796-2,Genus,CPCS
458,Gesneria spp,Helmet flower,Gesneria,,,30002796-2,Genus,CPCS
459,Gilia spp,Cup and saucer plant,Gilia,,,320317-2,Genus,CPCS
460,Gloxinia perennis,Canterbury-bell gloxinia,Gloxinia perennis,Gloxinia perennis,381282-1,381282-1,Species,CPCS
461,Gloxinia perennis,Gloxinia,Gloxinia perennis,Gloxinia perennis,381282-1,381282-1,Species,CPCS
462,Godetia spp,Godetia,Clarkia,,,30001602-2,Genus,CPCS
463,Graptopetalum paraguayense,Mother-of-pearl plant,Graptopetalum paraguayense,Graptopetalum paraguayense,113312-2,113312-2,Species,CPCS
464,Gynura aurantiaca,Purple passion vine,Gynura aurantiaca,Gynura aurantiaca,211219-1,211219-1,Species,CPCS
465,Gynura aurantiaca,Velvet plant,Gynura aurantiaca,Gynura aurantiaca,211219-1,211219-1,Species,CPCS
466,Gypsophila paniculata,Babyâs breath,Gypsophila paniculata,Gypsophila paniculata,154563-1,154563-1,Species,CPCS
468,Halesia spp,"Olive, wild",Halesia,,,331642-2,Genus,CPCS
469,Halesia spp,Silver bell,Halesia,,,331642-2,Genus,CPCS
470,Halesia spp,Snowbell tree,Halesia,,,331642-2,Genus,CPCS
471,Halesia spp,Wild olive,Halesia,,,331642-2,Genus,CPCS
472,Haworthia chalwinii,Column of pearls,Haworthiopsis coarctata var. coarctata,Haworthiopsis coarctata,77138006-1,77169621-1,Variety,CPCS
473,Haworthia spp,Window plant,Haworthia,,,331203-2,Genus,CPCS
474,Haworthia margaritifera,Pearl plant,Tulista pumila var. pumila,Tulista pumila,77138045-1,77172717-1,Variety,CPCS
475,Hebe spp,Veronica,Veronica,,,30005997-2,Genus,CPCS
476,Hedychium coronarium,Butterfly ginger,Hedychium coronarium,Hedychium coronarium,796836-1,796836-1,Species,CPCS
477,Hedychium coronarium,Butterfly lily,Hedychium coronarium,Hedychium coronarium,796836-1,796836-1,Species,CPCS
478,Hedychium coronarium,Ginger lily,Hedychium coronarium,Hedychium coronarium,796836-1,796836-1,Species,CPCS
479,Hedychium coronarium,"Ginger, white",Hedychium coronarium,Hedychium coronarium,796836-1,796836-1,Species,CPCS
480,Helianthus annuus,Sunflower,Helianthus annuus,Helianthus annuus,119003-2,119003-2,Species,CPCS
481,Helichrysum bracteatum,Strawflower,Xerochrysum bracteatum,Xerochrysum bracteatum,962307-1,962307-1,Species,CPCS
482,Helichrysum petiolatum,Licorice plant,Helichrysum petiolare,Helichrysum petiolare,213170-1,213170-1,Species,CPCS
483,Heliconia spp,Firebird,Heliconia,,,331205-2,Genus,CPCS
484,Heliconia spp,"Plantain, false",Heliconia,,,331205-2,Genus,CPCS
485,Heliconia bihai,"Plantain, wild",Heliconia bihai,Heliconia bihai,796925-1,796925-1,Species,CPCS
486,Heliconia psittacorum,Parakeet flower,Heliconia psittacorum,Heliconia psittacorum,796972-1,796972-1,Species,CPCS
487,Heliconia psittacorum,Parrot's flower,Heliconia psittacorum,Heliconia psittacorum,796972-1,796972-1,Species,CPCS
488,Heliconia humilis,Lobster claw,Heliconia psittacorum,Heliconia psittacorum,796972-1,796972-1,Species,CPCS
489,Hermocallis spp,Day lily,,,,,,CPCS
490,Hermocallis spp,Spider lily,,,,,,CPCS
491,Hermocallis spp,"Lily, spider",,,,,,CPCS
492,Hermocallis spp,Spider flower,,,,,,CPCS
493,Hermocallis spp,Basket lily,,,,,,CPCS
494,Hermocallis spp,"Lily, Peruvian",,,,,,CPCS
495,Hermocallis spp,"Lily, filmy",,,,,,CPCS
496,Hesperis spp,Sweet rocket,Hesperis,,,60436426-2,Genus,CPCS
497,Heuchera sanguinea,Coral bells,Heuchera sanguinea,Heuchera sanguinea,791403-1,791403-1,Species,CPCS
498,Heuchera sanguinea,Heuchera,Heuchera sanguinea,Heuchera sanguinea,791403-1,791403-1,Species,CPCS
499,Heuchera sanguinea,Alumroot,Heuchera sanguinea,Heuchera sanguinea,791403-1,791403-1,Species,CPCS
500,Hibiscus senensis,Rose of China,,,,,,CPCS
501,Hibiscus spp,Althea,Hibiscus,,,328182-2,Genus,CPCS
502,Hibiscus spp,China rose,Hibiscus,,,328182-2,Genus,CPCS
503,Hibiscus spp,Chinese hibiscus,Hibiscus,,,328182-2,Genus,CPCS
504,Hibiscus spp,Double rose of china,Hibiscus,,,328182-2,Genus,CPCS
505,Hibiscus spp,Hawaiian hibiscus,Hibiscus,,,328182-2,Genus,CPCS
506,Hibiscus spp,Hibiscus,Hibiscus,,,328182-2,Genus,CPCS
507,Hibiscus schizopetalus,Japanese lantern,Hibiscus schizopetalus,Hibiscus schizopetalus,560792-1,560792-1,Species,CPCS
508,Hibiscus sabdariffa,Roselle,Hibiscus sabdariffa,Hibiscus sabdariffa,326388-2,326388-2,Species,CPCS
509,Hibiscus syriacus,Rose of Sharon,Hibiscus syriacus,Hibiscus syriacus,560890-1,560890-1,Species,CPCS
510,Hoheria glabrata,Mountain ribbonwood,Hoheria glabrata,Hoheria glabrata,561006-1,561006-1,Species,CPCS
511,Hosta spp,Hosta,Hosta,,,331214-2,Genus,CPCS
512,Hosta spp,Plantain lily,Hosta,,,331214-2,Genus,CPCS
513,Hoya spp,Honey plant,Hoya,,,60437256-2,Genus,CPCS
514,Hoya spp,Hoya plant,Hoya,,,60437256-2,Genus,CPCS
515,Hoya spp,Wax plant,Hoya,,,60437256-2,Genus,CPCS
516,Hoya spp,Porcelain flower,Hoya,,,60437256-2,Genus,CPCS
517,Hymenoxys grandiflora,Alpine goldflower or Alpine sunflower,Hymenoxys grandiflora,Hymenoxys grandiflora,126000-2,126000-2,Species,CPCS
518,Hymenoxys grandiflora,Compass flower,Hymenoxys grandiflora,Hymenoxys grandiflora,126000-2,126000-2,Species,CPCS
519,Hymenoxys grandiflora,Mountain sunflower,Hymenoxys grandiflora,Hymenoxys grandiflora,126000-2,126000-2,Species,CPCS
520,Hymenoxys grandiflora,Old man of the mountains,Hymenoxys grandiflora,Hymenoxys grandiflora,126000-2,126000-2,Species,CPCS
521,Hymenoxys grandiflora,"Sunflower, Alpine",Hymenoxys grandiflora,Hymenoxys grandiflora,126000-2,126000-2,Species,CPCS
522,Hymenoxys grandiflora,"Sunflower, mountain",Hymenoxys grandiflora,Hymenoxys grandiflora,126000-2,126000-2,Species,CPCS
523,Hymenoxys grandiflora,Sun god,Hymenoxys grandiflora,Hymenoxys grandiflora,126000-2,126000-2,Species,CPCS
524,Hypocyrta spp,Goldfish plant,Nematanthus,,,331798-2,Genus,CPCS
525,Hypoestes phyllostachya,Babyâs tears,Hypoestes phyllostachya,Hypoestes phyllostachya,49962-1,49962-1,Species,CPCS
526,Hypoestes phyllostachya,Flamingo plant,Hypoestes phyllostachya,Hypoestes phyllostachya,49962-1,49962-1,Species,CPCS
527,Hypoestes phyllostachya,Freckle face,Hypoestes phyllostachya,Hypoestes phyllostachya,49962-1,49962-1,Species,CPCS
528,Hypoestes phyllostachya,Pink dot,Hypoestes phyllostachya,Hypoestes phyllostachya,49962-1,49962-1,Species,CPCS
529,Hypoestes phyllostachya,Pink polka dot,Hypoestes phyllostachya,Hypoestes phyllostachya,49962-1,49962-1,Species,CPCS
530,Hypoestes phyllostachya,Pink splash plant,Hypoestes phyllostachya,Hypoestes phyllostachya,49962-1,49962-1,Species,CPCS
531,Hypoestes phyllostachya,Polka dot plant,Hypoestes phyllostachya,Hypoestes phyllostachya,49962-1,49962-1,Species,CPCS
533,Impatiens spp,Lady slipper,Impatiens,,,325983-2,Genus,CPCS
534,Impatients spp,Balsam,,,,,,CPCS
535,Impateins spp,Touch-me-not,,,,,,CPCS
536,Impatiens spp,Buzy Lizzie,Impatiens,,,325983-2,Genus,CPCS
537,Impatients spp,Patience plant,,,,,,CPCS
538,Impatients spp,Impatients,,,,,,CPCS
539,Impatiens or Impatients spp,Patient Lucy,,,,,,CPCS
540,Impatients spp,Busy Lizzy,,,,,,CPCS
541,Incarvillea spp,"Gloxinia, hardy",Incarvillea,,,4106-1,Genus,CPCS
542,Iresine spp,Bloodleaf plant,Iresine,,,327328-2,Genus,CPCS
544,Jacaranda procera,Carob tree,Jacaranda copaia,Jacaranda copaia,109789-1,109789-1,Species,CPCS
545,Jacaranda procera,Jacaranda tree,Jacaranda copaia,Jacaranda copaia,109789-1,109789-1,Species,CPCS
546,Jasminum rex,Jasmine,Jasminum nobile,Jasminum nobile,609658-1,609658-1,Species,CPCS
547,Jasminum sambac,Pikake,Jasminum sambac,Jasminum sambac,609755-1,609755-1,Species,CPCS
548,Justicia brandegeana,Mexican shrimp plant,Justicia brandegeeana,Justicia brandegeeana,289220-2,289220-2,Species,CPCS
549,Justicia brandegeana,Shrimp bush or Shrimp plant,Justicia brandegeeana,Justicia brandegeeana,289220-2,289220-2,Species,CPCS
551,Kaempferia spp,Peacock plant,Kaempferia,,,329967-2,Genus,CPCS
552,Kaempferia spp,Resurrection lily,Kaempferia,,,329967-2,Genus,CPCS
553,Kalanchoe beharensis,Velvet leaf,Kalanchoe beharensis,Kalanchoe beharensis,274270-1,274270-1,Species,CPCS
554,Kalanchoe blossfeldiana,Christmas kalanchoe,Kalanchoe blossfeldiana,Kalanchoe blossfeldiana,274279-1,274279-1,Species,CPCS
555,Kalanchoe daigremontiana,Good luck plant,Kalanchoe daigremontiana,Kalanchoe daigremontiana,274315-1,274315-1,Species,CPCS
556,Kalanchoe daigremontiana,Monkey plant,Kalanchoe daigremontiana,Kalanchoe daigremontiana,274315-1,274315-1,Species,CPCS
557,Kalanchoe pinnata,Air plant,Kalanchoe pinnata,Kalanchoe pinnata,274438-1,274438-1,Species,CPCS
558,Kalanchoe pinnata,Mother of millions,Kalanchoe pinnata,Kalanchoe pinnata,274438-1,274438-1,Species,CPCS
559,Kalanchoe pinnata,Mother of thousands,Kalanchoe pinnata,Kalanchoe pinnata,274438-1,274438-1,Species,CPCS
560,Kalanchoe pinnata (not the Sansevieria spp),Mother-in-law plant,Kalanchoe pinnata,Kalanchoe pinnata,274438-1,274438-1,Species,CPCS
561,Kalanchoe spp,Fire ball plant,Kalanchoe,,,30060186-2,Genus,CPCS
562,Kalanchoe spp,Good luck leaf,Kalanchoe,,,30060186-2,Genus,CPCS
563,Kalanchoe spp,Kalanchoe,Kalanchoe,,,30060186-2,Genus,CPCS
564,Kalanchoe spp,Living plant,Kalanchoe,,,30060186-2,Genus,CPCS
565,Kalanchoe spp,Maternity plant,Kalanchoe,,,30060186-2,Genus,CPCS
566,Kalanchoe spp,Mexican love plant,Kalanchoe,,,30060186-2,Genus,CPCS
567,Kalanchoe spp,Miracle leaf,Kalanchoe,,,30060186-2,Genus,CPCS
568,Kalanchoe spp,Multiplication plant,Kalanchoe,,,30060186-2,Genus,CPCS
569,Kalanchoe spp,Plush plant,Kalanchoe,,,30060186-2,Genus,CPCS
570,Kalanchoe tomentosa,Panda plant,Kalanchoe tomentosa,Kalanchoe tomentosa,274502-1,274502-1,Species,CPCS
571,Kalanchoe tomentosa,Panda bear plant,Kalanchoe tomentosa,Kalanchoe tomentosa,274502-1,274502-1,Species,CPCS
572,Kalanchoe uniflora,Coral bells,Kalanchoe uniflora,Kalanchoe uniflora,274508-1,274508-1,Species,CPCS
573,Kniphofia spp,"Lily, torch",Kniphofia,,,331220-2,Genus,CPCS
574,Kniphofia spp,Poker plant,Kniphofia,,,331220-2,Genus,CPCS
575,Kniphofia spp,Red hot poker,Kniphofia,,,331220-2,Genus,CPCS
576,Kohleria lindeniana,Kohleria,Gloxinella lindeniana,Gloxinella lindeniana,60441798-2,60441798-2,Species,CPCS
577,Kolkwitzia amabilis,Beauty bush,Kolkwitzia amabilis,Kolkwitzia amabilis,148523-1,148523-1,Species,CPCS
579,Lachenalia lilacina,Leopard lily,Lachenalia orchioides subsp. glaucina,Lachenalia orchioides,537209-1,77122819-1,Subspecies,CPCS
580,Lagenaria siceraria,Bottle gourd,Lagenaria siceraria,Lagenaria siceraria,134809-2,134809-2,Species,CPCS
581,Lagenaria siceraria,Dipper gourd,Lagenaria siceraria,Lagenaria siceraria,134809-2,134809-2,Species,CPCS
582,Lagerstroemia indica,Crape myrtle or crepe myrtle,Lagerstroemia indica,Lagerstroemia indica,553576-1,553576-1,Species,CPCS
583,Lagurus ovatus,Rabbitâs tail grass,Lagurus ovatus,Lagurus ovatus,406799-1,406799-1,Species,CPCS
584,Lagurus ovatus,Hare's tail,Lagurus ovatus,Lagurus ovatus,406799-1,406799-1,Species,CPCS
585,Lampranthus spp,Ice plant,Lampranthus,,,326333-2,Genus,CPCS
586,Lavandula officinalis,Lavender,Lavandula angustifolia subsp. angustifolia,Lavandula angustifolia,449008-1,77171433-1,Subspecies,CPCS
587,Lavandula spp,English lavender,Lavandula,,,20960-1,Genus,CPCS
588,Lavandula spp,French lavender,Lavandula,,,20960-1,Genus,CPCS
589,Leea spp,China doll,Leea,,,331705-2,Genus,CPCS
590,Leucocrinum montanum,May flowers,Leucocrinum montanum,Leucocrinum montanum,321823-2,321823-2,Species,CPCS
591,Liatris spp,Blazing star,Liatris,,,325929-2,Genus,CPCS
592,Liatris spp,Deer's tongue,Liatris,,,325929-2,Genus,CPCS
593,Liatris spp,Liatris,Liatris,,,325929-2,Genus,CPCS
594,Ligustrum japonica,Japanese privet,Ligustrum japonicum,Ligustrum japonicum,610001-1,610001-1,Species,CPCS
595,Ligustrum japonicum,Wax-leaf privet,Ligustrum japonicum,Ligustrum japonicum,610001-1,610001-1,Species,CPCS
596,Ligustrum lucidium,White wax tree,,,,,,CPCS
597,Ligustrum lucidum,"Privet, Chinese",Ligustrum lucidum,Ligustrum lucidum,610017-1,610017-1,Species,CPCS
598,Ligustrum lucidum,"Privet, glossy",Ligustrum lucidum,Ligustrum lucidum,610017-1,610017-1,Species,CPCS
599,Ligustrum lucidum,"Privet, tree",Ligustrum lucidum,Ligustrum lucidum,610017-1,610017-1,Species,CPCS
600,Ligustrum lucidum,"Privet, wax-leaf",Ligustrum lucidum,Ligustrum lucidum,610017-1,610017-1,Species,CPCS
601,Lilium longiflorum,Easter lily,Lilium longiflorum,Lilium longiflorum,537642-1,537642-1,Species,CPCS
602,Lilium longiflorum,"Lily, Easter",Lilium longiflorum,Lilium longiflorum,537642-1,537642-1,Species,CPCS
603,Lilium asiatic,"Lily, asiatic",,,,,,CPCS
604,Lilium spp,"Lily, casa blanca",Lilium,,,30009317-2,Genus,CPCS
605,Lilium spp,Casa blanca lily,Lilium,,,30009317-2,Genus,CPCS
606,Lilium spp,"Lily, cascade",Lilium,,,30009317-2,Genus,CPCS
607,Lilium spp,"Lily, Japanese",Lilium,,,30009317-2,Genus,CPCS
608,Lilium spp,"Lily, Japanese showy",Lilium,,,30009317-2,Genus,CPCS
609,Lilium spp,"Lily, Marco Polo",Lilium,,,30009317-2,Genus,CPCS
610,Lilium spp,"Lily, Oriental",Lilium,,,30009317-2,Genus,CPCS
611,Lilium spp,Stargazer lily,Lilium,,,30009317-2,Genus,CPCS
612,Lilium spp,"Lily, stargazer",Lilium,,,30009317-2,Genus,CPCS
613,Lilium spp,"Lily, tiger",Lilium,,,30009317-2,Genus,CPCS
614,Lilium spp,Tiger lily,Lilium,,,30009317-2,Genus,CPCS
615,Lilium spp,"Lily, regal",Lilium,,,30009317-2,Genus,CPCS
616,Lilium spp,"Lily, Formosa",Lilium,,,30009317-2,Genus,CPCS
617,Lilium spp,"Lily, coral",Lilium,,,30009317-2,Genus,CPCS
618,Lilium spp,Orange cup,Lilium,,,30009317-2,Genus,CPCS
619,Lilium spp,"Lily, western",Lilium,,,30009317-2,Genus,CPCS
620,Lilium spp,"Lily, wood",Lilium,,,30009317-2,Genus,CPCS
621,Limonium spp,Statice,Limonium,,,331722-2,Genus,CPCS
622,Linum grandiflorum,Flowering flax,Linum grandiflorum,Linum grandiflorum,140834-2,140834-2,Species,CPCS
623,Liquidambar styraciflua,Liquidambar tree,Liquidambar styraciflua,Liquidambar styraciflua,430718-1,430718-1,Species,CPCS
624,Liquidambar styraciflua,Sweet gum,Liquidambar styraciflua,Liquidambar styraciflua,430718-1,430718-1,Species,CPCS
625,Liquidambar styraciflua,American sweet gum,Liquidambar styraciflua,Liquidambar styraciflua,430718-1,430718-1,Species,CPCS
626,Liquidambar styraciflua,Red gum,Liquidambar styraciflua,Liquidambar styraciflua,430718-1,430718-1,Species,CPCS
627,Liriodendron chinense,Chinese tulip tree,Liriodendron chinense,Liriodendron chinense,554609-1,554609-1,Species,CPCS
628,Liriodendron tulipifera,Tulip tree,Liriodendron tulipifera,Liriodendron tulipifera,30197364-2,30197364-2,Species,CPCS
629,Liriope japonica,Mondo grass,,,,,,CPCS
630,Liriope muscari,Border grass,Liriope muscari,Liriope muscari,537868-1,537868-1,Species,CPCS
631,Lithops spp,Living stone,Lithops,,,16237-1,Genus,CPCS
632,Lithops spp,Lithops,Lithops,,,16237-1,Genus,CPCS
633,Lithops spp,Stone face or Stone plant,Lithops,,,16237-1,Genus,CPCS
634,Lithops spp,Marble plant,Lithops,,,16237-1,Genus,CPCS
635,Livistonia chinesis,Fan palm,,,,,,CPCS
636,Lobularia maritima,"Alyssum, sweet",Lobularia maritima,Lobularia maritima,1085072-2,1085072-2,Species,CPCS
637,Lonicera fragrantissima,Honeysuckle,Lonicera fragrantissima,Lonicera fragrantissima,148772-1,148772-1,Species,CPCS
638,Lonicera fragrantissima,Breath of spring,Lonicera fragrantissima,Lonicera fragrantissima,148772-1,148772-1,Species,CPCS
639,Lunaria annua,Honesty plant,Lunaria annua,Lunaria annua,286647-1,286647-1,Species,CPCS
640,Lunaria annua,Money plant,Lunaria annua,Lunaria annua,286647-1,286647-1,Species,CPCS
641,Lychis chalcedonica,London pride,,,,,,CPCS
642,Lycopodium spp,"Moss, club",Lycopodium,,,30000138-2,Genus,CPCS
643,Lynchnis coronaria,Dusty miller,,,,,,CPCS
644,Lysimachia nummularia,Creeping Jenny or Creeping Joan,Lysimachia nummularia,Lysimachia nummularia,701260-1,701260-1,Species,CPCS
645,Lysimachia nummularia,Wandering Jenny,Lysimachia nummularia,Lysimachia nummularia,701260-1,701260-1,Species,CPCS
647,Macadamia spp,Australian nut,Macadamia,,,32953-1,Genus,CPCS
648,Macadamia spp,Macadamia nut,Macadamia,,,32953-1,Genus,CPCS
649,Macademia spp,Queensland nut,,,,,,CPCS
650,Magnolia spp,Magnolia,Magnolia,,,30000709-2,Genus,CPCS
651,Magnolia stellata,Star magnolia,Magnolia stellata,Magnolia stellata,554855-1,554855-1,Species,CPCS
652,Magnolia stellata,Magnolia bush,Magnolia stellata,Magnolia stellata,554855-1,554855-1,Species,CPCS
653,Magnolia tripetala,Umbrella tree,Magnolia tripetala,Magnolia tripetala,554866-1,554866-1,Species,CPCS
654,Magnolia x soulangiana,Saucer magnolia,,,,,,CPCS
655,Mahonia aquifolium,Oregon grape or Oregon holly,Berberis aquifolium,Berberis aquifolium,31334-2,31334-2,Species,CPCS
656,Mahonia spp,Mahonia,Berberis,,,328526-2,Genus,CPCS
657,Maianthemum kamtschaticum,False lily of the valley,Maianthemum dilatatum,Maianthemum dilatatum,149429-2,149429-2,Species,CPCS
658,Mammillaria elongata,Golden stars,Mammillaria elongata,Mammillaria elongata,134532-1,134532-1,Species,CPCS
659,Mammillaria compressa,Mexican pincushion cactus,Mammillaria compressa,Mammillaria compressa,134432-1,134432-1,Species,CPCS
660,Mammillaria compressa,Mother of hundreds,Mammillaria compressa,Mammillaria compressa,134432-1,134432-1,Species,CPCS
661,Mammillaria fissurata,Living rock,Ariocarpus fissuratus,Ariocarpus fissuratus,19054-2,19054-2,Species,CPCS
662,Mammillaria fissurata,Star rock,Ariocarpus fissuratus,Ariocarpus fissuratus,19054-2,19054-2,Species,CPCS
663,Mandevilla spp,Mandevilla vine,Mandevilla,,,328998-2,Genus,CPCS
664,Manettia bicolor,Firecracker plant or vine,Manettia luteorubra,Manettia luteorubra,755707-1,755707-1,Species,CPCS
665,Maranta leuconeura,Prayer plant,Maranta leuconeura,Maranta leuconeura,797361-1,797361-1,Species,CPCS
666,Maranta leuconeura,Rabbitâs foot,Maranta leuconeura,Maranta leuconeura,797361-1,797361-1,Species,CPCS
667,Maranta spp,Amylum,Maranta,,,30019537-2,Genus,CPCS
668,Maranta spp,Arrowroot,Maranta,,,30019537-2,Genus,CPCS
669,Maranta spp,Maranta,Maranta,,,30019537-2,Genus,CPCS
670,Matteuccia struthiopteris,Ostrich fern,Onoclea struthiopteris,Onoclea struthiopteris,17275510-1,17275510-1,Species,CPCS
671,Matthiola incana,Stock,Matthiola incana,Matthiola incana,286910-1,286910-1,Species,CPCS
672,Matthiola longipetala,Perfume plant,Matthiola longipetala,Matthiola longipetala,147284-3,147284-3,Species,CPCS
673,Maurandia spp,Creeping gloxinia,Maurandya,,,37807-1,Genus,CPCS
674,Melissa offinalis,Common balm,,,,,,CPCS
675,Melissa offinalis,Lemon balm,,,,,,CPCS
676,Mesembryanthemum cordifolium,Baby sun rose,Mesembryanthemum cordifolium,Mesembryanthemum cordifolium,322566-2,322566-2,Species,CPCS
677,Mesembryanthemum cordifolium,Ice plant,Mesembryanthemum cordifolium,Mesembryanthemum cordifolium,322566-2,322566-2,Species,CPCS
678,Mikania apiifolia,Plush vine,Mikania ternata,Mikania ternata,161289-2,161289-2,Species,CPCS
679,Mimosa pudica,Sensitive plant,Mimosa pudica,Mimosa pudica,313242-2,313242-2,Species,CPCS
680,Mimosa pudica,Touch-me-not,Mimosa pudica,Mimosa pudica,313242-2,313242-2,Species,CPCS
681,Moluccella spp,Bells of Ireland,Moluccella,,,21047-1,Genus,CPCS
682,Molucella spp,Balm,Moluccella,,,21047-1,Genus,CPCS
683,Molucella spp,Shell flower,Moluccella,,,21047-1,Genus,CPCS
684,Montia perfoliata,Miner's lettuce,Claytonia perfoliata,Claytonia perfoliata,60021-2,60021-2,Species,CPCS
685,Morus spp,Fruitless mulberry,Morus,,,30004492-2,Genus,CPCS
686,Morus spp,Mulberry tree or bush,Morus,,,30004492-2,Genus,CPCS
687,Morus spp,"Mulberry, fruitless",Morus,,,30004492-2,Genus,CPCS
688,Muehlenbeckia complexa,Maidenhair vine,Muehlenbeckia complexa,Muehlenbeckia complexa,694744-1,694744-1,Species,CPCS
689,Muehlenbeckia complexa,Necklace vine,Muehlenbeckia complexa,Muehlenbeckia complexa,694744-1,694744-1,Species,CPCS
690,Musa acuminata,Plantain,Musa acuminata,Musa acuminata,797527-1,797527-1,Species,CPCS
691,Muscari spp,Grape hyacinth,Muscari,,,330271-2,Genus,CPCS
692,Muscari spp,Muscari,Muscari,,,330271-2,Genus,CPCS
693,Myosotis spp,Forget-me-not,Myosotis,,,30010296-2,Genus,CPCS
694,Myrrhis odorata,Anise,Myrrhis odorata,Myrrhis odorata,845120-1,845120-1,Species,CPCS
695,Myrica californica,California bayberry,Myrica californica,Myrica californica,303885-2,303885-2,Species,CPCS
696,Myrica californica,California wax myrtle,Myrica californica,Myrica californica,303885-2,303885-2,Species,CPCS
697,Myrica pensylvanica,Bayberry,Myrica pensylvanica,Myrica pensylvanica,166255-2,166255-2,Species,CPCS
698,Myrica pensylvanica,Candleberry,Myrica pensylvanica,Myrica pensylvanica,166255-2,166255-2,Species,CPCS
699,Myrtus communis,Common myrtle,Myrtus communis,Myrtus communis,599719-1,599719-1,Species,CPCS
701,Nandina domestica,Bamboo bush,Nandina domestica,Nandina domestica,107544-1,107544-1,Species,CPCS
702,Nandina domestica,Heavenly bamboo,Nandina domestica,Nandina domestica,107544-1,107544-1,Species,CPCS
703,Nandina domestica,Nandina bush,Nandina domestica,Nandina domestica,107544-1,107544-1,Species,CPCS
704,Nandina domestica,Sacred bamboo,Nandina domestica,Nandina domestica,107544-1,107544-1,Species,CPCS
705,Neoragelia spp,Aregelia,,,,,,CPCS
706,Neoregelia spp,Blushing bromeliad,Neoregelia,,,328327-2,Genus,CPCS
707,Neoregelia spp,Crimson cup,Neoregelia,,,328327-2,Genus,CPCS
708,Neoregelia spp,Fingernail plant,Neoregelia,,,328327-2,Genus,CPCS
709,Nephrolepis spp,Boston fern,Nephrolepis,,,17160590-1,Genus,CPCS
710,Nothofagus spp,Black beech,Nothofagus,,,330346-2,Genus,CPCS
711,Nymphaea odorata,Pond lily,Nymphaea odorata,Nymphaea odorata,171201-2,171201-2,Species,CPCS
712,Nyctanthes arbortristis,Night jasmine,Nyctanthes arbor-tristis,Nyctanthes arbor-tristis,610599-1,610599-1,Species,CPCS
713,Nymphaea spp,Water lily,Nymphaea,,,330032-2,Genus,CPCS
714,Nyssa aquatica,Cottongum tree,Nyssa aquatica,Nyssa aquatica,302695-2,302695-2,Species,CPCS
715,Nyssa aquatica,Wild olive,Nyssa aquatica,Nyssa aquatica,302695-2,302695-2,Species,CPCS
717,Oenothera spp,Evening primrose,Oenothera,,,60437227-2,Genus,CPCS
718,Oenothera spp,Mexican evening primrose,Oenothera,,,60437227-2,Genus,CPCS
719,Oenothera spp,Rock rose,Oenothera,,,60437227-2,Genus,CPCS
720,Oenothera spp,Yellow evening primrose,Oenothera,,,60437227-2,Genus,CPCS
721,Oenothera spp,Rose of Mexico,Oenothera,,,60437227-2,Genus,CPCS
722,Oncidium spp,Orchid,Oncidium,,,331250-2,Genus,CPCS
723,Onoclea sensibilis,Sensitive fern,Onoclea sensibilis,Onoclea sensibilis,281589-2,281589-2,Species,CPCS
724,Onopordum acanthium,Scotch thistle,Onopordum acanthium,Onopordum acanthium,235234-1,235234-1,Species,CPCS
725,Onopordum acanthium,Silver thistle,Onopordum acanthium,Onopordum acanthium,235234-1,235234-1,Species,CPCS
726,Oryzopsis hymenoides,Silk grass,Eriocoma hymenoides,Eriocoma hymenoides,94498-2,94498-2,Species,CPCS
727,Osmanthus americanus,Wild olive,Cartrema americana,Cartrema americana,77128534-1,77128534-1,Species,CPCS
728,Osmanthus americanus,American olive,Cartrema americana,Cartrema americana,77128534-1,77128534-1,Species,CPCS
729,Osmanthus heterophyllus,Chinese holly,Osmanthus heterophyllus,Osmanthus heterophyllus,610885-1,610885-1,Species,CPCS
730,Osmanthus heterophyllus,False holly,Osmanthus heterophyllus,Osmanthus heterophyllus,610885-1,610885-1,Species,CPCS
731,Osmorhiza longistylis,Anise root,Osmorhiza longistylis,Osmorhiza longistylis,845559-1,845559-1,Species,CPCS
733,Pelargonium citrosum,Mosquito plant,Pelargonium cucullatum subsp. cucullatum,Pelargonium cucullatum,164626-3,77226592-1,Subspecies,CPCS
734,Pelargonium spp,Geranium,Pelargonium,,,30302759-2,Genus,CPCS
735,Pellaea rotundifolia,Button fern,Hemionitis rotundifolia,Hemionitis rotundifolia,77182722-1,77182722-1,Species,CPCS
736,Peperomia spp,Peperomia,Peperomia,,,329746-2,Genus,CPCS
737,Petunia spp,Petunia,Petunia,,,331845-2,Genus,CPCS
738,Phacelia sericea,California bluebell,Phacelia sericea,Phacelia sericea,432774-1,432774-1,Species,CPCS
739,Phacelia sericea,Scorpion weed,Phacelia sericea,Phacelia sericea,432774-1,432774-1,Species,CPCS
740,Philadelphus spp,Mock orange,Philadelphus,,,30007321-2,Genus,CPCS
741,Phlox diuaricata,Sweet William phlox,,,,,,CPCS
742,Phlox spp,Flocks,Phlox,,,328376-2,Genus,CPCS
743,Phlox spp,Flox,Phlox,,,328376-2,Genus,CPCS
744,Phlox spp,Phlox,Phlox,,,328376-2,Genus,CPCS
745,Phoenix canariensis,Canary date palm,Phoenix canariensis,Phoenix canariensis,668909-1,668909-1,Species,CPCS
746,Phoenix spp,"Palm, date (except for thorns)",Phoenix,,,31428-1,Genus,CPCS
747,Photina spp (except arbutifolia),Photina (except arbutifolia which is toxic),,,,,,CPCS
748,Photinia glabra,Japanese photina,Photinia glabra,Photinia glabra,727386-1,727386-1,Species,CPCS
749,Photinia glabra,"Photinia, Japanese",Photinia glabra,Photinia glabra,727386-1,727386-1,Species,CPCS
750,Phyllostachys aurea,"Bamboo, common",Phyllostachys aurea,Phyllostachys aurea,415983-1,415983-1,Species,CPCS
751,Picea spp,Spruce tree,Picea,,,30005648-2,Genus,CPCS
752,Pilea spp,Artillery plant,Pilea,,,331855-2,Genus,CPCS
753,Pilea cadierei,Aluminum plant,Pilea cadierei,Pilea cadierei,855275-1,855275-1,Species,CPCS
754,Pilea involucrate,Friendship plant,,,,,,CPCS
755,Pilea nummulariifolia,Creeping charlie,Pilea nummulariifolia,Pilea nummulariifolia,30268074-2,30268074-2,Species,CPCS
756,Pilea spp,Pilea,Pilea,,,331855-2,Genus,CPCS
757,Pinus spp,Pine tree,Pinus,,,328247-2,Genus,CPCS
758,Pinus glabra,Cedar pine,Pinus glabra,Pinus glabra,262965-1,262965-1,Species,CPCS
759,Pinus glabra,Spruce pine,Pinus glabra,Pinus glabra,262965-1,262965-1,Species,CPCS
760,Pittosporum spp,Pittosporum,Pittosporum,,,326028-2,Genus,CPCS
761,Pittosporum tobira,Australian laurel,Pittosporum tobira,Pittosporum tobira,684716-1,684716-1,Species,CPCS
762,Pittosporum tobira,Mock orange,Pittosporum tobira,Pittosporum tobira,684716-1,684716-1,Species,CPCS
763,Plantago major,Plantago,Plantago major,Plantago major,321286-2,321286-2,Species,CPCS
764,Plantago major,"Plantain, broad-leaved",Plantago major,Plantago major,321286-2,321286-2,Species,CPCS
765,Platanus occidentalis,Plane tree,Platanus occidentalis,Platanus occidentalis,685871-1,685871-1,Species,CPCS
766,Platanus acerifolia,London plane tree,Platanus × hispanica,Platanus × hispanica,685854-1,685854-1,Species,CPCS
767,Platanus spp,Sycamore tree,Platanus,,,32120-1,Genus,CPCS
768,Platycerium angolense,Elephantâs ear fern,Platycerium elephantotis,Platycerium elephantotis,17177470-1,17177470-1,Species,CPCS
769,Platycerium spp,Elk's horn,Platycerium,,,17177370-1,Genus,CPCS
770,Platycerium spp,Queen elkhorn,Platycerium,,,17177370-1,Genus,CPCS
771,Platycerium spp,Staghorn fern,Platycerium,,,17177370-1,Genus,CPCS
772,Platycodon grandiflorus,Balloon flower,Platycodon grandiflorus,Platycodon grandiflorus,144523-1,144523-1,Species,CPCS
773,Platycodon grandiflorus,Bell flower,Platycodon grandiflorus,Platycodon grandiflorus,144523-1,144523-1,Species,CPCS
774,Plectranthus australis,Creeping charlie,Coleus australis,Coleus australis,77201016-1,77201016-1,Species,CPCS
775,Plectranthus australis,Swedish ivy,Coleus australis,Coleus australis,77201016-1,77201016-1,Species,CPCS
776,Plectranthus oetendahlii,Candle plant,,,,,,CPCS
777,Plectranthus oetendahlii,Plectranthus,,,,,,CPCS
778,Pleiospilos spp,Living stone,Pleiospilos,,,16301-1,Genus,CPCS
779,Pleiospilos spp,Mimicry plant,Pleiospilos,,,16301-1,Genus,CPCS
780,Pleomele reflexa,"Dracaena, Malaysian",Dracaena reflexa,Dracaena reflexa,534338-1,534338-1,Species,CPCS
781,Pleomele thaliodes,"Dracaena, lance",,,,,,CPCS
782,Pleroma spp,Glory bush,Pleroma,,,26540-1,Genus,CPCS
783,Pleroma spp,Lasiandra,Pleroma,,,26540-1,Genus,CPCS
784,Poa pratensis,June grass,Poa pratensis,Poa pratensis,417792-1,417792-1,Species,CPCS
785,Poa pratensis,Kentucky bluegrass,Poa pratensis,Poa pratensis,417792-1,417792-1,Species,CPCS
786,Poa pratensis,Speargrass,Poa pratensis,Poa pratensis,417792-1,417792-1,Species,CPCS
787,Polystichum munitum,Sword fern,Polystichum munitum,Polystichum munitum,17207740-1,17207740-1,Species,CPCS
788,Polystichum spp,Christmas dagger fern,Polystichum,,,327121-2,Genus,CPCS
789,Populus spp,Cottonwood,Populus,,,328417-2,Genus,CPCS
790,Populus spp,Aspen,Populus,,,328417-2,Genus,CPCS
791,Portulaca grandiflora,Moss rose,Portulaca grandiflora,Portulaca grandiflora,208592-2,208592-2,Species,CPCS
792,Portulaca oleracea,Portulaca,Portulaca oleracea,Portulaca oleracea,323270-2,323270-2,Species,CPCS
793,Portulaca oleracea,Purslane,Portulaca oleracea,Portulaca oleracea,323270-2,323270-2,Species,CPCS
794,Portulacaria afra,Jade plant,Portulacaria afra,Portulacaria afra,699417-1,699417-1,Species,CPCS
795,Potentilla spp,Cinquefoil,Potentilla,,,30000237-2,Genus,CPCS
796,Potentilla spp,Potentilla,Potentilla,,,30000237-2,Genus,CPCS
797,Potentilla spp,Silver weed,Potentilla,,,30000237-2,Genus,CPCS
798,Protea mellifera,Honey flower,Protea repens,Protea repens,706086-1,706086-1,Species,CPCS
799,Protea spp,Protea,Protea,,,331879-2,Genus,CPCS
800,Pseudotsuga spp,Fir tree,Pseudotsuga,,,30005513-2,Genus,CPCS
801,Pterospora andromedea,Giant bird's nest,Pterospora andromedea,Pterospora andromedea,582569-1,582569-1,Species,CPCS
802,Pyracantha spp,Firethorn (except for thorns),Pyracantha,,,30154448-2,Genus,CPCS
803,Pyracantha spp,Pyracantha (except for thorns),Pyracantha,,,30154448-2,Genus,CPCS
805,Quesnelia spp,Billbergia,Quesnelia,,,5008-1,Genus,CPCS
807,Radermachera sinica,China doll,Radermachera sinica,Radermachera sinica,110522-1,110522-1,Species,CPCS
808,Radermachera sinica,Evergreen plant,Radermachera sinica,Radermachera sinica,110522-1,110522-1,Species,CPCS
809,Raphia farinifera,Raffia,Raphia farinifera,Raphia farinifera,669503-1,669503-1,Species,CPCS
810,Raphia farinifera,Sago,Raphia farinifera,Raphia farinifera,669503-1,669503-1,Species,CPCS
811,Raphiolepsis indica,Indian hawthorn,,,,,,CPCS
812,Raphiolepsis indica,Raphiolepsis,,,,,,CPCS
813,Ratibida columnaris,Mexican hat,Ratibida columnifera,Ratibida columnifera,217868-2,217868-2,Species,CPCS
814,Rechsteineria cardinalis,Cardinal flower,Sinningia cardinalis,Sinningia cardinalis,236686-2,236686-2,Species,CPCS
815,Rhapis spp,Lady palm,Rhapis,,,31476-1,Genus,CPCS
816,Rhapis spp,"Palm, tufted fan",Rhapis,,,31476-1,Genus,CPCS
817,Rhus cotinoides,"Smoke tree, American",Cotinus obovatus,Cotinus obovatus,69506-1,69506-1,Species,CPCS
818,Romneya coulteri,Matilija poppy,Romneya coulteri,Romneya coulteri,673954-1,673954-1,Species,CPCS
819,Rosa spp (except for Rosa rugose),Rose (except for thorns),Rosa,,,30002432-2,Genus,CPCS
820,Rosa spp (except for Rosa rugose),Rosehips (berries),Rosa,,,30002432-2,Genus,CPCS
821,Rosa spp (except for Rosa rugose),Hip berries,Rosa,,,30002432-2,Genus,CPCS
822,Rubus spp,June berry,Rubus,,,30000199-2,Genus,CPCS
823,Rudbeckia spp,Rudbeckia,Rudbeckia,,,329766-2,Genus,CPCS
824,Rudbeckia purpurea,"Cone flower, purple",Echinacea purpurea,Echinacea purpurea,1174497-2,1174497-2,Species,CPCS
825,Rudbergia grandiflora,Mountain sunflower,,,,,,CPCS
826,Rumohra adiantiformis,"Fern, iron",Rumohra adiantiformis,Rumohra adiantiformis,224543-2,224543-2,Species,CPCS
827,Rumohra adiantiformis,"Fern, leather",Rumohra adiantiformis,Rumohra adiantiformis,224543-2,224543-2,Species,CPCS
828,Rumohra adiantiformis,"Fern, leatherleaf",Rumohra adiantiformis,Rumohra adiantiformis,224543-2,224543-2,Species,CPCS
830,Saintpaulia ionantha,African violet,Streptocarpus ionanthus,Streptocarpus ionanthus,77117375-1,77117375-1,Species,CPCS
831,Salix discolor,Pussy willow,Salix discolor,Salix discolor,284528-2,284528-2,Species,CPCS
832,Salix spp,Willow,Salix,,,325916-2,Genus,CPCS
833,Salvia columbariae,Chia,Salvia columbariae,Salvia columbariae,455999-1,455999-1,Species,CPCS
834,Salvia spp,Salvia,Salvia,,,30000096-2,Genus,CPCS
835,Salvia spp,Sage,Salvia,,,30000096-2,Genus,CPCS
836,Sanvitalia spp,Creeping zinnia,Sanvitalia,,,30204763-2,Genus,CPCS
837,Saxifraga cordifolia,Elephant's ear,Bergenia crassifolia var. crassifolia,Bergenia crassifolia,790361-1,77228835-1,Variety,CPCS
838,Saxifraga spp,Saxifraga,Saxifraga,,,30002955-2,Genus,CPCS
839,Saxifraga spp,Strawberry begonia,Saxifraga,,,30002955-2,Genus,CPCS
840,Saxifraga spp,Strawberry geranium,Saxifraga,,,30002955-2,Genus,CPCS
841,Saxifraga ciliata,Winter begonia,Saxifraga pulvinaria,Saxifraga pulvinaria,794357-1,794357-1,Species,CPCS
842,Saxifraga stolonifera,Mother of thousands,Saxifraga stolonifera,Saxifraga stolonifera,794584-1,794584-1,Species,CPCS
843,Scabiosa spp,Pincushion flower,Scabiosa,,,14326-1,Genus,CPCS
844,Scabiosa spp,Scabiosa,Scabiosa,,,14326-1,Genus,CPCS
845,Schefflera arboricola,Dwarf schefflera,Heptapleurum arboricola,Heptapleurum arboricola,90845-1,90845-1,Species,CPCS
846,Schefflera spp,Schefflera,Schefflera,,,3093-1,Genus,CPCS
847,Schefflera actinophylla,Australian umbrella tree,Heptapleurum actinophyllum,Heptapleurum actinophyllum,77213393-1,77213393-1,Species,CPCS
848,Schefflera actinophylla,Octopus tree,Heptapleurum actinophyllum,Heptapleurum actinophyllum,77213393-1,77213393-1,Species,CPCS
849,Schefflera actinophylla,Umbrella tree,Heptapleurum actinophyllum,Heptapleurum actinophyllum,77213393-1,77213393-1,Species,CPCS
850,Schefflera actinophylla,Queensland umbrella tree,Heptapleurum actinophyllum,Heptapleurum actinophyllum,77213393-1,77213393-1,Species,CPCS
851,Schefflera actinophylla,Queen's umbrella tree,Heptapleurum actinophyllum,Heptapleurum actinophyllum,77213393-1,77213393-1,Species,CPCS
852,Schizanthus spp,Butterfly flower,Schizanthus,,,38531-1,Genus,CPCS
853,Schlumbergera bridgesii,Christmas cactus,Schlumbergera russelliana,Schlumbergera russelliana,229596-2,229596-2,Species,CPCS
854,Schlumbergera bridgesii,Zygocactus,Schlumbergera russelliana,Schlumbergera russelliana,229596-2,229596-2,Species,CPCS
855,Sedum morganianum,Donkeyâs-tail,Sedum morganianum,Sedum morganianum,231789-2,231789-2,Species,CPCS
856,Sedum morganianum,Horseâs tail,Sedum morganianum,Sedum morganianum,231789-2,231789-2,Species,CPCS
857,Sedum morganianum,Burroâs tail,Sedum morganianum,Sedum morganianum,231789-2,231789-2,Species,CPCS
858,Sedum morganianum,Lambâs tail,Sedum morganianum,Sedum morganianum,231789-2,231789-2,Species,CPCS
859,Sedum multiceps,Joshua tree,Sedum multiceps,Sedum multiceps,275731-1,275731-1,Species,CPCS
860,Sedum pachyphyllum,Jelly beans,Sedum pachyphyllum,Sedum pachyphyllum,231817-2,231817-2,Species,CPCS
861,Sedum rubrotinctum,Stonecrop,,,,,,CPCS
862,Sedum sieboldii,October plant,,,,,,CPCS
863,Sedum sieboldii,"Daphne, October",,,,,,CPCS
864,Sedum spp,Sedum,Sedum,,,30001444-2,Genus,CPCS
865,Sedum stahlii,Coral beads,Sedum stahlii,Sedum stahlii,231886-2,231886-2,Species,CPCS
866,Sedum telephium,Live forever,Hylotelephium telephium,Hylotelephium telephium,274226-1,274226-1,Species,CPCS
867,Sedum weinbergii,Mother-of-pearl plant,Graptopetalum paraguayense,Graptopetalum paraguayense,113312-2,113312-2,Species,CPCS
868,Sedum weinbergii,Ghost plant,Graptopetalum paraguayense,Graptopetalum paraguayense,113312-2,113312-2,Species,CPCS
869,Selaginella lepidophylla,Resurrection plant,Selaginella lepidophylla,Selaginella lepidophylla,60452854-2,60452854-2,Species,CPCS
870,Sempervivum tectorum,Hen and chicks,Sempervivum tectorum,Sempervivum tectorum,276682-1,276682-1,Species,CPCS
871,Sempervivum tectorum,Chicks and hens,Sempervivum tectorum,Sempervivum tectorum,276682-1,276682-1,Species,CPCS
872,Senecio cineraria,Dusty miller,Jacobaea maritima,Jacobaea maritima,77075194-1,77075194-1,Species,CPCS
873,Silene acaulis,Campion,Silene acaulis,Silene acaulis,60452326-2,60452326-2,Species,CPCS
874,Silene acaulis,Maidenâs tears,Silene acaulis,Silene acaulis,60452326-2,60452326-2,Species,CPCS
875,Silene acualis,"Campion, moss or mossy",,,,,,CPCS
876,Silene acualis,Cushion pink,,,,,,CPCS
877,Sinningia cardinalis,Cardinal flower,Sinningia cardinalis,Sinningia cardinalis,236686-2,236686-2,Species,CPCS
878,Sinningia cardinalis,Helmet flower,Sinningia cardinalis,Sinningia cardinalis,236686-2,236686-2,Species,CPCS
879,Sinningia pusilla,Cinderella slippers,Sinningia pusilla,Sinningia pusilla,237100-2,237100-2,Species,CPCS
880,Sinningia speciosa,Bright eyes,Sinningia speciosa,Sinningia speciosa,382786-1,382786-1,Species,CPCS
881,Sinningia speciosa,Gloxinia,Sinningia speciosa,Sinningia speciosa,382786-1,382786-1,Species,CPCS
882,Smilax gluaca,"Sarsaparilla, wild",,,,,,CPCS
883,Smithiantha cinnabarina,Temple bells,Smithiantha cinnabarina,Smithiantha cinnabarina,238059-2,238059-2,Species,CPCS
884,Smithiantha multiflora,Naegelia,Smithiantha multiflora,Smithiantha multiflora,238062-2,238062-2,Species,CPCS
885,Soleirolia soleirolii,Angelâs tears,Soleirolia soleirolii,Soleirolia soleirolii,856545-1,856545-1,Species,CPCS
886,Soleirolia soleirolii,Irish moss,Soleirolia soleirolii,Soleirolia soleirolii,856545-1,856545-1,Species,CPCS
887,Soleirolia soleirolii,Peace in the home,Soleirolia soleirolii,Soleirolia soleirolii,856545-1,856545-1,Species,CPCS
888,Soleirolia soleirolii,Babyâs tears,Soleirolia soleirolii,Soleirolia soleirolii,856545-1,856545-1,Species,CPCS
889,Soleirolia soleirolii,Creeping nettle,Soleirolia soleirolii,Soleirolia soleirolii,856545-1,856545-1,Species,CPCS
890,Sorbus spp,"Ash, mountain",Sorbus,,,30004837-2,Genus,CPCS
891,Sparaxis tricolor,Sparaxis,Sparaxis tricolor,Sparaxis tricolor,441392-1,441392-1,Species,CPCS
892,Sparaxis tricolor,Wand flower,Sparaxis tricolor,Sparaxis tricolor,441392-1,441392-1,Species,CPCS
893,Spathodea campanulata,Tulip tree,Spathodea campanulata,Spathodea campanulata,110661-1,110661-1,Species,CPCS
894,Sphaeropteris medullaris,Sago fern,Sphaeropteris medullaris,Sphaeropteris medullaris,17223270-1,17223270-1,Species,CPCS
895,Spirea spp,Spirea,Spiraea,,,325874-2,Genus,CPCS
896,Spuria spp,Butterfly iris,,,,,,CPCS
897,Stachy spp,Lambâs ears,,,,,,CPCS
898,Stephanotis floribunda,Brideâs flower,Stephanotis floribunda,Stephanotis floribunda,77204413-1,77204413-1,Species,CPCS
899,Stephanotis floribunda,Clustered wax flower,Stephanotis floribunda,Stephanotis floribunda,77204413-1,77204413-1,Species,CPCS
900,Stephanotis floribunda,Stephanotis,Stephanotis floribunda,Stephanotis floribunda,77204413-1,77204413-1,Species,CPCS
901,Stephanotis floribunda,Wax flower,Stephanotis floribunda,Stephanotis floribunda,77204413-1,77204413-1,Species,CPCS
902,Streptocarpus spp,Cape primrose,Streptocarpus,,,17229-1,Genus,CPCS
903,Strongylodon macrobotrys,Jade vine,Strongylodon macrobotrys,Strongylodon macrobotrys,519595-1,519595-1,Species,CPCS
904,Styrax japonica,Japanese snowbell,Styrax japonicus,Styrax japonicus,826818-1,826818-1,Species,CPCS
905,Symphoricarpos spp,"Snowberry, mountain",Symphoricarpos,,,30010757-2,Genus,CPCS
906,Symphoricarpos spp,"Snowberry, western",Symphoricarpos,,,30010757-2,Genus,CPCS
907,Syringa spp,Lilac,Syringa,,,328109-2,Genus,CPCS
908,Syzygium cuminii,Eugenia,Syzygium cumini,Syzygium cumini,601603-1,601603-1,Species,CPCS
910,Taraxacum officinale,Dandelion,Taraxacum sect. Taraxacum,Taraxacum sect. Taraxacum,254151-1,254151-1,Species,CPCS
911,Taraxacum officinale,Lion's tooth,Taraxacum sect. Taraxacum,Taraxacum sect. Taraxacum,254151-1,254151-1,Species,CPCS
912,Tecomaria capensis,Cape honeysuckle,Tecomaria capensis,Tecomaria capensis,111333-1,111333-1,Species,CPCS
913,Thea japonica,Camellia,Camellia japonica,Camellia japonica,828524-1,828524-1,Species,CPCS
914,Thunbergia alata,Black-eyed susan vine,Thunbergia alata,Thunbergia alata,56177-1,56177-1,Species,CPCS
915,Tibouchina spp,Glory bush,Tibouchina,,,30000734-2,Genus,CPCS
916,Tibouchina spp,Lasiandra,Tibouchina,,,30000734-2,Genus,CPCS
917,Tibouchina spp,Spider flower,Tibouchina,,,30000734-2,Genus,CPCS
918,Tilia americana,Linden tree,Tilia americana,Tilia americana,286108-2,286108-2,Species,CPCS
919,Tillandsia usneoides,Spanish moss,Tillandsia usneoides,Tillandsia usneoides,1169665-2,1169665-2,Species,CPCS
920,Tithonia spp,Mexican sunflower,Tithonia,,,11315-1,Genus,CPCS
921,Tolmiea menziesii,Curiosity plant,Tolmiea menziesii,Tolmiea menziesii,794907-1,794907-1,Species,CPCS
922,Tolmiea menziesii,Mother of thousands,Tolmiea menziesii,Tolmiea menziesii,794907-1,794907-1,Species,CPCS
923,Tolmiea menziesii,Piggyback plant,Tolmiea menziesii,Tolmiea menziesii,794907-1,794907-1,Species,CPCS
924,Townsendia sericea,"Aster, giant",Townsendia exscapa,Townsendia exscapa,255696-2,255696-2,Species,CPCS
925,Trachelospermum jasminoides,Star jasmine,Trachelospermum jasminoides,Trachelospermum jasminoides,82553-1,82553-1,Species,CPCS
926,Tradescantia multiflora,Tahitian bridal veil,Callisia procumbens,Callisia procumbens,77205602-1,77205602-1,Species,CPCS
927,Tradescantia reginae,Queen's spiderwort,Dichorisandra musaica,Dichorisandra musaica,172628-1,172628-1,Species,CPCS
928,Tradescantia navicularis,Chain plant,Callisia navicularis,Callisia navicularis,42453-2,42453-2,Species,CPCS
929,Tropaeolum spp,Nasturtium,Tropaeolum,,,30002592-2,Genus,CPCS
930,Tsuga spp (do NOT confuse with toxic Conium or Cicuta species!),Hemlock tree,Tsuga,,,11721-1,Genus,CPCS
931,Tulbaghia violacea,Society garlic,Tulbaghia violacea,Tulbaghia violacea,542801-1,542801-1,Species,CPCS
932,Typha latifolia,Cat tail,Typha latifolia,Typha latifolia,836870-1,836870-1,Species,CPCS
934,Valerianella locusta,Lamb's lettuce,Valeriana locusta,Valeriana locusta,859937-1,859937-1,Species,CPCS
935,Veitchia merrillii,Dwarf royal palm,Adonidia merrillii,Adonidia merrillii,663990-1,663990-1,Species,CPCS
936,Verbascum spp,Mullein,Verbascum,,,30049308-2,Genus,CPCS
937,Verbena spp (except Verbena hastata),Verbena,Verbena,,,330551-2,Genus,CPCS
938,Verbena spp (except Verbena hastata),Vervain,Verbena,,,330551-2,Genus,CPCS
939,Veronica spp,Veronica,Veronica,,,30005997-2,Genus,CPCS
940,Viburnum cassinoides,Tea-berry,Viburnum cassinoides,Viburnum cassinoides,264854-2,264854-2,Species,CPCS
941,Viburnum lentago,Sweetberry,Viburnum lentago,Viburnum lentago,326266-2,326266-2,Species,CPCS
942,Viburnum macrocephalum,"Snowball, Chinese",Viburnum macrocephalum,Viburnum macrocephalum,149801-1,149801-1,Species,CPCS
943,Viburnum odoratissimum,Sweet viburnum,Viburnum odoratissimum,Viburnum odoratissimum,149848-1,149848-1,Species,CPCS
944,Viburnum plicatum,"Snowball, Japanese",Viburnum plicatum,Viburnum plicatum,149876-1,149876-1,Species,CPCS
945,Viburnum spp,Snowball bush,Viburnum,,,30000738-2,Genus,CPCS
946,Viburnum spp,Squaw bush,Viburnum,,,30000738-2,Genus,CPCS
947,Viburnum spp,Tea plant,Viburnum,,,30000738-2,Genus,CPCS
948,Viburnum spp,Viburnum,Viburnum,,,30000738-2,Genus,CPCS
949,Viburnum spp,"Alder, black",Viburnum,,,30000738-2,Genus,CPCS
950,Vicia sativa,"Vetch, common",Vicia sativa,Vicia sativa,525117-1,525117-1,Species,CPCS
951,Viola cornuta,Johnny jump up (except for seeds),Viola cornuta,Viola cornuta,867953-1,867953-1,Species,CPCS
952,Viola odorata,Violets (except for seeds),Viola odorata,Viola odorata,868828-1,868828-1,Species,CPCS
953,Viola spp,Violas (except for seeds),Viola,,,30000540-2,Genus,CPCS
954,Viola tricolor,Pansy (except for seeds),Viola tricolor,Viola tricolor,869428-1,869428-1,Species,CPCS
955,Vitex spp,Sage tree,Vitex,,,30000069-2,Genus,CPCS
956,Vitex spp,Wild pepper,Vitex,,,30000069-2,Genus,CPCS
957,Vitus californica,Wild grape,,,,,,CPCS
958,Vitus californica,"Grape, wild",,,,,,CPCS
959,Vitus vinifera,Wine grape,,,,,,CPCS
960,Vitus vinifera,European grape,,,,,,CPCS
961,Vitus vinifera,Grape,,,,,,CPCS
962,Vriesea hieroglyphica,Bromeliad king,Vriesea hieroglyphica,Vriesea hieroglyphica,126163-1,126163-1,Species,CPCS
963,Vriesea carinata,Lobster claws,Vriesea carinata,Vriesea carinata,126130-1,126130-1,Species,CPCS
964,Vriesea carinata,Painted feather,Vriesea carinata,Vriesea carinata,126130-1,126130-1,Species,CPCS
965,Vriesea splendens,Flaming sword,Lutheria splendens,Lutheria splendens,77158988-1,77158988-1,Species,CPCS
967,Washingtonia spp,"Palm, desert fan",Washingtonia,,,331308-2,Genus,CPCS
968,Washingtonia spp,Mexican fan palm,Washingtonia,,,331308-2,Genus,CPCS
969,Washingtonia spp,Thread palm,Washingtonia,,,331308-2,Genus,CPCS
970,Watsonia spp,Watsonia,Watsonia,,,328242-2,Genus,CPCS
971,Weigela spp,Weigela,Weigela,,,6141-1,Genus,CPCS
973,Xylosma spp,Xylosma,Xylosma,,,332071-2,Genus,CPCS
975,Yucca brevifolia,Joshua tree,Yucca brevifolia,Yucca brevifolia,270297-2,270297-2,Species,CPCS
976,Yucca spp,Dagger plant,Yucca,,,30003895-2,Genus,CPCS
977,Yucca spp,Spanish bayonet,Yucca,,,30003895-2,Genus,CPCS
978,Yucca spp,Yucca,Yucca,,,30003895-2,Genus,CPCS
980,Zanthosoma lindeni,Indian kale,,,,,,CPCS
981,Zebrina pendula,Inch plant,Tradescantia zebrina var. zebrina,Tradescantia zebrina,30049896-2,77170928-1,Variety,CPCS
982,Zebrina pendula,Wandering Jew,Tradescantia zebrina var. zebrina,Tradescantia zebrina,30049896-2,77170928-1,Variety,CPCS
983,Zinnia spp,Zinnia,Zinnia,,,332074-2,Genus,CPCS
