,Plants with Activity Synergy,Chemical Count,Total PPM,Accepted_Name,Accepted_Species,Accepted_Species_ID,Accepted_ID,Accepted_Rank,Source
0,Abelmoschus esculentus,2,140.0,Abelmoschus esculentus,Abelmoschus esculentus,558006-1,558006-1,Species,USDA(Duke)
1,Acacia nilotica,1,,Vachellia nilotica,Vachellia nilotica,77089275-1,77089275-1,Species,USDA(Duke)
2,Acacia farnesiana,1,,Vachellia farnesiana,Vachellia farnesiana,1099713-2,1099713-2,Species,USDA(Duke)
3,Achillea millefolium,2,,Achillea millefolium,Achillea millefolium,2294-2,2294-2,Species,USDA(Duke)
4,Acinos suaveolens,1,,Clinopodium suaveolens,Clinopodium suaveolens,445868-1,445868-1,Species,USDA(Duke)
5,Aconitum napellus,1,,Aconitum napellus,Aconitum napellus,707615-1,707615-1,Species,USDA(Duke)
6,Aconitum carmichaelii,1,,Aconitum carmichaeli,Aconitum carmichaeli,707241-1,707241-1,Species,USDA(Duke)
7,Acorus calamus,1,7900.0,Acorus calamus,Acorus calamus,84009-1,84009-1,Species,USDA(Duke)
8,Actaea spicata,1,,Actaea spicata,Actaea spicata,303913-2,303913-2,Species,USDA(Duke)
9,Actaea rubra,1,,Actaea rubra,Actaea rubra,1082557-2,1082557-2,Species,USDA(Duke)
10,Actaea racemosa,1,,Actaea racemosa,Actaea racemosa,316204-2,316204-2,Species,USDA(Duke)
11,Actaea pachypoda,1,,Actaea pachypoda,Actaea pachypoda,330907-2,330907-2,Species,USDA(Duke)
12,Aesculus hippocastanum,2,60000.0,Aesculus hippocastanum,Aesculus hippocastanum,781594-1,781594-1,Species,USDA(Duke)
13,Aloe vera,2,,Aloe vera,Aloe vera,530017-1,530017-1,Species,USDA(Duke)
14,Althaea officinalis,1,,Althaea officinalis,Althaea officinalis,558872-1,558872-1,Species,USDA(Duke)
15,Anacardium occidentale,1,0.04,Anacardium occidentale,Anacardium occidentale,319068-2,319068-2,Species,USDA(Duke)
16,Anamirta cocculus,1,,Anamirta cocculus,Anamirta cocculus,580121-1,580121-1,Species,USDA(Duke)
17,Ananas comosus,1,,Ananas comosus,Ananas comosus,12322-2,12322-2,Species,USDA(Duke)
18,Anemone pulsatilla,1,,Pulsatilla montana,Pulsatilla montana,712012-1,712012-1,Species,USDA(Duke)
19,Anethum graveolens,2,,Anethum graveolens,Anethum graveolens,837530-1,837530-1,Species,USDA(Duke)
20,Angelica archangelica,1,,Angelica archangelica,Angelica archangelica,837560-1,837560-1,Species,USDA(Duke)
21,Anisodus tanguticus,1,,Anisodus tanguticus,Anisodus tanguticus,814269-1,814269-1,Species,USDA(Duke)
22,Anogeissus latifolia,1,,Terminalia anogeissiana,Terminalia anogeissiana,77164537-1,77164537-1,Species,USDA(Duke)
23,Aquilegia vulgaris,1,,Aquilegia vulgaris,Aquilegia vulgaris,306409-2,306409-2,Species,USDA(Duke)
24,Arctostaphylos uva-ursi,1,,Arctostaphylos uva-ursi,Arctostaphylos uva-ursi,1024084-2,1024084-2,Species,USDA(Duke)
25,Areca catechu,1,,Areca catechu,Areca catechu,664107-1,664107-1,Species,USDA(Duke)
26,Arnica montana,1,,Arnica montana,Arnica montana,30090722-2,30090722-2,Species,USDA(Duke)
27,Artemisia vulgaris,1,,Artemisia vulgaris,Artemisia vulgaris,20812-2,20812-2,Species,USDA(Duke)
28,Artemisia dracunculus,2,1200.0,Artemisia dracunculus,Artemisia dracunculus,307848-2,307848-2,Species,USDA(Duke)
29,Artemisia annua,1,,Artemisia annua,Artemisia annua,304416-2,304416-2,Species,USDA(Duke)
30,Artemisia absinthium,2,,Artemisia absinthium,Artemisia absinthium,300106-2,300106-2,Species,USDA(Duke)
31,Asparagus officinalis,2,4.0,Asparagus officinalis,Asparagus officinalis,531229-1,531229-1,Species,USDA(Duke)
32,Atropa bella-donna,2,17424.0,Atropa bella-donna,Atropa bella-donna,814358-1,814358-1,Species,USDA(Duke)
33,Avena sativa,1,,Avena sativa,Avena sativa,391732-1,391732-1,Species,USDA(Duke)
34,Baptisia tinctoria,1,,Baptisia tinctoria,Baptisia tinctoria,1198899-2,1198899-2,Species,USDA(Duke)
35,Belamcanda chinensis,1,,Iris domestica,Iris domestica,60438342-2,60438342-2,Species,USDA(Duke)
36,Berberis vulgaris,1,,Berberis vulgaris,Berberis vulgaris,328527-2,328527-2,Species,USDA(Duke)
37,Bertholletia excelsa,1,0.02,Bertholletia excelsa,Bertholletia excelsa,591270-1,591270-1,Species,USDA(Duke)
38,Boronia megastigma,1,,Boronia megastigma,Boronia megastigma,771646-1,771646-1,Species,USDA(Duke)
39,Brassica rapa,1,,Brassica rapa,Brassica rapa,279485-1,279485-1,Species,USDA(Duke)
40,Brassica oleracea var. sabellica l.,1,,Brassica oleracea,Brassica oleracea,279435-1,279435-1,Species,USDA(Duke)
41,Brassica oleracea var. italica,1,,Brassica cretica subsp. cretica,Brassica cretica,279298-1,77228230-1,Subspecies,USDA(Duke)
42,Brassica oleracea var. gemmifera,1,,Brassica oleracea,Brassica oleracea,279435-1,279435-1,Species,USDA(Duke)
43,Brassica oleracea var. capitata l.,2,29.0,Brassica oleracea,Brassica oleracea,279435-1,279435-1,Species,USDA(Duke)
44,Brassica nigra,1,,Brassica nigra,Brassica nigra,279422-1,279422-1,Species,USDA(Duke)
45,Brassica napus var. napus,1,,Brassica napus,Brassica napus,279419-1,279419-1,Species,USDA(Duke)
46,Brassica napus var. napobrassica,1,,Brassica napus,Brassica napus,279419-1,279419-1,Species,USDA(Duke)
47,Calamintha nepeta,1,,Clinopodium nepeta subsp. spruneri,Clinopodium nepeta,445833-1,77113937-1,Subspecies,USDA(Duke)
48,Camellia sinensis,1,,Camellia sinensis,Camellia sinensis,828548-1,828548-1,Species,USDA(Duke)
49,Cananga odorata,1,,Cananga odorata,Cananga odorata,72580-1,72580-1,Species,USDA(Duke)
50,Cannabis sativa,2,,Cannabis sativa,Cannabis sativa,306087-2,306087-2,Species,USDA(Duke)
51,Capsicum frutescens,3,,Capsicum frutescens,Capsicum frutescens,316959-2,316959-2,Species,USDA(Duke)
52,Capsicum annuum,2,,Capsicum annuum,Capsicum annuum,316944-2,316944-2,Species,USDA(Duke)
53,Carum carvi,1,,Carum carvi,Carum carvi,839677-1,839677-1,Species,USDA(Duke)
54,Carya ovata,1,0.02,Carya ovata,Carya ovata,30122806-2,30122806-2,Species,USDA(Duke)
55,Carya illinoensis,1,0.02,,,,,,USDA(Duke)
56,Carya glabra,1,2.2,Carya glabra,Carya glabra,30055752-2,30055752-2,Species,USDA(Duke)
57,Cassia marilandica,1,,Senna marilandica,Senna marilandica,518344-1,518344-1,Species,USDA(Duke)
58,Castanospermum australe,1,,Castanospermum australe,Castanospermum australe,960752-1,960752-1,Species,USDA(Duke)
59,Caulophyllum thalictroides,1,,Caulophyllum thalictroides,Caulophyllum thalictroides,1056122-2,1056122-2,Species,USDA(Duke)
60,Ceiba pentandra,1,,Ceiba pentandra,Ceiba pentandra,1166232-2,1166232-2,Species,USDA(Duke)
61,Ceratonia siliqua,2,,Ceratonia siliqua,Ceratonia siliqua,485647-1,485647-1,Species,USDA(Duke)
62,Chelidonium majus,2,,Chelidonium majus,Chelidonium majus,303589-2,303589-2,Species,USDA(Duke)
63,Cicer arietinum,1,,Cicer arietinum,Cicer arietinum,486336-1,486336-1,Species,USDA(Duke)
64,Cichorium intybus,2,,Cichorium intybus,Cichorium intybus,194533-1,194533-1,Species,USDA(Duke)
65,Cimicifuga racemosa,1,,Actaea racemosa,Actaea racemosa,316204-2,316204-2,Species,USDA(Duke)
66,Cinnamomum camphora,1,,Cinnamomum camphora,Cinnamomum camphora,463336-1,463336-1,Species,USDA(Duke)
67,Citrullus lanatus,1,,Citrullus lanatus,Citrullus lanatus,291938-1,291938-1,Species,USDA(Duke)
68,Citrus sinensis,1,,Citrus × aurantium,Citrus × aurantium,59600-2,59600-2,Species,USDA(Duke)
69,Citrus paradisi,1,,Citrus × aurantium,Citrus × aurantium,59600-2,59600-2,Species,USDA(Duke)
70,Citrus aurantium,1,,Citrus × aurantium,Citrus × aurantium,59600-2,59600-2,Species,USDA(Duke)
71,Clematis vitalba,1,,Clematis vitalba,Clematis vitalba,319145-2,319145-2,Species,USDA(Duke)
72,Cnicus benedictus,1,,Centaurea benedicta,Centaurea benedicta,190024-1,190024-1,Species,USDA(Duke)
73,Cocos nucifera,2,0.008,Cocos nucifera,Cocos nucifera,666160-1,666160-1,Species,USDA(Duke)
74,Commiphora myrrha,1,,Commiphora myrrha,Commiphora myrrha,127741-1,127741-1,Species,USDA(Duke)
75,Consolida ajacis,1,,Delphinium ajacis,Delphinium ajacis,77254-2,77254-2,Species,USDA(Duke)
76,Convallaria majalis,1,8000.0,Convallaria majalis,Convallaria majalis,533487-1,533487-1,Species,USDA(Duke)
77,Coptis spp,1,,Coptis,,,33110-1,Genus,USDA(Duke)
78,Coptis japonica,1,,Coptis japonica,Coptis japonica,710316-1,710316-1,Species,USDA(Duke)
79,Coptis chinensis,1,,Coptis chinensis,Coptis chinensis,710313-1,710313-1,Species,USDA(Duke)
80,Coriaria thymifolia,1,,Coriaria ruscifolia subsp. microphylla,Coriaria ruscifolia,271369-1,66026-2,Subspecies,USDA(Duke)
81,Coriaria myrtifolia,1,,Coriaria myrtifolia,Coriaria myrtifolia,271361-1,271361-1,Species,USDA(Duke)
82,Corylus avellana,1,0.02,Corylus avellana,Corylus avellana,295446-1,295446-1,Species,USDA(Duke)
83,Crataegus rhipidophylla,3,,Crataegus rhipidophylla,Crataegus rhipidophylla,724131-1,724131-1,Species,USDA(Duke)
84,Crataegus monogyna,1,,Crataegus monogyna,Crataegus monogyna,723820-1,723820-1,Species,USDA(Duke)
85,Crataegus laevigata,3,3000.0,Crataegus laevigata,Crataegus laevigata,723644-1,723644-1,Species,USDA(Duke)
86,Crataegus cuneata,1,,Crataegus cuneata,Crataegus cuneata,723209-1,723209-1,Species,USDA(Duke)
87,Croton tiglium,1,8000.0,Croton tiglium,Croton tiglium,343631-1,343631-1,Species,USDA(Duke)
88,Croton lechleri,1,,Croton lechleri,Croton lechleri,342842-1,342842-1,Species,USDA(Duke)
89,Cucumis sativus,1,,Cucumis sativus,Cucumis sativus,292296-1,292296-1,Species,USDA(Duke)
90,Cucumis melo,1,,Cucumis melo,Cucumis melo,292238-1,292238-1,Species,USDA(Duke)
91,Cydonia oblonga,1,8000.0,Cydonia oblonga,Cydonia oblonga,724549-1,724549-1,Species,USDA(Duke)
92,Cymbopogon winterianus,1,322.0,Cymbopogon winterianus,Cymbopogon winterianus,397039-1,397039-1,Species,USDA(Duke)
93,Cymbopogon nardus,1,1728.0,Cymbopogon nardus,Cymbopogon nardus,396972-1,396972-1,Species,USDA(Duke)
94,Cytisus scoparius,1,,Cytisus scoparius,Cytisus scoparius,489963-1,489963-1,Species,USDA(Duke)
95,Daphne mezereum,1,400.0,Daphne mezereum,Daphne mezereum,831294-1,831294-1,Species,USDA(Duke)
96,Datura stramonium,2,980.0,Datura stramonium,Datura stramonium,314738-2,314738-2,Species,USDA(Duke)
97,Datura metel,2,7120.0,Datura metel,Datura metel,314739-2,314739-2,Species,USDA(Duke)
98,Datura innoxia,2,19230.0,Datura innoxia,Datura innoxia,316945-2,316945-2,Species,USDA(Duke)
99,Datura candida,2,,,,,,,USDA(Duke)
100,Daucus carota,2,,Daucus carota,Daucus carota,841063-1,841063-1,Species,USDA(Duke)
101,Digitalis purpurea,2,,Digitalis purpurea,Digitalis purpurea,802077-1,802077-1,Species,USDA(Duke)
102,Digitalis lanata,1,,Digitalis lanata,Digitalis lanata,802028-1,802028-1,Species,USDA(Duke)
103,Diospyros virginiana,1,5.16,Diospyros virginiana,Diospyros virginiana,323180-1,323180-1,Species,USDA(Duke)
104,Duboisia myoporoides,2,,Duboisia myoporoides,Duboisia myoporoides,815656-1,815656-1,Species,USDA(Duke)
105,Eleutherococcus senticosus,1,,Eleutherococcus senticosus,Eleutherococcus senticosus,90431-1,90431-1,Species,USDA(Duke)
106,Eriobotrya japonica,1,28000.0,Rhaphiolepis bibas,Rhaphiolepis bibas,77209608-1,77209608-1,Species,USDA(Duke)
107,Eriodictyon californicum,1,,Eriodictyon californicum,Eriodictyon californicum,432090-1,432090-1,Species,USDA(Duke)
108,Erythroxylum sp.,1,,Erythroxylum,,,24933-1,Genus,USDA(Duke)
109,Erythroxylum coca,1,,Erythroxylum coca,Erythroxylum coca,330132-2,330132-2,Species,USDA(Duke)
110,Eschscholzia californica,2,,Eschscholzia californica,Eschscholzia californica,30043364-2,30043364-2,Species,USDA(Duke)
111,Eucommia ulmoides,1,,Eucommia ulmoides,Eucommia ulmoides,554475-1,554475-1,Species,USDA(Duke)
112,Fallopia japonica,1,,Reynoutria japonica,Reynoutria japonica,435655-1,435655-1,Species,USDA(Duke)
113,Ficus carica,1,,Ficus carica,Ficus carica,852556-1,852556-1,Species,USDA(Duke)
114,Foeniculum vulgare,1,700.0,Foeniculum vulgare,Foeniculum vulgare,842680-1,842680-1,Species,USDA(Duke)
115,Fragaria spp,1,,Fragaria,,,30014957-2,Genus,USDA(Duke)
116,Frangula purshiana,1,200000.0,Frangula purshiana,Frangula purshiana,30426867-2,30426867-2,Species,USDA(Duke)
117,Frangula alnus,2,140000.0,Frangula alnus,Frangula alnus,717344-1,717344-1,Species,USDA(Duke)
118,Fraxinus rhynchophylla,1,,Fraxinus chinensis subsp. rhynchophylla,Fraxinus chinensis,608968-1,922141-1,Subspecies,USDA(Duke)
119,Fraxinus ornus,1,,Fraxinus ornus,Fraxinus ornus,609128-1,609128-1,Species,USDA(Duke)
120,Galega officinalis,1,,Galega officinalis,Galega officinalis,495681-1,495681-1,Species,USDA(Duke)
121,Galium odoratum,1,,Galium odoratum,Galium odoratum,750339-1,750339-1,Species,USDA(Duke)
122,Genista tinctoria,1,,Genista tinctoria,Genista tinctoria,496408-1,496408-1,Species,USDA(Duke)
123,Geranium thunbergii,1,,Geranium thunbergii,Geranium thunbergii,373741-1,373741-1,Species,USDA(Duke)
124,Ginkgo biloba,1,,Ginkgo biloba,Ginkgo biloba,262125-1,262125-1,Species,USDA(Duke)
125,Glaucium flavum,1,,Glaucium flavum,Glaucium flavum,673167-1,673167-1,Species,USDA(Duke)
126,Glycine max,4,120.0,Glycine max,Glycine max,60450240-2,60450240-2,Species,USDA(Duke)
127,Glycyrrhiza glabra,1,,Glycyrrhiza glabra,Glycyrrhiza glabra,496941-1,496941-1,Species,USDA(Duke)
128,Gossypium sp,2,19000.0,Gossypium,,,30013018-2,Genus,USDA(Duke)
129,Guarea rusbyi,1,,Guarea guidonia,Guarea guidonia,114060-2,114060-2,Species,USDA(Duke)
130,Hedeoma pulegioides,2,2820.0,Hedeoma pulegioides,Hedeoma pulegioides,447676-1,447676-1,Species,USDA(Duke)
131,Helianthus annuus,3,20.0,Helianthus annuus,Helianthus annuus,119003-2,119003-2,Species,USDA(Duke)
132,Heliotropium indicus,1,,Heliotropium indicum,Heliotropium indicum,116938-1,116938-1,Species,USDA(Duke)
133,Hibiscus sabdariffa,1,,Hibiscus sabdariffa,Hibiscus sabdariffa,326388-2,326388-2,Species,USDA(Duke)
134,Hordeum vulgare,3,,Hordeum vulgare,Hordeum vulgare,405391-1,405391-1,Species,USDA(Duke)
135,Huperzia spp,1,,Huperzia,,,30000333-2,Genus,USDA(Duke)
136,Hyoscyamus niger,2,,Hyoscyamus niger,Hyoscyamus niger,815932-1,815932-1,Species,USDA(Duke)
137,Hypericum perforatum,1,,Hypericum perforatum,Hypericum perforatum,433719-1,433719-1,Species,USDA(Duke)
138,Illicium verum,2,280.0,Illicium verum,Illicium verum,554553-1,554553-1,Species,USDA(Duke)
139,Iris x germanica,1,,Iris × germanica,Iris × germanica,438637-1,438637-1,Species,USDA(Duke)
140,Iris versicolor,1,,Iris versicolor,Iris versicolor,439235-1,439235-1,Species,USDA(Duke)
141,Juglans nigra,1,0.06,Juglans nigra,Juglans nigra,279034-2,279034-2,Species,USDA(Duke)
142,Juglans cinerea,1,0.04,Juglans cinerea,Juglans cinerea,442334-1,442334-1,Species,USDA(Duke)
143,Juniperus virginiana,1,5.28,Juniperus virginiana,Juniperus virginiana,132551-2,132551-2,Species,USDA(Duke)
144,Juniperus sabina,1,,Juniperus sabina,Juniperus sabina,30166980-2,30166980-2,Species,USDA(Duke)
145,Juniperus macropoda,1,,Juniperus seravschanica,Juniperus seravschanica,676868-1,676868-1,Species,USDA(Duke)
146,Juniperus communis,1,,Juniperus communis,Juniperus communis,30088655-2,30088655-2,Species,USDA(Duke)
147,Kalanchoe daegrimontiana,1,,,,,,,USDA(Duke)
148,Laburnum anagyroides,1,,Laburnum anagyroides,Laburnum anagyroides,501428-1,501428-1,Species,USDA(Duke)
149,Lactuca virosa,1,,Lactuca virosa,Lactuca virosa,329493-2,329493-2,Species,USDA(Duke)
150,Lactuca scariola,1,,Lactuca serriola,Lactuca serriola,228255-1,228255-1,Species,USDA(Duke)
151,Lactuca sativa,3,40.6,Lactuca sativa,Lactuca sativa,228239-1,228239-1,Species,USDA(Duke)
152,Lantana camara,1,,Lantana camara,Lantana camara,325686-2,325686-2,Species,USDA(Duke)
153,Laurus nobilis,1,,Laurus nobilis,Laurus nobilis,465049-1,465049-1,Species,USDA(Duke)
154,Lens culinaris,1,,Vicia lens,Vicia lens,524872-1,524872-1,Species,USDA(Duke)
155,Linum usitatissimum,2,,Linum usitatissimum,Linum usitatissimum,544772-1,544772-1,Species,USDA(Duke)
156,Lippia javanica,1,,Lippia javanica,Lippia javanica,863680-1,863680-1,Species,USDA(Duke)
157,Liquidambar styraciflua,1,9.72,Liquidambar styraciflua,Liquidambar styraciflua,430718-1,430718-1,Species,USDA(Duke)
158,Lycopersicon esculentum,3,12.0,Solanum lycopersicum,Solanum lycopersicum,316947-2,316947-2,Species,USDA(Duke)
159,Lycopodiella caroliniana,2,,Lycopodiella caroliniana,Lycopodiella caroliniana,146931-2,146931-2,Species,USDA(Duke)
160,Lycopodium selago,1,,Huperzia selago,Huperzia selago,1140250-2,1140250-2,Species,USDA(Duke)
161,Lycopodium cernuum,1,,Lycopodiella cernua,Lycopodiella cernua,1054587-2,1054587-2,Species,USDA(Duke)
162,Lycopodium carolinianum,2,,Lycopodiella caroliniana,Lycopodiella caroliniana,146931-2,146931-2,Species,USDA(Duke)
163,Lycopodium annotinum,1,,Lycopodium annotinum,Lycopodium annotinum,304983-2,304983-2,Species,USDA(Duke)
164,Magnolia officinalis,1,,Magnolia officinalis,Magnolia officinalis,554787-1,554787-1,Species,USDA(Duke)
165,Mahonia repens,1,,Berberis repens,Berberis repens,31531-2,31531-2,Species,USDA(Duke)
166,Mahonia japonica,1,,Berberis japonica,Berberis japonica,106792-1,106792-1,Species,USDA(Duke)
167,Mahonia aquifolium,1,,Berberis aquifolium,Berberis aquifolium,31334-2,31334-2,Species,USDA(Duke)
168,Malus domestica,3,27600.0,Malus domestica,Malus domestica,726282-1,726282-1,Species,USDA(Duke)
169,Mandragora officinarum,1,7000.0,Mandragora officinarum,Mandragora officinarum,816733-1,816733-1,Species,USDA(Duke)
170,Matricaria recutita,1,,Matricaria chamomilla,Matricaria chamomilla,154715-2,154715-2,Species,USDA(Duke)
171,Medicago sativa,1,,Medicago sativa,Medicago sativa,30234961-2,30234961-2,Species,USDA(Duke)
172,Menispermum canadense,1,,Menispermum canadense,Menispermum canadense,581040-1,581040-1,Species,USDA(Duke)
173,Mentha x rotundifolia,2,2440.0,,,,,,USDA(Duke)
174,Mentha spicata,1,,Mentha spicata,Mentha spicata,451162-1,451162-1,Species,USDA(Duke)
175,Mentha pulegium,2,9640.0,Mentha pulegium,Mentha pulegium,451022-1,451022-1,Species,USDA(Duke)
176,Mentha longifolia,2,19840.0,Mentha longifolia,Mentha longifolia,450735-1,450735-1,Species,USDA(Duke)
177,Mentha arvensis var. piperascens,3,,Mentha arvensis,Mentha arvensis,30026217-2,30026217-2,Species,USDA(Duke)
178,Mentha aquatica,2,,Mentha aquatica,Mentha aquatica,450192-1,450192-1,Species,USDA(Duke)
179,Menyanthes trifoliata,1,,Menyanthes trifoliata,Menyanthes trifoliata,50970102-1,50970102-1,Species,USDA(Duke)
180,Micromeria thymifolia,1,,Clinopodium album,Clinopodium album,77177162-1,77177162-1,Species,USDA(Duke)
181,Micromeria fruticosa,1,,Clinopodium serpyllifolium subsp. fruticosum,Clinopodium serpyllifolium,445861-1,77075186-1,Subspecies,USDA(Duke)
182,Micromeria dalmatica,1,,Mentha pulegium,Mentha pulegium,451022-1,451022-1,Species,USDA(Duke)
183,Micromeria croatica,1,,Micromeria croatica,Micromeria croatica,451749-1,451749-1,Species,USDA(Duke)
184,Morinda citrifolia,1,8000.0,Morinda citrifolia,Morinda citrifolia,756359-1,756359-1,Species,USDA(Duke)
185,Musa x paradisiaca,2,,Musa × paradisiaca,Musa × paradisiaca,797595-1,797595-1,Species,USDA(Duke)
186,Myristica fragrans,2,1100.0,Myristica fragrans,Myristica fragrans,586076-1,586076-1,Species,USDA(Duke)
187,Nandina domestica,1,,Nandina domestica,Nandina domestica,107544-1,107544-1,Species,USDA(Duke)
188,Nasturtium officinale,1,,Nasturtium officinale,Nasturtium officinale,287534-1,287534-1,Species,USDA(Duke)
189,Nerium oleander,1,,Nerium oleander,Nerium oleander,80460-1,80460-1,Species,USDA(Duke)
190,Nicotiana tabacum,1,,Nicotiana tabacum,Nicotiana tabacum,817077-1,817077-1,Species,USDA(Duke)
191,Nigella sativa,1,,Nigella sativa,Nigella sativa,711687-1,711687-1,Species,USDA(Duke)
192,Nyssa sylvatica,1,11.74,Nyssa sylvatica,Nyssa sylvatica,271953-1,271953-1,Species,USDA(Duke)
193,Ocimum tenuiflorum,1,,Ocimum tenuiflorum,Ocimum tenuiflorum,453130-1,453130-1,Species,USDA(Duke)
194,Ocimum gratissimum,2,,Ocimum gratissimum,Ocimum gratissimum,452969-1,452969-1,Species,USDA(Duke)
195,Ocimum basilicum,4,,Ocimum basilicum,Ocimum basilicum,452874-1,452874-1,Species,USDA(Duke)
196,Olea europaea,3,,Olea europaea,Olea europaea,610675-1,610675-1,Species,USDA(Duke)
197,Panax quinquefolius,2,0.04,Panax quinquefolius,Panax quinquefolius,300467-2,300467-2,Species,USDA(Duke)
198,Papaver somniferum,1,,Papaver somniferum,Papaver somniferum,673724-1,673724-1,Species,USDA(Duke)
199,Passiflora incarnata,2,1100.0,Passiflora incarnata,Passiflora incarnata,675096-1,675096-1,Species,USDA(Duke)
200,Perilla frutescens,1,,Perilla frutescens,Perilla frutescens,190343-2,190343-2,Species,USDA(Duke)
201,Persea americana,1,,Persea americana,Persea americana,325643-2,325643-2,Species,USDA(Duke)
202,Petroselinum crispum,1,,Petroselinum crispum,Petroselinum crispum,60442790-2,60442790-2,Species,USDA(Duke)
203,Phaseolus vulgaris,3,210.0,Phaseolus vulgaris,Phaseolus vulgaris,514191-1,514191-1,Species,USDA(Duke)
204,Phaseolus lunatus,2,6.0,Phaseolus lunatus,Phaseolus lunatus,513918-1,513918-1,Species,USDA(Duke)
205,Phaseolus coccineus,1,,Phaseolus coccineus,Phaseolus coccineus,513754-1,513754-1,Species,USDA(Duke)
206,Phellodendron amurense,1,,Phellodendron amurense,Phellodendron amurense,774774-1,774774-1,Species,USDA(Duke)
207,Phoenix dactylifera,1,,Phoenix dactylifera,Phoenix dactylifera,668912-1,668912-1,Species,USDA(Duke)
208,Physalis alkekingi,1,,,,,,,USDA(Duke)
209,Pimenta racemosa,1,,Pimenta racemosa,Pimenta racemosa,196820-2,196820-2,Species,USDA(Duke)
210,Pimenta dioica,1,0.4,Pimenta dioica,Pimenta dioica,196799-2,196799-2,Species,USDA(Duke)
211,Pimpinella anisum,1,400.0,Pimpinella anisum,Pimpinella anisum,846658-1,846658-1,Species,USDA(Duke)
212,Pinus echinata,1,2.52,Pinus echinata,Pinus echinata,262913-1,262913-1,Species,USDA(Duke)
213,Piper cubeba,1,,Piper cubeba,Piper cubeba,681071-1,681071-1,Species,USDA(Duke)
214,Pistacia vera,1,0.02,Pistacia vera,Pistacia vera,70280-1,70280-1,Species,USDA(Duke)
215,Pisum sativum,2,,Lathyrus oleraceus,Lathyrus oleraceus,501912-1,501912-1,Species,USDA(Duke)
216,Plectranthus incanus,1,,Equilabium molle,Equilabium molle,77201356-1,77201356-1,Species,USDA(Duke)
217,Polygonum multiflorum,1,,Reynoutria multiflora,Reynoutria multiflora,696695-1,696695-1,Species,USDA(Duke)
218,Polygonum hydropiper,1,,Persicaria hydropiper,Persicaria hydropiper,77069479-1,77069479-1,Species,USDA(Duke)
219,Prunus spinosa,1,,Prunus spinosa,Prunus spinosa,730297-1,730297-1,Species,USDA(Duke)
220,Prunus serotina,2,12.8,Prunus serotina,Prunus serotina,730262-1,730262-1,Species,USDA(Duke)
221,Prunus persica,2,140000.0,Prunus persica,Prunus persica,1212858-2,1212858-2,Species,USDA(Duke)
222,Prunus dulcis,2,93000.04,Prunus amygdalus,Prunus amygdalus,60439867-2,60439867-2,Species,USDA(Duke)
223,Prunus domestica,2,50000.0,Prunus domestica,Prunus domestica,30221374-2,30221374-2,Species,USDA(Duke)
224,Prunus cerasus,1,,Prunus cerasus,Prunus cerasus,729574-1,729574-1,Species,USDA(Duke)
225,Prunus armeniaca,1,160000.0,Prunus armeniaca,Prunus armeniaca,729463-1,729463-1,Species,USDA(Duke)
226,Prunus africana,1,,Prunus africana,Prunus africana,729417-1,729417-1,Species,USDA(Duke)
227,Pulsatilla chinensis,1,,Pulsatilla chinensis,Pulsatilla chinensis,20005205-1,20005205-1,Species,USDA(Duke)
228,Punica granatum,2,,Punica granatum,Punica granatum,554129-1,554129-1,Species,USDA(Duke)
229,Pycnanthemum virginianum,1,406.0,Pycnanthemum virginianum,Pycnanthemum virginianum,1128143-2,1128143-2,Species,USDA(Duke)
230,Pycnanthemum verticillatum,1,,Pycnanthemum verticillatum,Pycnanthemum verticillatum,455240-1,455240-1,Species,USDA(Duke)
231,Pycnanthemum torreyi,1,124.0,Pycnanthemum torreyi,Pycnanthemum torreyi,214758-2,214758-2,Species,USDA(Duke)
232,Pycnanthemum tenuifolium,1,380.0,Pycnanthemum tenuifolium,Pycnanthemum tenuifolium,455236-1,455236-1,Species,USDA(Duke)
233,Pycnanthemum setosum,1,124.0,Pycnanthemum setosum,Pycnanthemum setosum,455234-1,455234-1,Species,USDA(Duke)
234,Pycnanthemum pycnanthemoides,1,928.0,Pycnanthemum pycnanthemoides,Pycnanthemum pycnanthemoides,214755-2,214755-2,Species,USDA(Duke)
235,Pycnanthemum pilosum,1,420.0,Pycnanthemum verticillatum var. pilosum,Pycnanthemum verticillatum,455240-1,923751-1,Variety,USDA(Duke)
236,Pycnanthemum incanum,1,38.0,Pycnanthemum incanum,Pycnanthemum incanum,455219-1,455219-1,Species,USDA(Duke)
237,Pycnanthemum clinopodioides,1,7172.0,Pycnanthemum clinopodioides,Pycnanthemum clinopodioides,455211-1,455211-1,Species,USDA(Duke)
238,Pycnanthemum californicum,1,216.0,Pycnanthemum californicum,Pycnanthemum californicum,214730-2,214730-2,Species,USDA(Duke)
239,Pycnanthemum beadlei,1,3066.0,Pycnanthemum beadlei,Pycnanthemum beadlei,214729-2,214729-2,Species,USDA(Duke)
240,Pyrus communis,2,1.11,Pyrus communis,Pyrus communis,30065762-2,30065762-2,Species,USDA(Duke)
241,Quercus velutina,1,1.86,Quercus velutina,Quercus velutina,296899-1,296899-1,Species,USDA(Duke)
242,Quercus rubra,1,2.68,Quercus rubra,Quercus rubra,296701-1,296701-1,Species,USDA(Duke)
243,Quercus alba,1,3.04,Quercus alba,Quercus alba,295763-1,295763-1,Species,USDA(Duke)
244,Ranunculus bulbosus,1,,Ranunculus bulbosus,Ranunculus bulbosus,712367-1,712367-1,Species,USDA(Duke)
245,Rheum palmatum,1,,Rheum palmatum,Rheum palmatum,696772-1,696772-1,Species,USDA(Duke)
246,Rheum officinale,1,100000.0,Rheum officinale,Rheum officinale,696768-1,696768-1,Species,USDA(Duke)
247,Rhus copallina,1,13.26,Rhus copallinum,Rhus copallinum,219750-2,219750-2,Species,USDA(Duke)
248,Ribes uva-crispa,1,,Ribes uva-crispa,Ribes uva-crispa,793052-1,793052-1,Species,USDA(Duke)
249,Ribes nigrum,1,,Ribes nigrum,Ribes nigrum,792873-1,792873-1,Species,USDA(Duke)
250,Robinia pseudoacacia,1,,Robinia pseudoacacia,Robinia pseudoacacia,30034699-2,30034699-2,Species,USDA(Duke)
251,Rosmarinus officinalis,2,,Salvia rosmarinus,Salvia rosmarinus,457138-1,457138-1,Species,USDA(Duke)
252,Rubia cordifolia,1,,Rubia cordifolia,Rubia cordifolia,765218-1,765218-1,Species,USDA(Duke)
253,Rubus sp.,1,,Rubus,,,30000199-2,Genus,USDA(Duke)
254,Rubus idaeus,1,,Rubus idaeus,Rubus idaeus,298089-2,298089-2,Species,USDA(Duke)
255,Rumex crispus,1,,Rumex crispus,Rumex crispus,224413-2,224413-2,Species,USDA(Duke)
256,Rumex acetosella,1,,Rumex acetosella,Rumex acetosella,224391-2,224391-2,Species,USDA(Duke)
257,Salvia triloba,1,3240.0,Salvia fruticosa,Salvia fruticosa,456249-1,456249-1,Species,USDA(Duke)
258,Salvia officinalis,2,52224.0,Salvia officinalis,Salvia officinalis,456833-1,456833-1,Species,USDA(Duke)
259,Sassafras albidum,2,11.98,Sassafras albidum,Sassafras albidum,468624-1,468624-1,Species,USDA(Duke)
260,Satureja montana,1,,Satureja montana,Satureja montana,457736-1,457736-1,Species,USDA(Duke)
261,Satureja hortensis,1,,Satureja hortensis,Satureja hortensis,457680-1,457680-1,Species,USDA(Duke)
262,Satureja douglasii,1,754.0,Micromeria douglasii,Micromeria douglasii,160336-2,160336-2,Species,USDA(Duke)
263,Scopolia carniolica,3,,Scopolia carniolica,Scopolia carniolica,817996-1,817996-1,Species,USDA(Duke)
264,Senna occidentalis,1,38000.0,Senna occidentalis,Senna occidentalis,1117728-2,1117728-2,Species,USDA(Duke)
265,Senna obtusifolia,1,40000.0,Senna obtusifolia,Senna obtusifolia,234560-2,234560-2,Species,USDA(Duke)
266,Sideritis scardica,1,,Sideritis scardica,Sideritis scardica,459087-1,459087-1,Species,USDA(Duke)
267,Sinomenium acutum,1,,Sinomenium acutum,Sinomenium acutum,581373-1,581373-1,Species,USDA(Duke)
268,Solanum tuberosum,3,,Solanum tuberosum,Solanum tuberosum,821337-1,821337-1,Species,USDA(Duke)
269,Solanum melongena,1,,Solanum melongena,Solanum melongena,820053-1,820053-1,Species,USDA(Duke)
270,Solanum mammosum,1,,Solanum mammosum,Solanum mammosum,285235-2,285235-2,Species,USDA(Duke)
271,Solanum dulcamara,1,,Solanum dulcamara,Solanum dulcamara,285213-2,285213-2,Species,USDA(Duke)
272,Sophora secundiflora,1,,Dermatophyllum secundiflorum,Dermatophyllum secundiflorum,77116898-1,77116898-1,Species,USDA(Duke)
273,Sophora japonica,1,,Styphnolobium japonicum,Styphnolobium japonicum,1119529-2,1119529-2,Species,USDA(Duke)
274,Sophora angustifolia,1,,Sophora flavescens var. flavescens,Sophora flavescens,518831-1,77213933-1,Variety,USDA(Duke)
275,Sorbus aucubaria,1,1234.0,,,,,,USDA(Duke)
276,Spartium junceum,1,12600.0,Spartium junceum,Spartium junceum,519057-1,519057-1,Species,USDA(Duke)
277,Spinacia oleracea,1,,Spinacia oleracea,Spinacia oleracea,167384-1,167384-1,Species,USDA(Duke)
278,Stellaria media,1,,Stellaria media,Stellaria media,159330-1,159330-1,Species,USDA(Duke)
279,Stephania glabra,1,,Stephania rotunda,Stephania rotunda,581482-1,581482-1,Species,USDA(Duke)
280,Stevia rebaudiana,1,,Stevia rebaudiana,Stevia rebaudiana,245468-2,245468-2,Species,USDA(Duke)
281,Strophanthus kombe,1,200000.0,Strophanthus kombe,Strophanthus kombe,81909-1,81909-1,Species,USDA(Duke)
282,Strophanthus gratus,2,,Strophanthus gratus,Strophanthus gratus,81895-1,81895-1,Species,USDA(Duke)
283,Strophanthus divaricatus,2,,Strophanthus divaricatus,Strophanthus divaricatus,81877-1,81877-1,Species,USDA(Duke)
284,Symphoricarpos orbiculatus,1,8.8,Symphoricarpos orbiculatus,Symphoricarpos orbiculatus,149465-1,149465-1,Species,USDA(Duke)
285,Tagetes lucida,1,,Tagetes lucida,Tagetes lucida,252121-1,252121-1,Species,USDA(Duke)
286,Tanacetum vulgare,1,,Tanacetum vulgare,Tanacetum vulgare,252568-1,252568-1,Species,USDA(Duke)
287,Taxus baccata,1,,Taxus baccata,Taxus baccata,306036-2,306036-2,Species,USDA(Duke)
288,Terminalia chebula,2,,Terminalia chebula,Terminalia chebula,171037-1,171037-1,Species,USDA(Duke)
289,Terminalia catappa,2,,Terminalia catappa,Terminalia catappa,171034-1,171034-1,Species,USDA(Duke)
290,Terminalia arjuna,2,,Terminalia arjuna,Terminalia arjuna,170962-1,170962-1,Species,USDA(Duke)
291,Teucrium polium,1,,Teucrium polium,Teucrium polium,460631-1,460631-1,Species,USDA(Duke)
292,Teucrium gnaphalodes,1,,Teucrium gnaphalodes,Teucrium gnaphalodes,460432-1,460432-1,Species,USDA(Duke)
293,Theobroma cacao,2,,Theobroma cacao,Theobroma cacao,320783-2,320783-2,Species,USDA(Duke)
294,Thespesia populnea,1,,Thespesia populnea,Thespesia populnea,564713-1,564713-1,Species,USDA(Duke)
295,Thevetia peruviana,2,,Cascabela thevetia,Cascabela thevetia,47927-2,47927-2,Species,USDA(Duke)
296,Thevetia neriifolia,2,,Cascabela thevetia,Cascabela thevetia,47927-2,47927-2,Species,USDA(Duke)
297,Thuja occidentalis,1,,Thuja occidentalis,Thuja occidentalis,263956-1,263956-1,Species,USDA(Duke)
298,Thymus orospedanus,1,2.0,Thymus orospedanus,Thymus orospedanus,461482-1,461482-1,Species,USDA(Duke)
299,Trifolium pratense,1,,Trifolium pratense,Trifolium pratense,523575-1,523575-1,Species,USDA(Duke)
300,Triticum aestivum,1,,Triticum aestivum,Triticum aestivum,332110-2,332110-2,Species,USDA(Duke)
301,Tsuga canadensis,1,,Tsuga canadensis,Tsuga canadensis,264005-1,264005-1,Species,USDA(Duke)
302,Ulex europaeus,1,,Ulex europaeus,Ulex europaeus,524298-1,524298-1,Species,USDA(Duke)
303,Umbellularia californica,2,31200.0,Umbellularia californica,Umbellularia californica,30189264-2,30189264-2,Species,USDA(Duke)
304,Uncaria tomentosa,1,,Uncaria tomentosa,Uncaria tomentosa,768322-1,768322-1,Species,USDA(Duke)
305,Uncaria guianensis,1,,Uncaria guianensis,Uncaria guianensis,768250-1,768250-1,Species,USDA(Duke)
306,Urtica dioica,1,,Urtica dioica,Urtica dioica,260630-2,260630-2,Species,USDA(Duke)
307,Vaccinium myrtillus,1,,Vaccinium myrtillus,Vaccinium myrtillus,30006039-2,30006039-2,Species,USDA(Duke)
308,Vaccinium macrocarpon,1,,Vaccinium macrocarpon,Vaccinium macrocarpon,261912-2,261912-2,Species,USDA(Duke)
309,Vaccinium corymbosum,1,330.0,Vaccinium corymbosum,Vaccinium corymbosum,261823-2,261823-2,Species,USDA(Duke)
310,Valeriana officinalis,1,,Valeriana officinalis,Valeriana officinalis,860012-1,860012-1,Species,USDA(Duke)
311,Valeriana jatamansi,1,,Valeriana jatamansi,Valeriana jatamansi,60458931-2,60458931-2,Species,USDA(Duke)
312,Vanilla planifolia,1,,Vanilla planifolia,Vanilla planifolia,262578-2,262578-2,Species,USDA(Duke)
313,Veratrum album,1,,Veratrum album,Veratrum album,30192264-2,30192264-2,Species,USDA(Duke)
314,Viburnum prunifolium,1,,Viburnum prunifolium,Viburnum prunifolium,326270-2,326270-2,Species,USDA(Duke)
315,Viburnum opulus,1,,Viburnum opulus,Viburnum opulus,326268-2,326268-2,Species,USDA(Duke)
316,Vicia faba,1,,Vicia faba,Vicia faba,524737-1,524737-1,Species,USDA(Duke)
317,Vigna unguiculata,1,4.8,Vigna unguiculata,Vigna unguiculata,1127257-2,1127257-2,Species,USDA(Duke)
318,Vitis vinifera,2,,Vitis vinifera,Vitis vinifera,30478388-2,30478388-2,Species,USDA(Duke)
319,Withania somnifera,1,,Withania somnifera,Withania somnifera,821709-1,821709-1,Species,USDA(Duke)
320,Xanthorhiza simplicissima,1,,Xanthorhiza simplicissima,Xanthorhiza simplicissima,715221-1,715221-1,Species,USDA(Duke)
321,Zanthoxylum clava-herculis,1,,Zanthoxylum clava-herculis,Zanthoxylum clava-herculis,775655-1,775655-1,Species,USDA(Duke)
322,Zanthoxylum americanum,1,,Zanthoxylum americanum,Zanthoxylum americanum,775568-1,775568-1,Species,USDA(Duke)
323,Zea mays,4,2.7,Zea mays,Zea mays,426810-1,426810-1,Species,USDA(Duke)
